id,value
07-01-2026 09:15||NIFTY27JAN2624100PE,0.1634301858049616
07-01-2026 09:15||NIFTY27JAN2625500CE,0.11374820694623367
07-01-2026 09:15||NIFTY27JAN2625800CE,0.10144203355323178
07-01-2026 09:20||NIFTY27JAN2624000PE,0.17205574065693777
07-01-2026 09:20||NIFTY27JAN2624200PE,0.15939917296259146
07-01-2026 09:20||NIFTY27JAN2624800PE,0.12860244777813307
07-01-2026 09:20||NIFTY27JAN2625000PE,0.11843115482424199
07-01-2026 09:20||NIFTY27JAN2625300CE,0.10052286861896369
07-01-2026 09:20||NIFTY27JAN2625400CE,0.10878341342424135
07-01-2026 09:20||NIFTY27JAN2625800CE,0.10879847490330263
07-01-2026 09:20||NIFTY27JAN2625900CE,0.10200114229940094
07-01-2026 09:25||NIFTY27JAN2624300PE,0.15448417444535048
07-01-2026 09:25||NIFTY27JAN2625100PE,0.11290799999999973
07-01-2026 09:25||NIFTY27JAN2625300CE,0.09548632876751788
07-01-2026 09:25||NIFTY27JAN2626500CE,0.08497733333333325
07-01-2026 09:30||NIFTY27JAN2623900PE,0.17586402941903911
07-01-2026 09:30||NIFTY27JAN2624300PE,0.15256418129288887
07-01-2026 09:30||NIFTY27JAN2625900CE,0.09945824866476789
07-01-2026 09:30||NIFTY27JAN2626400CE,0.08970196452355866
07-01-2026 09:35||NIFTY27JAN2623900PE,0.17614952802438977
07-01-2026 09:35||NIFTY27JAN2624600PE,0.1375311253551767
07-01-2026 09:35||NIFTY27JAN2625100PE,0.11124254999999976
07-01-2026 09:35||NIFTY27JAN2625900CE,0.1007774994324719
07-01-2026 09:35||NIFTY27JAN2626100CE,0.09650277062733631
07-01-2026 09:40||NIFTY27JAN2625100PE,0.11375254999999977
07-01-2026 09:40||NIFTY27JAN2625600CE,0.08446352132697708
07-01-2026 09:40||NIFTY27JAN2625800CE,0.08691187352791442
07-01-2026 09:40||NIFTY27JAN2625900CE,0.08401757069194878
07-01-2026 09:40||NIFTY27JAN2626200CE,0.08351834020345347
07-01-2026 09:45||NIFTY27JAN2625000PE,0.11555131590031277
07-01-2026 09:45||NIFTY27JAN2625200CE,0.1281348418249992
07-01-2026 09:45||NIFTY27JAN2625900CE,0.09817854507661102
07-01-2026 09:45||NIFTY27JAN2626400CE,0.08929714930449772
07-01-2026 09:50||NIFTY27JAN2623800PE,0.17946115961502604
07-01-2026 09:50||NIFTY27JAN2624500PE,0.1408121527286316
07-01-2026 09:50||NIFTY27JAN2624900PE,0.1211186519878269
07-01-2026 09:50||NIFTY27JAN2625200CE,0.13161484182499847
07-01-2026 09:50||NIFTY27JAN2625500CE,0.11350094087716123
07-01-2026 09:50||NIFTY27JAN2625600CE,0.10518381492097657
07-01-2026 09:50||NIFTY27JAN2626400CE,0.08813497873854981
07-01-2026 09:55||NIFTY27JAN2624300PE,0.15160713002115828
07-01-2026 09:55||NIFTY27JAN2624700PE,0.13022221895321937
07-01-2026 09:55||NIFTY27JAN2625000PE,0.11500113594588897
07-01-2026 09:55||NIFTY27JAN2625500CE,0.13248574024707516
07-01-2026 09:55||NIFTY27JAN2625800CE,0.1099426721317903
07-01-2026 09:55||NIFTY27JAN2625900CE,0.1062742909397344
07-01-2026 10:00||NIFTY27JAN2624600PE,0.1373708613929402
07-01-2026 10:00||NIFTY27JAN2625000PE,0.11716391220451257
07-01-2026 10:00||NIFTY27JAN2625900CE,0.098227855561145
07-01-2026 10:00||NIFTY27JAN2626100CE,0.09483414089702187
07-01-2026 10:00||NIFTY27JAN2626500CE,0.0880068552377657
07-01-2026 10:05||NIFTY27JAN2625200CE,0.056870000000003265
07-01-2026 10:05||NIFTY27JAN2625500CE,0.118283199480432
07-01-2026 10:05||NIFTY27JAN2626300CE,0.09387056242919523
07-01-2026 10:10||NIFTY27JAN2623800PE,0.18463563547360776
07-01-2026 10:10||NIFTY27JAN2623900PE,0.17779401352197832
07-01-2026 10:10||NIFTY27JAN2624200PE,0.16051536434890198
07-01-2026 10:10||NIFTY27JAN2625500CE,0.1055762478030288
07-01-2026 10:10||NIFTY27JAN2625600CE,0.10325133073487876
07-01-2026 10:10||NIFTY27JAN2625700CE,0.10687245424304943
07-01-2026 10:10||NIFTY27JAN2625900CE,0.10210825813801556
07-01-2026 10:10||NIFTY27JAN2626000CE,0.10100453207077192
07-01-2026 10:15||NIFTY27JAN2623900PE,0.1777217804071659
07-01-2026 10:15||NIFTY27JAN2625700CE,0.0928677288033803
07-01-2026 10:15||NIFTY27JAN2626100CE,0.08716322634951179
07-01-2026 10:15||NIFTY27JAN2626200CE,0.08613035729972755
07-01-2026 10:15||NIFTY27JAN2626500CE,0.08377194455046931
07-01-2026 10:20||NIFTY27JAN2624000PE,0.17333100344908334
07-01-2026 10:20||NIFTY27JAN2624200PE,0.16158930710753716
07-01-2026 10:20||NIFTY27JAN2624300PE,0.1556542145231331
07-01-2026 10:20||NIFTY27JAN2624500PE,0.1448337645145857
07-01-2026 10:20||NIFTY27JAN2625500CE,0.11787888817672673
07-01-2026 10:20||NIFTY27JAN2625700CE,0.1026174890640092
07-01-2026 10:20||NIFTY27JAN2626100CE,0.09063741960882099
07-01-2026 10:25||NIFTY27JAN2624000PE,0.1714584834357845
07-01-2026 10:25||NIFTY27JAN2624100PE,0.16608188849658373
07-01-2026 10:25||NIFTY27JAN2625600CE,0.095061241127338
07-01-2026 10:25||NIFTY27JAN2625700CE,0.09545939735418325
07-01-2026 10:25||NIFTY27JAN2626100CE,0.08954699407415878
07-01-2026 10:30||NIFTY27JAN2624200PE,0.15913417875325508
07-01-2026 10:30||NIFTY27JAN2625100PE,0.110512237648771
07-01-2026 10:30||NIFTY27JAN2625500CE,0.11992354100591576
07-01-2026 10:30||NIFTY27JAN2625600CE,0.11034575238826079
07-01-2026 10:30||NIFTY27JAN2626000CE,0.09651841115385155
07-01-2026 10:30||NIFTY27JAN2626200CE,0.09183667758045795
07-01-2026 10:30||NIFTY27JAN2626300CE,0.08979688598427817
07-01-2026 10:35||NIFTY27JAN2623800PE,0.18180617275720018
07-01-2026 10:35||NIFTY27JAN2624200PE,0.15888700163230662
07-01-2026 10:35||NIFTY27JAN2624500PE,0.14239763219227972
07-01-2026 10:35||NIFTY27JAN2625000PE,0.11615215071326986
07-01-2026 10:35||NIFTY27JAN2625400CE,0.12493202307605492
07-01-2026 10:35||NIFTY27JAN2625500CE,0.11927450102191109
07-01-2026 10:35||NIFTY27JAN2626100CE,0.09583376100006057
07-01-2026 10:35||NIFTY27JAN2626300CE,0.09101331761788468
07-01-2026 10:40||NIFTY27JAN2623900PE,0.1765422929449464
07-01-2026 10:40||NIFTY27JAN2624900PE,0.12242400445006446
07-01-2026 10:40||NIFTY27JAN2625100PE,0.11172192376899269
07-01-2026 10:40||NIFTY27JAN2625200CE,0.1364004827454364
07-01-2026 10:40||NIFTY27JAN2625400CE,0.11824174563227777
07-01-2026 10:40||NIFTY27JAN2625600CE,0.1058986909831137
07-01-2026 10:40||NIFTY27JAN2625800CE,0.10075133890019934
07-01-2026 10:40||NIFTY27JAN2626100CE,0.09300528789997552
07-01-2026 10:40||NIFTY27JAN2626300CE,0.08884473439769681
07-01-2026 10:45||NIFTY27JAN2624000PE,0.17190791500324545
07-01-2026 10:45||NIFTY27JAN2625100PE,0.11118192376899226
07-01-2026 10:45||NIFTY27JAN2625300CE,0.11818949038381305
07-01-2026 10:45||NIFTY27JAN2626000CE,0.0953288562376001
07-01-2026 10:45||NIFTY27JAN2626400CE,0.0871911427200884
07-01-2026 10:50||NIFTY27JAN2623900PE,0.17584887163400048
07-01-2026 10:50||NIFTY27JAN2624200PE,0.15972490063936323
07-01-2026 10:50||NIFTY27JAN2625600CE,0.11130431702060796
07-01-2026 10:50||NIFTY27JAN2625800CE,0.10291423322759156
07-01-2026 10:55||NIFTY27JAN2624300PE,0.15544080206886252
07-01-2026 10:55||NIFTY27JAN2624900PE,0.12382603613717699
07-01-2026 10:55||NIFTY27JAN2625500CE,0.10814450808777823
07-01-2026 11:00||NIFTY27JAN2624200PE,0.16050225874128488
07-01-2026 11:00||NIFTY27JAN2626500CE,0.08974421574155574
07-01-2026 11:05||NIFTY27JAN2624300PE,0.1562329876582377
07-01-2026 11:05||NIFTY27JAN2624600PE,0.14039676910371213
07-01-2026 11:05||NIFTY27JAN2624800PE,0.13016488347076877
07-01-2026 11:05||NIFTY27JAN2625200CE,0.033310000000003157
07-01-2026 11:05||NIFTY27JAN2626000CE,0.09553980223966085
07-01-2026 11:05||NIFTY27JAN2626200CE,0.0899297451518853
07-01-2026 11:10||NIFTY27JAN2624400PE,0.1494723575034053
07-01-2026 11:10||NIFTY27JAN2624800PE,0.12928969808789775
07-01-2026 11:10||NIFTY27JAN2625200CE,0.09117900000000381
07-01-2026 11:10||NIFTY27JAN2625500CE,0.11639061295158824
07-01-2026 11:10||NIFTY27JAN2625700CE,0.09920468371757939
07-01-2026 11:10||NIFTY27JAN2625900CE,0.09399291889739349
07-01-2026 11:10||NIFTY27JAN2626300CE,0.08688629422213594
07-01-2026 11:15||NIFTY27JAN2624000PE,0.17199010117530308
07-01-2026 11:15||NIFTY27JAN2624800PE,0.1276260800579539
07-01-2026 11:15||NIFTY27JAN2625400CE,0.12535315811306957
07-01-2026 11:15||NIFTY27JAN2626100CE,0.09556370455350782
07-01-2026 11:15||NIFTY27JAN2626300CE,0.09091309220490433
07-01-2026 11:20||NIFTY27JAN2623800PE,0.18172310015925083
07-01-2026 11:20||NIFTY27JAN2624200PE,0.15987018730249525
07-01-2026 11:20||NIFTY27JAN2624900PE,0.12256199278588233
07-01-2026 11:20||NIFTY27JAN2625300CE,0.11920555993935125
07-01-2026 11:20||NIFTY27JAN2625700CE,0.09753171355913443
07-01-2026 11:20||NIFTY27JAN2626000CE,0.0933387952862711
07-01-2026 11:25||NIFTY27JAN2623800PE,0.1809364334925839
07-01-2026 11:25||NIFTY27JAN2624400PE,0.1480301429111825
07-01-2026 11:25||NIFTY27JAN2624800PE,0.1268857335774979
07-01-2026 11:25||NIFTY27JAN2625300CE,0.12359526424749064
07-01-2026 11:25||NIFTY27JAN2625700CE,0.10167041737843524
07-01-2026 11:25||NIFTY27JAN2625800CE,0.10013273050306849
07-01-2026 11:25||NIFTY27JAN2625900CE,0.09868994186360701
07-01-2026 11:25||NIFTY27JAN2626000CE,0.09662359629591179
07-01-2026 11:25||NIFTY27JAN2626200CE,0.0910569863857806
07-01-2026 11:30||NIFTY27JAN2624300PE,0.1538098054026386
07-01-2026 11:30||NIFTY27JAN2624400PE,0.14865233854468735
07-01-2026 11:35||NIFTY27JAN2624900PE,0.12276455436654019
07-01-2026 11:35||NIFTY27JAN2626300CE,0.08736411615922124
07-01-2026 11:40||NIFTY27JAN2624000PE,0.17206498852009652
07-01-2026 11:40||NIFTY27JAN2624500PE,0.14303793827569453
07-01-2026 11:40||NIFTY27JAN2625200CE,0.11877925808499833
07-01-2026 11:40||NIFTY27JAN2625900CE,0.10000576153061623
07-01-2026 11:45||NIFTY27JAN2624000PE,0.1713594013079057
07-01-2026 11:45||NIFTY27JAN2625000PE,0.11573336884186779
07-01-2026 11:45||NIFTY27JAN2625500CE,0.11474186700505531
07-01-2026 11:45||NIFTY27JAN2625600CE,0.11272720788937811
07-01-2026 11:45||NIFTY27JAN2626400CE,0.08850434737190316
07-01-2026 11:50||NIFTY27JAN2624000PE,0.1712004581242014
07-01-2026 11:50||NIFTY27JAN2624600PE,0.13712497544348506
07-01-2026 11:50||NIFTY27JAN2625700CE,0.10104528794683164
07-01-2026 11:50||NIFTY27JAN2626400CE,0.08546743030929971
07-01-2026 11:55||NIFTY27JAN2623900PE,0.17497066548305068
07-01-2026 11:55||NIFTY27JAN2625200CE,0.16202456898014828
07-01-2026 11:55||NIFTY27JAN2625400CE,0.12995562472725472
07-01-2026 11:55||NIFTY27JAN2626100CE,0.09319391721152523
07-01-2026 11:55||NIFTY27JAN2626300CE,0.08901053393810833
07-01-2026 12:00||NIFTY27JAN2624300PE,0.1519931451611668
07-01-2026 12:00||NIFTY27JAN2624500PE,0.14132226685248034
07-01-2026 12:00||NIFTY27JAN2625500CE,0.10911763497034573
07-01-2026 12:00||NIFTY27JAN2625600CE,0.11242024744544003
07-01-2026 12:00||NIFTY27JAN2626400CE,0.08717541603027347
07-01-2026 12:05||NIFTY27JAN2624200PE,0.15766527673449135
07-01-2026 12:05||NIFTY27JAN2624300PE,0.15162943613480329
07-01-2026 12:05||NIFTY27JAN2625300CE,0.14045979596846406
07-01-2026 12:05||NIFTY27JAN2625900CE,0.10055245453590533
07-01-2026 12:05||NIFTY27JAN2626000CE,0.09871042600871693
07-01-2026 12:05||NIFTY27JAN2626300CE,0.09043123020866586
07-01-2026 12:05||NIFTY27JAN2626400CE,0.08870178270821495
07-01-2026 12:10||NIFTY27JAN2624000PE,0.1694623870584272
07-01-2026 12:10||NIFTY27JAN2625200CE,0.18184373214821525
07-01-2026 12:10||NIFTY27JAN2625600CE,0.11728028107468726
07-01-2026 12:10||NIFTY27JAN2626500CE,0.08867207989684478
07-01-2026 12:15||NIFTY27JAN2624300PE,0.15114193446322294
07-01-2026 12:15||NIFTY27JAN2625000PE,0.11390047772799054
07-01-2026 12:15||NIFTY27JAN2625100PE,0.10817880225788197
07-01-2026 12:15||NIFTY27JAN2625300CE,0.14734773133197931
07-01-2026 12:15||NIFTY27JAN2625500CE,0.11832143783125133
07-01-2026 12:15||NIFTY27JAN2625600CE,0.1180136295280675
07-01-2026 12:20||NIFTY27JAN2624000PE,0.1691239481053817
07-01-2026 12:20||NIFTY27JAN2624400PE,0.14559571116670741
07-01-2026 12:20||NIFTY27JAN2625100PE,0.11006880225788214
07-01-2026 12:20||NIFTY27JAN2626100CE,0.09574918870697427
07-01-2026 12:25||NIFTY27JAN2624400PE,0.14580830878721637
07-01-2026 12:25||NIFTY27JAN2624600PE,0.13568448567543392
07-01-2026 12:25||NIFTY27JAN2624700PE,0.13047463236293919
07-01-2026 12:25||NIFTY27JAN2625300CE,0.1367132742571767
07-01-2026 12:25||NIFTY27JAN2626300CE,0.09020411121966737
07-01-2026 12:30||NIFTY27JAN2623800PE,0.18020496750643686
07-01-2026 12:30||NIFTY27JAN2624000PE,0.16896816042186583
07-01-2026 12:30||NIFTY27JAN2624100PE,0.16303497920518523
07-01-2026 12:30||NIFTY27JAN2624500PE,0.14163369722282856
07-01-2026 12:30||NIFTY27JAN2624600PE,0.1359227220383196
07-01-2026 12:30||NIFTY27JAN2625200CE,0.14166043644939402
07-01-2026 12:30||NIFTY27JAN2626300CE,0.09154821093806759
07-01-2026 12:35||NIFTY27JAN2625100PE,0.10994092912065861
07-01-2026 12:35||NIFTY27JAN2625300CE,0.12987085502137044
07-01-2026 12:35||NIFTY27JAN2625400CE,0.12164037549443572
07-01-2026 12:35||NIFTY27JAN2626300CE,0.09123815849946232
07-01-2026 12:35||NIFTY27JAN2626500CE,0.08765718176237496
07-01-2026 12:40||NIFTY27JAN2625100PE,0.11083092912065845
07-01-2026 12:40||NIFTY27JAN2625700CE,0.09949295171662302
07-01-2026 12:45||NIFTY27JAN2623800PE,0.1772929588964999
07-01-2026 12:45||NIFTY27JAN2624000PE,0.16696870038264167
07-01-2026 12:45||NIFTY27JAN2624900PE,0.11943969516712806
07-01-2026 12:45||NIFTY27JAN2625000PE,0.11430386687518024
07-01-2026 12:45||NIFTY27JAN2625800CE,0.10259017498639356
07-01-2026 12:45||NIFTY27JAN2626400CE,0.08774119628105774
07-01-2026 12:50||NIFTY27JAN2624400PE,0.14534559597679042
07-01-2026 12:50||NIFTY27JAN2624700PE,0.12894826550962005
07-01-2026 12:50||NIFTY27JAN2625100PE,0.10827018747712892
07-01-2026 12:50||NIFTY27JAN2626300CE,0.09051667746093917
07-01-2026 12:55||NIFTY27JAN2623800PE,0.17916520918360845
07-01-2026 12:55||NIFTY27JAN2623900PE,0.17286548688527714
07-01-2026 12:55||NIFTY27JAN2625100PE,0.10793018747712936
07-01-2026 12:55||NIFTY27JAN2625200CE,0.12911561317587364
07-01-2026 12:55||NIFTY27JAN2625300CE,0.12345324677581129
07-01-2026 13:00||NIFTY27JAN2624000PE,0.16914065835750466
07-01-2026 13:00||NIFTY27JAN2624400PE,0.14593211809390555
07-01-2026 13:00||NIFTY27JAN2624600PE,0.1348008772085469
07-01-2026 13:00||NIFTY27JAN2625300CE,0.12811665328329916
07-01-2026 13:00||NIFTY27JAN2625800CE,0.1052947451106191
07-01-2026 13:05||NIFTY27JAN2623900PE,0.17391797574265308
07-01-2026 13:05||NIFTY27JAN2624700PE,0.12961114468638565
07-01-2026 13:05||NIFTY27JAN2625200CE,0.12296607865136835
07-01-2026 13:05||NIFTY27JAN2625400CE,0.11764937609458755
07-01-2026 13:05||NIFTY27JAN2626100CE,0.09355594197298193
07-01-2026 13:10||NIFTY27JAN2624400PE,0.14616588367286287
07-01-2026 13:10||NIFTY27JAN2624700PE,0.13006466379177148
07-01-2026 13:10||NIFTY27JAN2625400CE,0.11779365844147534
07-01-2026 13:10||NIFTY27JAN2625900CE,0.09666793785579866
07-01-2026 13:10||NIFTY27JAN2626400CE,0.08668735516431116
07-01-2026 13:15||NIFTY27JAN2624600PE,0.13495164588627212
07-01-2026 13:15||NIFTY27JAN2625400CE,0.11878422587580047
07-01-2026 13:15||NIFTY27JAN2625500CE,0.12006098334101814
07-01-2026 13:15||NIFTY27JAN2625700CE,0.10930509793975997
07-01-2026 13:15||NIFTY27JAN2625800CE,0.10422056320207532
07-01-2026 13:15||NIFTY27JAN2626400CE,0.08787599292216565
07-01-2026 13:20||NIFTY27JAN2624000PE,0.16818487896749598
07-01-2026 13:20||NIFTY27JAN2624500PE,0.1400102334318625
07-01-2026 13:20||NIFTY27JAN2624800PE,0.12484896425498104
07-01-2026 13:20||NIFTY27JAN2624900PE,0.1194616127907851
07-01-2026 13:20||NIFTY27JAN2625000PE,0.1142612967632113
07-01-2026 13:20||NIFTY27JAN2626300CE,0.0872010714652831
07-01-2026 13:25||NIFTY27JAN2624200PE,0.15523223691356486
07-01-2026 13:25||NIFTY27JAN2624600PE,0.13332702997225956
07-01-2026 13:25||NIFTY27JAN2624700PE,0.12796768844049453
07-01-2026 13:25||NIFTY27JAN2625100PE,0.10787914686756467
07-01-2026 13:25||NIFTY27JAN2626300CE,0.0884442082329847
07-01-2026 13:25||NIFTY27JAN2626400CE,0.08612736378718706
07-01-2026 13:25||NIFTY27JAN2626500CE,0.08463588668414838
07-01-2026 13:30||NIFTY27JAN2624000PE,0.16674544250530415
07-01-2026 13:30||NIFTY27JAN2624400PE,0.1440847900526242
07-01-2026 13:30||NIFTY27JAN2624600PE,0.13303473448923755
07-01-2026 13:30||NIFTY27JAN2624900PE,0.11753635341950537
07-01-2026 13:30||NIFTY27JAN2625300CE,0.1344005734106975
07-01-2026 13:30||NIFTY27JAN2625700CE,0.10823343938754601
07-01-2026 13:30||NIFTY27JAN2625800CE,0.10442681471986741
07-01-2026 13:30||NIFTY27JAN2626500CE,0.08732922001748193
07-01-2026 13:35||NIFTY27JAN2623900PE,0.17230378638954996
07-01-2026 13:35||NIFTY27JAN2624200PE,0.1553195485694003
07-01-2026 13:35||NIFTY27JAN2624300PE,0.1503019403638621
07-01-2026 13:35||NIFTY27JAN2625100PE,0.1070273258115728
07-01-2026 13:35||NIFTY27JAN2625200CE,0.16332249074016958
07-01-2026 13:35||NIFTY27JAN2625300CE,0.1453097907259458
07-01-2026 13:40||NIFTY27JAN2624300PE,0.14996339730795424
07-01-2026 13:40||NIFTY27JAN2625000PE,0.112776282911609
07-01-2026 13:40||NIFTY27JAN2625700CE,0.10913039578152336
07-01-2026 13:40||NIFTY27JAN2626100CE,0.09445196729320601
07-01-2026 13:45||NIFTY27JAN2623900PE,0.17194480524327366
07-01-2026 13:45||NIFTY27JAN2624200PE,0.15487520348201864
07-01-2026 13:45||NIFTY27JAN2624600PE,0.13268142124973867
07-01-2026 13:45||NIFTY27JAN2625200CE,0.1460532583906124
07-01-2026 13:45||NIFTY27JAN2625400CE,0.1365292617795913
07-01-2026 13:50||NIFTY27JAN2623800PE,0.17870182434430165
07-01-2026 13:50||NIFTY27JAN2623900PE,0.1719962198781852
07-01-2026 13:50||NIFTY27JAN2624100PE,0.1613390374922299
07-01-2026 13:55||NIFTY27JAN2624400PE,0.14393524778291383
07-01-2026 13:55||NIFTY27JAN2625100PE,0.10754536000560493
07-01-2026 13:55||NIFTY27JAN2625300CE,0.1310718630496165
07-01-2026 13:55||NIFTY27JAN2625800CE,0.10682872050787283
07-01-2026 13:55||NIFTY27JAN2626400CE,0.08943269494443626
07-01-2026 14:00||NIFTY27JAN2623800PE,0.17971965075968074
07-01-2026 14:00||NIFTY27JAN2623900PE,0.1726115528816901
07-01-2026 14:00||NIFTY27JAN2625400CE,0.1263638020961368
07-01-2026 14:00||NIFTY27JAN2625500CE,0.11264481266738108
07-01-2026 14:00||NIFTY27JAN2625900CE,0.10166476745967656
07-01-2026 14:00||NIFTY27JAN2626200CE,0.09277448320733127
07-01-2026 14:05||NIFTY27JAN2624000PE,0.16731668665379165
07-01-2026 14:05||NIFTY27JAN2624200PE,0.15591433599608287
07-01-2026 14:05||NIFTY27JAN2624400PE,0.14489483163382924
07-01-2026 14:05||NIFTY27JAN2625900CE,0.09887438667038662
07-01-2026 14:05||NIFTY27JAN2626000CE,0.09653774691899891
07-01-2026 14:05||NIFTY27JAN2626300CE,0.08876473285097614
07-01-2026 14:10||NIFTY27JAN2623800PE,0.17786096294546413
07-01-2026 14:10||NIFTY27JAN2624000PE,0.1676155929079575
07-01-2026 14:10||NIFTY27JAN2624700PE,0.12944826148662592
07-01-2026 14:10||NIFTY27JAN2626100CE,0.09155339295820222
07-01-2026 14:10||NIFTY27JAN2626200CE,0.08971058197844178
07-01-2026 14:10||NIFTY27JAN2626400CE,0.08626866721617636
07-01-2026 14:15||NIFTY27JAN2625200CE,0.12352281759397342
07-01-2026 14:15||NIFTY27JAN2625600CE,0.10468133859546136
07-01-2026 14:15||NIFTY27JAN2625900CE,0.09517022609209527
07-01-2026 14:15||NIFTY27JAN2626200CE,0.08916753617274614
07-01-2026 14:20||NIFTY27JAN2623800PE,0.17722310384292597
07-01-2026 14:20||NIFTY27JAN2624500PE,0.1395746662501857
07-01-2026 14:20||NIFTY27JAN2625400CE,0.120326629427065
07-01-2026 14:20||NIFTY27JAN2625700CE,0.10632765125316769
07-01-2026 14:20||NIFTY27JAN2626300CE,0.08806999651055203
07-01-2026 14:25||NIFTY27JAN2623900PE,0.1714425925935719
07-01-2026 14:25||NIFTY27JAN2625400CE,0.11980714561845922
07-01-2026 14:25||NIFTY27JAN2625700CE,0.10812683216340215
07-01-2026 14:25||NIFTY27JAN2625900CE,0.09849399362967204
07-01-2026 14:25||NIFTY27JAN2626300CE,0.0892592790359561
07-01-2026 14:30||NIFTY27JAN2624800PE,0.12420797297819283
07-01-2026 14:30||NIFTY27JAN2625100PE,0.10867252228444192
07-01-2026 14:30||NIFTY27JAN2625300CE,0.11695126919635389
07-01-2026 14:30||NIFTY27JAN2626300CE,0.08621838478287347
07-01-2026 14:35||NIFTY27JAN2624000PE,0.16733353144035043
07-01-2026 14:35||NIFTY27JAN2624100PE,0.16163876210595182
07-01-2026 14:35||NIFTY27JAN2624400PE,0.1450401546512778
07-01-2026 14:35||NIFTY27JAN2624700PE,0.12856070595764094
07-01-2026 14:35||NIFTY27JAN2625000PE,0.11299884691844911
07-01-2026 14:35||NIFTY27JAN2626400CE,0.08819091948354543
07-01-2026 14:35||NIFTY27JAN2626500CE,0.08660295158327581
07-01-2026 14:40||NIFTY27JAN2623800PE,0.17845170020785223
07-01-2026 14:40||NIFTY27JAN2624100PE,0.16279013852198718
07-01-2026 14:40||NIFTY27JAN2625100PE,0.10753158538327721
07-01-2026 14:40||NIFTY27JAN2625400CE,0.12173120926452603
07-01-2026 14:40||NIFTY27JAN2626200CE,0.09211888503918125
07-01-2026 14:45||NIFTY27JAN2623800PE,0.17959336687451838
07-01-2026 14:45||NIFTY27JAN2624000PE,0.1696402388426931
07-01-2026 14:45||NIFTY27JAN2624200PE,0.15845209270830996
07-01-2026 14:45||NIFTY27JAN2624500PE,0.14113043045378468
07-01-2026 14:45||NIFTY27JAN2624900PE,0.11954149657294252
07-01-2026 14:50||NIFTY27JAN2623900PE,0.17124236175382956
07-01-2026 14:50||NIFTY27JAN2624900PE,0.11863598980405773
07-01-2026 14:50||NIFTY27JAN2625600CE,0.11557913357820183
07-01-2026 14:50||NIFTY27JAN2626400CE,0.08879605239024124
07-01-2026 14:50||NIFTY27JAN2626500CE,0.08702729138988391
07-01-2026 14:55||NIFTY27JAN2624100PE,0.1641967411963527
07-01-2026 14:55||NIFTY27JAN2624300PE,0.15220592531127022
07-01-2026 14:55||NIFTY27JAN2624600PE,0.13523917340559832
07-01-2026 14:55||NIFTY27JAN2625900CE,0.09741771635272481
07-01-2026 14:55||NIFTY27JAN2626300CE,0.08844690080332562
07-01-2026 15:00||NIFTY27JAN2623900PE,0.17280457014687636
07-01-2026 15:00||NIFTY27JAN2625100PE,0.10999650803209514
07-01-2026 15:00||NIFTY27JAN2625700CE,0.10169781005535013
07-01-2026 15:00||NIFTY27JAN2626000CE,0.09312071284614998
07-01-2026 15:00||NIFTY27JAN2626400CE,0.08572361590037511
07-01-2026 15:05||NIFTY27JAN2624200PE,0.15913293161558703
07-01-2026 15:05||NIFTY27JAN2624500PE,0.1421511016838824
07-01-2026 15:05||NIFTY27JAN2625400CE,0.11198499229529495
07-01-2026 15:05||NIFTY27JAN2626000CE,0.09280547068053213
07-01-2026 15:05||NIFTY27JAN2626400CE,0.08527546719020782
07-01-2026 15:10||NIFTY27JAN2623800PE,0.17886505089004695
07-01-2026 15:10||NIFTY27JAN2624000PE,0.1702945195557245
07-01-2026 15:10||NIFTY27JAN2624400PE,0.14882391518133262
07-01-2026 15:10||NIFTY27JAN2624500PE,0.1434617349675164
07-01-2026 15:10||NIFTY27JAN2626500CE,0.08489006140246494
07-01-2026 15:15||NIFTY27JAN2624200PE,0.16048846637356481
07-01-2026 15:15||NIFTY27JAN2624900PE,0.12219229976893253
07-01-2026 15:15||NIFTY27JAN2625100PE,0.11112896207105721
07-01-2026 15:15||NIFTY27JAN2625600CE,0.0920337748691932
07-01-2026 15:20||NIFTY27JAN2624100PE,0.16602619948112726
07-01-2026 15:20||NIFTY27JAN2625900CE,0.09171007373396294
07-01-2026 15:20||NIFTY27JAN2626300CE,0.08592398367808989
07-01-2026 15:25||NIFTY27JAN2624700PE,0.1311397697394608
07-01-2026 15:25||NIFTY27JAN2625500CE,0.10656052506052992
07-01-2026 15:25||NIFTY27JAN2626100CE,0.08941675534100094
07-01-2026 15:25||NIFTY27JAN2626400CE,0.08312273010264838
07-01-2026 15:25||NIFTY27JAN2626500CE,0.08148152275339705
08-01-2026 09:15||NIFTY27JAN2624100PE,0.16560712490264787
08-01-2026 09:15||NIFTY27JAN2624300PE,0.1526711986073207
08-01-2026 09:15||NIFTY27JAN2625100PE,0.10890190116945336
08-01-2026 09:15||NIFTY27JAN2625300CE,0.10615178386742204
08-01-2026 09:15||NIFTY27JAN2626300CE,0.08737192937037475
08-01-2026 09:20||NIFTY27JAN2623800PE,0.182946518429766
08-01-2026 09:20||NIFTY27JAN2624100PE,0.1663114290569148
08-01-2026 09:20||NIFTY27JAN2624800PE,0.12600209620148248
08-01-2026 09:20||NIFTY27JAN2624900PE,0.12080579426361039
08-01-2026 09:20||NIFTY27JAN2625300CE,0.09516857041929401
08-01-2026 09:20||NIFTY27JAN2625900CE,0.08582490760720628
08-01-2026 09:20||NIFTY27JAN2626000CE,0.0866732366369912
08-01-2026 09:20||NIFTY27JAN2626400CE,0.0817642292791267
08-01-2026 09:20||NIFTY27JAN2626500CE,0.08113063900835812
08-01-2026 09:25||NIFTY27JAN2623900PE,0.17668814790306359
08-01-2026 09:25||NIFTY27JAN2624100PE,0.16568925950083951
08-01-2026 09:25||NIFTY27JAN2624200PE,0.15875126153135613
08-01-2026 09:25||NIFTY27JAN2625300CE,0.11094092682762098
08-01-2026 09:25||NIFTY27JAN2626200CE,0.08382991076753205
08-01-2026 09:25||NIFTY27JAN2626400CE,0.08292224086376422
08-01-2026 09:30||NIFTY27JAN2624100PE,0.16361060756173154
08-01-2026 09:30||NIFTY27JAN2624700PE,0.12853043166239334
08-01-2026 09:30||NIFTY27JAN2624800PE,0.12373331883120184
08-01-2026 09:30||NIFTY27JAN2624900PE,0.11855904135529434
08-01-2026 09:30||NIFTY27JAN2625000PE,0.11329433273929448
08-01-2026 09:30||NIFTY27JAN2626200CE,0.08773780790050562
08-01-2026 09:30||NIFTY27JAN2626300CE,0.08656449141341868
08-01-2026 09:35||NIFTY27JAN2623900PE,0.1727875432319868
08-01-2026 09:35||NIFTY27JAN2624100PE,0.16303943960346326
08-01-2026 09:35||NIFTY27JAN2624400PE,0.14439086584017014
08-01-2026 09:35||NIFTY27JAN2625300CE,0.1345582684215393
08-01-2026 09:35||NIFTY27JAN2625400CE,0.12464095253199184
08-01-2026 09:35||NIFTY27JAN2626100CE,0.09561163754540046
08-01-2026 09:35||NIFTY27JAN2626200CE,0.09324081848760574
08-01-2026 09:35||NIFTY27JAN2626500CE,0.08802604898263428
08-01-2026 09:40||NIFTY27JAN2623800PE,0.1813808003347626
08-01-2026 09:40||NIFTY27JAN2624800PE,0.12572032011439804
08-01-2026 09:40||NIFTY27JAN2624900PE,0.12025997272065929
08-01-2026 09:40||NIFTY27JAN2625000PE,0.11505926635650457
08-01-2026 09:40||NIFTY27JAN2625200CE,0.03389547394452333
08-01-2026 09:40||NIFTY27JAN2625700CE,0.0977048629281619
08-01-2026 09:40||NIFTY27JAN2626200CE,0.08592271958737402
08-01-2026 09:40||NIFTY27JAN2626400CE,0.08444132510889518
08-01-2026 09:45||NIFTY27JAN2624200PE,0.1590837934102061
08-01-2026 09:45||NIFTY27JAN2624600PE,0.13508016902758274
08-01-2026 09:45||NIFTY27JAN2625400CE,0.10439525204694892
08-01-2026 09:45||NIFTY27JAN2625900CE,0.09248418721535022
08-01-2026 09:45||NIFTY27JAN2626500CE,0.08518933589596983
08-01-2026 09:50||NIFTY27JAN2624400PE,0.14505046902809451
08-01-2026 09:50||NIFTY27JAN2625100PE,0.10932540733177186
08-01-2026 09:50||NIFTY27JAN2625500CE,0.1236857481274103
08-01-2026 09:50||NIFTY27JAN2625600CE,0.1089875765652657
08-01-2026 09:50||NIFTY27JAN2626400CE,0.08900830433914174
08-01-2026 09:55||NIFTY27JAN2624200PE,0.1600046691043269
08-01-2026 09:55||NIFTY27JAN2624600PE,0.13691894467521767
08-01-2026 09:55||NIFTY27JAN2625000PE,0.1159783726528152
08-01-2026 09:55||NIFTY27JAN2625100PE,0.11064540733177207
08-01-2026 09:55||NIFTY27JAN2625300CE,0.10799804531909139
08-01-2026 09:55||NIFTY27JAN2626000CE,0.09058587551957008
08-01-2026 09:55||NIFTY27JAN2626200CE,0.08697445400849682
08-01-2026 10:00||NIFTY27JAN2624600PE,0.13619573056580678
08-01-2026 10:00||NIFTY27JAN2625900CE,0.08855479572924903
08-01-2026 10:00||NIFTY27JAN2626100CE,0.08565228667854578
08-01-2026 10:00||NIFTY27JAN2626200CE,0.08455821327898208
08-01-2026 10:05||NIFTY27JAN2624800PE,0.12535697117572223
08-01-2026 10:05||NIFTY27JAN2625500CE,0.10368553863288896
08-01-2026 10:05||NIFTY27JAN2625800CE,0.09100977253103708
08-01-2026 10:05||NIFTY27JAN2626000CE,0.08756595403125178
08-01-2026 10:05||NIFTY27JAN2626500CE,0.08334805762258772
08-01-2026 10:10||NIFTY27JAN2624100PE,0.16389627510068322
08-01-2026 10:10||NIFTY27JAN2625000PE,0.1126550567265282
08-01-2026 10:10||NIFTY27JAN2625100PE,0.10666258728891022
08-01-2026 10:10||NIFTY27JAN2625200CE,0.1636656534605143
08-01-2026 10:10||NIFTY27JAN2625600CE,0.10531255104460062
08-01-2026 10:10||NIFTY27JAN2625800CE,0.10023064377326478
08-01-2026 10:10||NIFTY27JAN2626400CE,0.08635875605884179
08-01-2026 10:15||NIFTY27JAN2625100PE,0.10903258728890976
08-01-2026 10:15||NIFTY27JAN2625700CE,0.09301196280977726
08-01-2026 10:15||NIFTY27JAN2625800CE,0.0895314843481954
08-01-2026 10:15||NIFTY27JAN2626500CE,0.08294281872430977
08-01-2026 10:20||NIFTY27JAN2625200CE,0.10981692806750668
08-01-2026 10:20||NIFTY27JAN2626400CE,0.08646893151884745
08-01-2026 10:25||NIFTY27JAN2623900PE,0.1729578433321276
08-01-2026 10:25||NIFTY27JAN2624000PE,0.16936627714756022
08-01-2026 10:25||NIFTY27JAN2624400PE,0.14496214761346893
08-01-2026 10:25||NIFTY27JAN2624800PE,0.12374812814038548
08-01-2026 10:25||NIFTY27JAN2625000PE,0.11306731462696708
08-01-2026 10:25||NIFTY27JAN2625100PE,0.10736556929675065
08-01-2026 10:25||NIFTY27JAN2625200CE,0.12051692806750594
08-01-2026 10:25||NIFTY27JAN2625500CE,0.11210901662928406
08-01-2026 10:25||NIFTY27JAN2625600CE,0.10430336910621761
08-01-2026 10:25||NIFTY27JAN2625700CE,0.10491403702529858
08-01-2026 10:25||NIFTY27JAN2626100CE,0.0920568346925089
08-01-2026 10:25||NIFTY27JAN2626500CE,0.0866095259094236
08-01-2026 10:30||NIFTY27JAN2623800PE,0.17918713021577998
08-01-2026 10:30||NIFTY27JAN2624000PE,0.1697282933949885
08-01-2026 10:30||NIFTY27JAN2624400PE,0.1452934295981686
08-01-2026 10:30||NIFTY27JAN2624500PE,0.1407356435970827
08-01-2026 10:30||NIFTY27JAN2626000CE,0.09475867054752915
08-01-2026 10:30||NIFTY27JAN2626400CE,0.08753348958433328
08-01-2026 10:30||NIFTY27JAN2626500CE,0.08614952590942347
08-01-2026 10:35||NIFTY27JAN2624000PE,0.17053312776587068
08-01-2026 10:35||NIFTY27JAN2624200PE,0.15813864925224816
08-01-2026 10:35||NIFTY27JAN2625800CE,0.09446526438585372
08-01-2026 10:35||NIFTY27JAN2626300CE,0.08670666261195267
08-01-2026 10:35||NIFTY27JAN2626500CE,0.08512857352847096
08-01-2026 10:40||NIFTY27JAN2624000PE,0.16826505670697642
08-01-2026 10:40||NIFTY27JAN2624300PE,0.1506547003121568
08-01-2026 10:40||NIFTY27JAN2625000PE,0.1128767791757215
08-01-2026 10:40||NIFTY27JAN2625500CE,0.11455616806157229
08-01-2026 10:40||NIFTY27JAN2625900CE,0.09560599897157726
08-01-2026 10:40||NIFTY27JAN2626100CE,0.09182239180909892
08-01-2026 10:40||NIFTY27JAN2626300CE,0.08842038183082387
08-01-2026 10:40||NIFTY27JAN2626400CE,0.08742477052550536
08-01-2026 10:45||NIFTY27JAN2623900PE,0.17240246611363108
08-01-2026 10:45||NIFTY27JAN2624200PE,0.15713398677266557
08-01-2026 10:45||NIFTY27JAN2625200CE,0.12748787282442112
08-01-2026 10:45||NIFTY27JAN2625300CE,0.12677799768284495
08-01-2026 10:45||NIFTY27JAN2625600CE,0.10237979402940378
08-01-2026 10:45||NIFTY27JAN2626400CE,0.08645803845595075
08-01-2026 10:45||NIFTY27JAN2626500CE,0.08582122663221631
08-01-2026 10:50||NIFTY27JAN2623900PE,0.17199126495049633
08-01-2026 10:50||NIFTY27JAN2625500CE,0.1029970079356233
08-01-2026 10:50||NIFTY27JAN2625800CE,0.09484917353072375
08-01-2026 10:50||NIFTY27JAN2626100CE,0.09060989381378805
08-01-2026 10:50||NIFTY27JAN2626500CE,0.08592289329888297
08-01-2026 10:55||NIFTY27JAN2624000PE,0.16773545639266602
08-01-2026 10:55||NIFTY27JAN2624700PE,0.12866787412063851
08-01-2026 10:55||NIFTY27JAN2624800PE,0.12335397118514864
08-01-2026 10:55||NIFTY27JAN2625100PE,0.10975691141764012
08-01-2026 10:55||NIFTY27JAN2625400CE,0.11648912300154574
08-01-2026 10:55||NIFTY27JAN2625600CE,0.1012452814624539
08-01-2026 11:00||NIFTY27JAN2623800PE,0.17972645084564567
08-01-2026 11:00||NIFTY27JAN2623900PE,0.17301158506689499
08-01-2026 11:00||NIFTY27JAN2624000PE,0.16853820444633455
08-01-2026 11:00||NIFTY27JAN2624300PE,0.1505083354435832
08-01-2026 11:00||NIFTY27JAN2624600PE,0.13416993390836984
08-01-2026 11:00||NIFTY27JAN2625000PE,0.1144895923113924
08-01-2026 11:00||NIFTY27JAN2625100PE,0.10848691141764034
08-01-2026 11:00||NIFTY27JAN2626200CE,0.09023469400160347
08-01-2026 11:00||NIFTY27JAN2626500CE,0.08711653921339013
08-01-2026 11:05||NIFTY27JAN2623800PE,0.18253168894088492
08-01-2026 11:05||NIFTY27JAN2624200PE,0.1555536517102227
08-01-2026 11:05||NIFTY27JAN2624400PE,0.1440414717742229
08-01-2026 11:05||NIFTY27JAN2624800PE,0.12436849710432155
08-01-2026 11:05||NIFTY27JAN2625400CE,0.11761757267767545
08-01-2026 11:05||NIFTY27JAN2626000CE,0.09487084191135228
08-01-2026 11:05||NIFTY27JAN2626200CE,0.09092166360074486
08-01-2026 11:05||NIFTY27JAN2626300CE,0.08934412694537558
08-01-2026 11:10||NIFTY27JAN2624000PE,0.1674212922852718
08-01-2026 11:10||NIFTY27JAN2624200PE,0.15545346375437383
08-01-2026 11:10||NIFTY27JAN2624400PE,0.1443069058751041
08-01-2026 11:10||NIFTY27JAN2624600PE,0.13520935897785877
08-01-2026 11:10||NIFTY27JAN2624700PE,0.12992329338856348
08-01-2026 11:10||NIFTY27JAN2625200CE,0.14146930957641474
08-01-2026 11:10||NIFTY27JAN2625600CE,0.10219481977795428
08-01-2026 11:10||NIFTY27JAN2625900CE,0.09513419975312598
08-01-2026 11:10||NIFTY27JAN2626000CE,0.09385930103656012
08-01-2026 11:15||NIFTY27JAN2624100PE,0.1652310129318216
08-01-2026 11:15||NIFTY27JAN2624200PE,0.1584704248051831
08-01-2026 11:15||NIFTY27JAN2624900PE,0.1207869460047921
08-01-2026 11:15||NIFTY27JAN2625200CE,0.1312193095764133
08-01-2026 11:15||NIFTY27JAN2626200CE,0.09023198051927254
08-01-2026 11:15||NIFTY27JAN2626400CE,0.08814587253856544
08-01-2026 11:20||NIFTY27JAN2624300PE,0.15425246648974575
08-01-2026 11:20||NIFTY27JAN2625700CE,0.09726038179580494
08-01-2026 11:20||NIFTY27JAN2626400CE,0.08865940783883698
08-01-2026 11:20||NIFTY27JAN2626500CE,0.08815714115034823
08-01-2026 11:25||NIFTY27JAN2623800PE,0.17772768348060689
08-01-2026 11:25||NIFTY27JAN2624300PE,0.15399162228608732
08-01-2026 11:25||NIFTY27JAN2624400PE,0.1470913691691484
08-01-2026 11:25||NIFTY27JAN2624700PE,0.13075227798110145
08-01-2026 11:25||NIFTY27JAN2625400CE,0.1248227241118168
08-01-2026 11:25||NIFTY27JAN2626200CE,0.09411414610634165
08-01-2026 11:30||NIFTY27JAN2623800PE,0.18033435014727286
08-01-2026 11:30||NIFTY27JAN2624100PE,0.16522996096722664
08-01-2026 11:30||NIFTY27JAN2624200PE,0.1591343912796916
08-01-2026 11:30||NIFTY27JAN2625200CE,0.1447580703606939
08-01-2026 11:30||NIFTY27JAN2625400CE,0.12758492729872292
08-01-2026 11:30||NIFTY27JAN2625500CE,0.12032447839484763
08-01-2026 11:30||NIFTY27JAN2625800CE,0.1018353125307904
08-01-2026 11:30||NIFTY27JAN2626000CE,0.09645341529278749
08-01-2026 11:30||NIFTY27JAN2626100CE,0.09450467309688275
08-01-2026 11:35||NIFTY27JAN2623800PE,0.1804993501472735
08-01-2026 11:35||NIFTY27JAN2624100PE,0.16421196968680662
08-01-2026 11:35||NIFTY27JAN2624400PE,0.1460151669411475
08-01-2026 11:35||NIFTY27JAN2624500PE,0.14085187122231602
08-01-2026 11:35||NIFTY27JAN2624700PE,0.12983874814110102
08-01-2026 11:35||NIFTY27JAN2624900PE,0.11933377380374334
08-01-2026 11:35||NIFTY27JAN2625200CE,0.1123814036940309
08-01-2026 11:35||NIFTY27JAN2625300CE,0.13307061298143072
08-01-2026 11:35||NIFTY27JAN2626500CE,0.09042985085830454
08-01-2026 11:40||NIFTY27JAN2624100PE,0.16542900762310964
08-01-2026 11:40||NIFTY27JAN2624200PE,0.15911066231195567
08-01-2026 11:40||NIFTY27JAN2624400PE,0.1468389658016053
08-01-2026 11:40||NIFTY27JAN2624900PE,0.12022790159529807
08-01-2026 11:40||NIFTY27JAN2625600CE,0.10323681230678233
08-01-2026 11:40||NIFTY27JAN2625800CE,0.0990583964095587
08-01-2026 11:45||NIFTY27JAN2624200PE,0.15823482606496872
08-01-2026 11:45||NIFTY27JAN2625500CE,0.10980333688145309
08-01-2026 11:45||NIFTY27JAN2625900CE,0.09509842209490575
08-01-2026 11:45||NIFTY27JAN2626100CE,0.09229292776230122
08-01-2026 11:50||NIFTY27JAN2623800PE,0.17823003528505668
08-01-2026 11:50||NIFTY27JAN2625700CE,0.10658797251406382
08-01-2026 11:50||NIFTY27JAN2625800CE,0.10223416516691372
08-01-2026 11:50||NIFTY27JAN2626500CE,0.0904203449083095
08-01-2026 11:55||NIFTY27JAN2624200PE,0.1589382849904884
08-01-2026 11:55||NIFTY27JAN2624700PE,0.1311220524476885
08-01-2026 11:55||NIFTY27JAN2625100PE,0.11234335980226683
08-01-2026 11:55||NIFTY27JAN2625400CE,0.10513311305605262
08-01-2026 11:55||NIFTY27JAN2625600CE,0.09946616915968046
08-01-2026 11:55||NIFTY27JAN2625800CE,0.09472898258598192
08-01-2026 12:00||NIFTY27JAN2624500PE,0.1420577921144099
08-01-2026 12:00||NIFTY27JAN2624700PE,0.13222639009528436
08-01-2026 12:00||NIFTY27JAN2625000PE,0.11796514989602395
08-01-2026 12:00||NIFTY27JAN2625500CE,0.10638234067683629
08-01-2026 12:00||NIFTY27JAN2626300CE,0.09165144062384369
08-01-2026 12:05||NIFTY27JAN2624000PE,0.1706789369108008
08-01-2026 12:05||NIFTY27JAN2624200PE,0.15613136790610463
08-01-2026 12:05||NIFTY27JAN2624500PE,0.1385762027045731
08-01-2026 12:05||NIFTY27JAN2624900PE,0.11937986946361151
08-01-2026 12:05||NIFTY27JAN2625300CE,0.13883000226342646
08-01-2026 12:05||NIFTY27JAN2625800CE,0.1092549344223576
08-01-2026 12:05||NIFTY27JAN2625900CE,0.10683014904335408
08-01-2026 12:05||NIFTY27JAN2626400CE,0.09752083806062968
08-01-2026 12:10||NIFTY27JAN2624000PE,0.17078791144821334
08-01-2026 12:10||NIFTY27JAN2624400PE,0.14586940040388327
08-01-2026 12:15||NIFTY27JAN2624100PE,0.1675709198687882
08-01-2026 12:15||NIFTY27JAN2624400PE,0.1494123324798525
08-01-2026 12:15||NIFTY27JAN2625200CE,0.12761670053644164
08-01-2026 12:15||NIFTY27JAN2625400CE,0.11586482468709883
08-01-2026 12:15||NIFTY27JAN2625500CE,0.11358872976839131
08-01-2026 12:15||NIFTY27JAN2625700CE,0.10500632827573902
08-01-2026 12:20||NIFTY27JAN2624800PE,0.12864834000282435
08-01-2026 12:20||NIFTY27JAN2625800CE,0.10414329334006747
08-01-2026 12:20||NIFTY27JAN2626300CE,0.09526684316873499
08-01-2026 12:25||NIFTY27JAN2624100PE,0.16921822064481876
08-01-2026 12:25||NIFTY27JAN2624400PE,0.152238302668205
08-01-2026 12:25||NIFTY27JAN2624900PE,0.12304762182140824
08-01-2026 12:25||NIFTY27JAN2625700CE,0.10715600896911318
08-01-2026 12:25||NIFTY27JAN2626000CE,0.09953295317774583
08-01-2026 12:30||NIFTY27JAN2624200PE,0.16445510238795433
08-01-2026 12:30||NIFTY27JAN2624300PE,0.1570724528113895
08-01-2026 12:30||NIFTY27JAN2625100PE,0.11505758538359759
08-01-2026 12:30||NIFTY27JAN2625700CE,0.10169792341240927
08-01-2026 12:30||NIFTY27JAN2626000CE,0.09628002353944368
08-01-2026 12:35||NIFTY27JAN2624800PE,0.1272729340777738
08-01-2026 12:35||NIFTY27JAN2625000PE,0.11703942434540163
08-01-2026 12:35||NIFTY27JAN2625400CE,0.1268618719686461
08-01-2026 12:35||NIFTY27JAN2625500CE,0.12202453247317174
08-01-2026 12:35||NIFTY27JAN2625800CE,0.10679180358408717
08-01-2026 12:35||NIFTY27JAN2626100CE,0.09996104089782451
08-01-2026 12:35||NIFTY27JAN2626200CE,0.09811299958942019
08-01-2026 12:40||NIFTY27JAN2624100PE,0.16810896228308092
08-01-2026 12:40||NIFTY27JAN2624400PE,0.15114185733796906
08-01-2026 12:40||NIFTY27JAN2624800PE,0.12715394669241226
08-01-2026 12:40||NIFTY27JAN2625000PE,0.11711062926963581
08-01-2026 12:40||NIFTY27JAN2625200CE,0.13623116641326005
08-01-2026 12:40||NIFTY27JAN2626000CE,0.10167495465164228
08-01-2026 12:45||NIFTY27JAN2624400PE,0.15157828613991856
08-01-2026 12:45||NIFTY27JAN2624600PE,0.13859978334489095
08-01-2026 12:45||NIFTY27JAN2625000PE,0.1181822110424893
08-01-2026 12:45||NIFTY27JAN2625300CE,0.12656843686965233
08-01-2026 12:45||NIFTY27JAN2625800CE,0.10342415926838788
08-01-2026 12:45||NIFTY27JAN2626200CE,0.09659243901370938
08-01-2026 12:45||NIFTY27JAN2626300CE,0.09503586992650599
08-01-2026 12:50||NIFTY27JAN2623800PE,0.18360753654254405
08-01-2026 12:50||NIFTY27JAN2624900PE,0.12222812719305376
08-01-2026 12:50||NIFTY27JAN2625600CE,0.1146609057716635
08-01-2026 12:50||NIFTY27JAN2626300CE,0.09692809225961592
08-01-2026 12:50||NIFTY27JAN2626400CE,0.09545862562446492
08-01-2026 12:55||NIFTY27JAN2624200PE,0.16240493180660992
08-01-2026 12:55||NIFTY27JAN2624300PE,0.1568240671581061
08-01-2026 12:55||NIFTY27JAN2624400PE,0.15004077347214428
08-01-2026 12:55||NIFTY27JAN2626100CE,0.09897795463571177
08-01-2026 13:00||NIFTY27JAN2624200PE,0.16185101456555798
08-01-2026 13:00||NIFTY27JAN2624500PE,0.1442433123796203
08-01-2026 13:00||NIFTY27JAN2624600PE,0.13792935392265931
08-01-2026 13:00||NIFTY27JAN2624700PE,0.13132952770466466
08-01-2026 13:00||NIFTY27JAN2625000PE,0.11691176266874698
08-01-2026 13:00||NIFTY27JAN2625100PE,0.11139820582831335
08-01-2026 13:00||NIFTY27JAN2625400CE,0.1259833965537605
08-01-2026 13:00||NIFTY27JAN2625800CE,0.10817597272093916
08-01-2026 13:05||NIFTY27JAN2623800PE,0.18580154226026152
08-01-2026 13:05||NIFTY27JAN2624600PE,0.13842843580758085
08-01-2026 13:05||NIFTY27JAN2625700CE,0.10654418833739739
08-01-2026 13:05||NIFTY27JAN2625800CE,0.10399289563367344
08-01-2026 13:05||NIFTY27JAN2626000CE,0.09997741331036193
08-01-2026 13:05||NIFTY27JAN2626100CE,0.09750271765298586
08-01-2026 13:05||NIFTY27JAN2626200CE,0.09578709674002828
08-01-2026 13:05||NIFTY27JAN2626300CE,0.09451131815471973
08-01-2026 13:10||NIFTY27JAN2624100PE,0.16809657283063795
08-01-2026 13:10||NIFTY27JAN2624900PE,0.12153337592785073
08-01-2026 13:10||NIFTY27JAN2625400CE,0.11909823127496585
08-01-2026 13:10||NIFTY27JAN2625700CE,0.10806652214066288
08-01-2026 13:10||NIFTY27JAN2625800CE,0.10550423703470425
08-01-2026 13:10||NIFTY27JAN2626100CE,0.09884213428211859
08-01-2026 13:10||NIFTY27JAN2626200CE,0.09713155179799604
08-01-2026 13:15||NIFTY27JAN2624300PE,0.1583163069605319
08-01-2026 13:15||NIFTY27JAN2625000PE,0.11719379452920183
08-01-2026 13:15||NIFTY27JAN2625900CE,0.10164843046591443
08-01-2026 13:15||NIFTY27JAN2626300CE,0.09442278054023125
08-01-2026 13:20||NIFTY27JAN2623800PE,0.18505997896417195
08-01-2026 13:20||NIFTY27JAN2624000PE,0.17453142513382824
08-01-2026 13:20||NIFTY27JAN2624400PE,0.1510926179806239
08-01-2026 13:20||NIFTY27JAN2625000PE,0.11692644142882304
08-01-2026 13:20||NIFTY27JAN2625300CE,0.13407855380692493
08-01-2026 13:20||NIFTY27JAN2625400CE,0.1201534177734428
08-01-2026 13:20||NIFTY27JAN2626200CE,0.09609726125297502
08-01-2026 13:25||NIFTY27JAN2624600PE,0.13902452129063553
08-01-2026 13:25||NIFTY27JAN2624900PE,0.12359334085169853
08-01-2026 13:25||NIFTY27JAN2625400CE,0.10936985423807333
08-01-2026 13:25||NIFTY27JAN2625500CE,0.11134963405741771
08-01-2026 13:25||NIFTY27JAN2625900CE,0.09815286084431607
08-01-2026 13:25||NIFTY27JAN2626000CE,0.09613486356858347
08-01-2026 13:25||NIFTY27JAN2626100CE,0.09533288637095001
08-01-2026 13:30||NIFTY27JAN2624300PE,0.15469587210426733
08-01-2026 13:30||NIFTY27JAN2624400PE,0.14882710769691357
08-01-2026 13:30||NIFTY27JAN2625600CE,0.11381046507822093
08-01-2026 13:30||NIFTY27JAN2625700CE,0.11214143293500975
08-01-2026 13:30||NIFTY27JAN2626100CE,0.10071992197284547
08-01-2026 13:30||NIFTY27JAN2626500CE,0.09516306251077987
08-01-2026 13:35||NIFTY27JAN2624600PE,0.13666009622371353
08-01-2026 13:35||NIFTY27JAN2624700PE,0.13004749712163619
08-01-2026 13:35||NIFTY27JAN2624800PE,0.12671395356569498
08-01-2026 13:35||NIFTY27JAN2624900PE,0.12081067680084734
08-01-2026 13:40||NIFTY27JAN2624100PE,0.16733958615816663
08-01-2026 13:40||NIFTY27JAN2624800PE,0.12551631185592044
08-01-2026 13:40||NIFTY27JAN2624900PE,0.11981711601439515
08-01-2026 13:40||NIFTY27JAN2625300CE,0.12255221815750747
08-01-2026 13:40||NIFTY27JAN2625600CE,0.11117931183408407
08-01-2026 13:40||NIFTY27JAN2625700CE,0.10921783679992134
08-01-2026 13:40||NIFTY27JAN2626000CE,0.10092523283675743
08-01-2026 13:40||NIFTY27JAN2626200CE,0.0975544087568114
08-01-2026 13:40||NIFTY27JAN2626300CE,0.0955864623058723
08-01-2026 13:45||NIFTY27JAN2624600PE,0.13630466355013654
08-01-2026 13:45||NIFTY27JAN2624700PE,0.12978440932970178
08-01-2026 13:45||NIFTY27JAN2625100PE,0.10967336983582125
08-01-2026 13:45||NIFTY27JAN2625600CE,0.11277783776702525
08-01-2026 13:45||NIFTY27JAN2625700CE,0.10990014261759593
08-01-2026 13:50||NIFTY27JAN2624600PE,0.13522046345442268
08-01-2026 13:50||NIFTY27JAN2625500CE,0.1185038325057275
08-01-2026 13:55||NIFTY27JAN2624200PE,0.1615609968700851
08-01-2026 13:55||NIFTY27JAN2624600PE,0.13550850697426758
08-01-2026 13:55||NIFTY27JAN2625000PE,0.11449714457089266
08-01-2026 13:55||NIFTY27JAN2625200CE,0.1446455497260332
08-01-2026 13:55||NIFTY27JAN2625700CE,0.10704105528718263
08-01-2026 14:00||NIFTY27JAN2623800PE,0.18733036059830366
08-01-2026 14:00||NIFTY27JAN2623900PE,0.17781384973490177
08-01-2026 14:00||NIFTY27JAN2625300CE,0.10921163350461219
08-01-2026 14:00||NIFTY27JAN2625400CE,0.10980483610085331
08-01-2026 14:00||NIFTY27JAN2625900CE,0.09881608332501178
08-01-2026 14:00||NIFTY27JAN2626000CE,0.09670146501781815
08-01-2026 14:00||NIFTY27JAN2626100CE,0.0947386982378134
08-01-2026 14:00||NIFTY27JAN2626200CE,0.09355267573653907
08-01-2026 14:00||NIFTY27JAN2626300CE,0.09203297469671727
08-01-2026 14:05||NIFTY27JAN2623900PE,0.1768800398674153
08-01-2026 14:05||NIFTY27JAN2624500PE,0.14246033446178646
08-01-2026 14:05||NIFTY27JAN2625300CE,0.11375443019089251
08-01-2026 14:05||NIFTY27JAN2626000CE,0.09633885536440775
08-01-2026 14:05||NIFTY27JAN2626200CE,0.09334967953184274
08-01-2026 14:05||NIFTY27JAN2626300CE,0.09164727739620075
08-01-2026 14:05||NIFTY27JAN2626500CE,0.09033500646657376
08-01-2026 14:10||NIFTY27JAN2624800PE,0.12492449151718596
08-01-2026 14:10||NIFTY27JAN2625000PE,0.11435236464790324
08-01-2026 14:10||NIFTY27JAN2625200CE,0.1188469239929975
08-01-2026 14:10||NIFTY27JAN2625300CE,0.12024055095827274
08-01-2026 14:10||NIFTY27JAN2625700CE,0.11084545717914648
08-01-2026 14:15||NIFTY27JAN2623800PE,0.18409320339728769
08-01-2026 14:15||NIFTY27JAN2624200PE,0.1605183713653446
08-01-2026 14:15||NIFTY27JAN2624300PE,0.15418494537831726
08-01-2026 14:15||NIFTY27JAN2625000PE,0.11348045064728976
08-01-2026 14:15||NIFTY27JAN2625200CE,0.12675692399299623
08-01-2026 14:15||NIFTY27JAN2625600CE,0.11320422821137362
08-01-2026 14:15||NIFTY27JAN2626100CE,0.09683230346430662
08-01-2026 14:15||NIFTY27JAN2626400CE,0.09198876979061976
08-01-2026 14:20||NIFTY27JAN2624500PE,0.14144763652389233
08-01-2026 14:20||NIFTY27JAN2625000PE,0.11366744108453022
08-01-2026 14:20||NIFTY27JAN2625700CE,0.10440442985471354
08-01-2026 14:20||NIFTY27JAN2626400CE,0.0893261141602334
08-01-2026 14:25||NIFTY27JAN2624600PE,0.1358504046946605
08-01-2026 14:25||NIFTY27JAN2624800PE,0.12514183804496626
08-01-2026 14:25||NIFTY27JAN2625200CE,0.12267712478060466
08-01-2026 14:25||NIFTY27JAN2625600CE,0.10448026727109234
08-01-2026 14:25||NIFTY27JAN2625900CE,0.09625682105148546
08-01-2026 14:25||NIFTY27JAN2626000CE,0.09529661949340132
08-01-2026 14:30||NIFTY27JAN2624500PE,0.14033958348601125
08-01-2026 14:30||NIFTY27JAN2626200CE,0.09847562876585353
08-01-2026 14:30||NIFTY27JAN2626400CE,0.092930124242001
08-01-2026 14:30||NIFTY27JAN2626500CE,0.09182467471282599
08-01-2026 14:35||NIFTY27JAN2624200PE,0.1605376805509139
08-01-2026 14:35||NIFTY27JAN2624800PE,0.12406481384852952
08-01-2026 14:35||NIFTY27JAN2625100PE,0.10879891060785253
08-01-2026 14:35||NIFTY27JAN2626100CE,0.0949827631642963
08-01-2026 14:40||NIFTY27JAN2624200PE,0.1598371864443048
08-01-2026 14:40||NIFTY27JAN2624600PE,0.13472953826061795
08-01-2026 14:40||NIFTY27JAN2625000PE,0.11323000317289728
08-01-2026 14:40||NIFTY27JAN2625300CE,0.11541438185583029
08-01-2026 14:40||NIFTY27JAN2625400CE,0.12039877130119553
08-01-2026 14:40||NIFTY27JAN2625500CE,0.11102715739101425
08-01-2026 14:40||NIFTY27JAN2626200CE,0.09333521377675355
08-01-2026 14:40||NIFTY27JAN2626300CE,0.09147276926903383
08-01-2026 14:45||NIFTY27JAN2624000PE,0.17062643765540206
08-01-2026 14:45||NIFTY27JAN2624700PE,0.12764810958975686
08-01-2026 14:45||NIFTY27JAN2625000PE,0.11256182427420308
08-01-2026 14:45||NIFTY27JAN2625300CE,0.11773385703220494
08-01-2026 14:45||NIFTY27JAN2625700CE,0.1067329783228359
08-01-2026 14:50||NIFTY27JAN2624100PE,0.16504112351066771
08-01-2026 14:50||NIFTY27JAN2624300PE,0.1539711313468381
08-01-2026 14:50||NIFTY27JAN2625100PE,0.10972243378511642
08-01-2026 14:50||NIFTY27JAN2625400CE,0.11660816043493469
08-01-2026 14:50||NIFTY27JAN2625500CE,0.10665513001617334
08-01-2026 14:50||NIFTY27JAN2626000CE,0.09364573985934779
08-01-2026 14:50||NIFTY27JAN2626200CE,0.0906652991017542
08-01-2026 14:55||NIFTY27JAN2626300CE,0.09083070467225411
08-01-2026 15:00||NIFTY27JAN2623900PE,0.17362206542969466
08-01-2026 15:00||NIFTY27JAN2624000PE,0.16915831763284428
08-01-2026 15:00||NIFTY27JAN2624900PE,0.11745351172745938
08-01-2026 15:00||NIFTY27JAN2625100PE,0.10821146304201233
08-01-2026 15:00||NIFTY27JAN2625200CE,0.13412600033546349
08-01-2026 15:00||NIFTY27JAN2625600CE,0.09649975435304932
08-01-2026 15:00||NIFTY27JAN2625700CE,0.0962107629879917
08-01-2026 15:00||NIFTY27JAN2626300CE,0.08849208727409046
08-01-2026 15:00||NIFTY27JAN2626400CE,0.08764764749213654
08-01-2026 15:05||NIFTY27JAN2624400PE,0.1425153305994842
08-01-2026 15:05||NIFTY27JAN2624800PE,0.12027671158950541
08-01-2026 15:05||NIFTY27JAN2624900PE,0.11442200223418336
08-01-2026 15:05||NIFTY27JAN2626000CE,0.09820341781886423
08-01-2026 15:05||NIFTY27JAN2626100CE,0.09596984940392664
08-01-2026 15:05||NIFTY27JAN2626200CE,0.09484165799818148
08-01-2026 15:10||NIFTY27JAN2624000PE,0.167667950872279
08-01-2026 15:10||NIFTY27JAN2624200PE,0.15528915469653773
08-01-2026 15:10||NIFTY27JAN2624600PE,0.13113535392644857
08-01-2026 15:10||NIFTY27JAN2625100PE,0.10579746221888368
08-01-2026 15:10||NIFTY27JAN2625700CE,0.10453923285710269
08-01-2026 15:10||NIFTY27JAN2626100CE,0.09470683289863016
08-01-2026 15:10||NIFTY27JAN2626300CE,0.09233951875928516
08-01-2026 15:10||NIFTY27JAN2626500CE,0.09108257052295458
08-01-2026 15:15||NIFTY27JAN2624800PE,0.12063699858585361
08-01-2026 15:15||NIFTY27JAN2625100PE,0.10589746221888367
08-01-2026 15:15||NIFTY27JAN2625500CE,0.1101504356060329
08-01-2026 15:15||NIFTY27JAN2626100CE,0.09404361851341361
08-01-2026 15:20||NIFTY27JAN2624000PE,0.16829150481569094
08-01-2026 15:20||NIFTY27JAN2624500PE,0.13697488072974978
08-01-2026 15:20||NIFTY27JAN2624800PE,0.12104814949683304
08-01-2026 15:20||NIFTY27JAN2625000PE,0.11111828304318079
08-01-2026 15:20||NIFTY27JAN2625600CE,0.10336383529345461
08-01-2026 15:20||NIFTY27JAN2626100CE,0.0926942394050713
08-01-2026 15:20||NIFTY27JAN2626400CE,0.08848378440120076
08-01-2026 15:20||NIFTY27JAN2626500CE,0.08857548345113789
08-01-2026 15:25||NIFTY27JAN2623800PE,0.18261700705229053
08-01-2026 15:25||NIFTY27JAN2624100PE,0.15973100292265452
08-01-2026 15:25||NIFTY27JAN2624300PE,0.14912609131799986
08-01-2026 15:25||NIFTY27JAN2624600PE,0.13200142777315532
08-01-2026 15:25||NIFTY27JAN2625100PE,0.10836444807155382
08-01-2026 15:25||NIFTY27JAN2625800CE,0.09558473680855997
08-01-2026 15:25||NIFTY27JAN2626100CE,0.09186028738028065
09-01-2026 09:15||NIFTY27JAN2624400PE,0.14568164632154545
09-01-2026 09:15||NIFTY27JAN2625000PE,0.11257100921187897
09-01-2026 09:15||NIFTY27JAN2625400CE,0.12287512852239371
09-01-2026 09:15||NIFTY27JAN2625500CE,0.12048287114663789
09-01-2026 09:15||NIFTY27JAN2625800CE,0.10692178542322708
09-01-2026 09:15||NIFTY27JAN2626300CE,0.09439106277964295
09-01-2026 09:20||NIFTY27JAN2624100PE,0.16425010914496835
09-01-2026 09:20||NIFTY27JAN2624200PE,0.15689302780078795
09-01-2026 09:20||NIFTY27JAN2624800PE,0.12524540949340268
09-01-2026 09:20||NIFTY27JAN2625000PE,0.11582883653784988
09-01-2026 09:20||NIFTY27JAN2625300CE,0.10897323712751827
09-01-2026 09:25||NIFTY27JAN2624100PE,0.16050412849351953
09-01-2026 09:25||NIFTY27JAN2625000PE,0.11225564564659436
09-01-2026 09:25||NIFTY27JAN2625400CE,0.11767874613903519
09-01-2026 09:25||NIFTY27JAN2626100CE,0.0939813159709728
09-01-2026 09:30||NIFTY27JAN2624300PE,0.14879528211760637
09-01-2026 09:30||NIFTY27JAN2624500PE,0.13735476796717597
09-01-2026 09:30||NIFTY27JAN2624600PE,0.13132189989469395
09-01-2026 09:30||NIFTY27JAN2625300CE,0.11311024129753035
09-01-2026 09:30||NIFTY27JAN2625400CE,0.11080326949868581
09-01-2026 09:30||NIFTY27JAN2626100CE,0.09305553019217026
09-01-2026 09:30||NIFTY27JAN2626400CE,0.09001488906204921
09-01-2026 09:35||NIFTY27JAN2624800PE,0.12025101005867506
09-01-2026 09:35||NIFTY27JAN2626000CE,0.0982491194166354
09-01-2026 09:35||NIFTY27JAN2626200CE,0.09466247213251576
09-01-2026 09:40||NIFTY27JAN2625500CE,0.13677527230287195
09-01-2026 09:40||NIFTY27JAN2625600CE,0.13031980299128829
09-01-2026 09:40||NIFTY27JAN2625700CE,0.12542677315343004
09-01-2026 09:40||NIFTY27JAN2625900CE,0.11462858542576722
09-01-2026 09:45||NIFTY27JAN2624000PE,0.16606868675169012
09-01-2026 09:45||NIFTY27JAN2624300PE,0.14744921004418815
09-01-2026 09:45||NIFTY27JAN2624400PE,0.14133763448923742
09-01-2026 09:45||NIFTY27JAN2624700PE,0.12304680640175952
09-01-2026 09:45||NIFTY27JAN2624900PE,0.11343364444737215
09-01-2026 09:45||NIFTY27JAN2625600CE,0.12363161185481938
09-01-2026 09:45||NIFTY27JAN2625900CE,0.10739373810636461
09-01-2026 09:50||NIFTY27JAN2624100PE,0.1595103922333689
09-01-2026 09:50||NIFTY27JAN2624400PE,0.14254768045433885
09-01-2026 09:50||NIFTY27JAN2624600PE,0.1301640731693203
09-01-2026 09:50||NIFTY27JAN2624700PE,0.12397562840814075
09-01-2026 09:50||NIFTY27JAN2624900PE,0.11448551103608352
09-01-2026 09:50||NIFTY27JAN2625300CE,0.14191391823356925
09-01-2026 09:50||NIFTY27JAN2625600CE,0.1187744623384944
09-01-2026 09:50||NIFTY27JAN2626000CE,0.10275446625707699
09-01-2026 09:50||NIFTY27JAN2626100CE,0.099916779664331
09-01-2026 09:50||NIFTY27JAN2626400CE,0.0940168576436801
09-01-2026 09:55||NIFTY27JAN2623800PE,0.17843516550521313
09-01-2026 09:55||NIFTY27JAN2624800PE,0.12074217132461358
09-01-2026 09:55||NIFTY27JAN2624900PE,0.11542420331675153
09-01-2026 09:55||NIFTY27JAN2625000PE,0.1113075829416659
09-01-2026 09:55||NIFTY27JAN2625200CE,0.1291226808097737
09-01-2026 10:00||NIFTY27JAN2624100PE,0.1620330705389377
09-01-2026 10:00||NIFTY27JAN2624300PE,0.15042678638326692
09-01-2026 10:00||NIFTY27JAN2625100PE,0.1095819014641428
09-01-2026 10:00||NIFTY27JAN2625500CE,0.10502593921893581
09-01-2026 10:00||NIFTY27JAN2626100CE,0.09268194216060606
09-01-2026 10:05||NIFTY27JAN2624500PE,0.13622190333144757
09-01-2026 10:05||NIFTY27JAN2624800PE,0.12003392470680094
09-01-2026 10:05||NIFTY27JAN2625600CE,0.12087564474661311
09-01-2026 10:05||NIFTY27JAN2626100CE,0.09891686415748231
09-01-2026 10:10||NIFTY27JAN2624400PE,0.14344345193987298
09-01-2026 10:10||NIFTY27JAN2626300CE,0.09103282260510161
09-01-2026 10:10||NIFTY27JAN2626400CE,0.08958826817029263
09-01-2026 10:15||NIFTY27JAN2625100PE,0.10793597468927936
09-01-2026 10:15||NIFTY27JAN2625600CE,0.10809115366990636
09-01-2026 10:15||NIFTY27JAN2626200CE,0.09265742442110624
09-01-2026 10:15||NIFTY27JAN2626300CE,0.09091055274532157
09-01-2026 10:20||NIFTY27JAN2623900PE,0.1726207933713314
09-01-2026 10:20||NIFTY27JAN2624000PE,0.16851350501116566
09-01-2026 10:20||NIFTY27JAN2625200CE,0.1499900165253305
09-01-2026 10:20||NIFTY27JAN2625700CE,0.11292672951594493
09-01-2026 10:25||NIFTY27JAN2624200PE,0.15511744859638102
09-01-2026 10:25||NIFTY27JAN2625000PE,0.110050101049895
09-01-2026 10:25||NIFTY27JAN2625600CE,0.12069466922904638
09-01-2026 10:25||NIFTY27JAN2626200CE,0.09731108760119951
09-01-2026 10:25||NIFTY27JAN2626500CE,0.09317429558478542
09-01-2026 10:30||NIFTY27JAN2624300PE,0.1503731187230231
09-01-2026 10:30||NIFTY27JAN2624900PE,0.11672669398812957
09-01-2026 10:35||NIFTY27JAN2624300PE,0.14948786131272002
09-01-2026 10:35||NIFTY27JAN2624800PE,0.1205227508399255
09-01-2026 10:35||NIFTY27JAN2626300CE,0.09159968224563639
09-01-2026 10:40||NIFTY27JAN2624000PE,0.16705238620156523
09-01-2026 10:40||NIFTY27JAN2624700PE,0.12411411336167262
09-01-2026 10:40||NIFTY27JAN2625000PE,0.1099751458094712
09-01-2026 10:40||NIFTY27JAN2625500CE,0.11575672179174638
09-01-2026 10:40||NIFTY27JAN2626000CE,0.09727927599727448
09-01-2026 10:40||NIFTY27JAN2626100CE,0.09529575090242831
09-01-2026 10:40||NIFTY27JAN2626400CE,0.09003239117421029
09-01-2026 10:40||NIFTY27JAN2626500CE,0.09087402191981159
09-01-2026 10:45||NIFTY27JAN2624400PE,0.1423106918797151
09-01-2026 10:45||NIFTY27JAN2625000PE,0.11011004260479283
09-01-2026 10:45||NIFTY27JAN2625200CE,0.13796442158461608
09-01-2026 10:45||NIFTY27JAN2625400CE,0.12081739695344985
09-01-2026 10:45||NIFTY27JAN2625500CE,0.11363096137361488
09-01-2026 10:45||NIFTY27JAN2626300CE,0.09096243172551086
09-01-2026 10:50||NIFTY27JAN2624100PE,0.16098633221112557
09-01-2026 10:50||NIFTY27JAN2625800CE,0.09519339970745594
09-01-2026 10:50||NIFTY27JAN2625900CE,0.09242602567758794
09-01-2026 10:50||NIFTY27JAN2626000CE,0.09151793586974155
09-01-2026 10:50||NIFTY27JAN2626400CE,0.08718285633153877
09-01-2026 10:50||NIFTY27JAN2626500CE,0.0891316143468494
09-01-2026 10:55||NIFTY27JAN2623800PE,0.17605277434295802
09-01-2026 10:55||NIFTY27JAN2624700PE,0.12345344009345174
09-01-2026 10:55||NIFTY27JAN2624900PE,0.11405052659138144
09-01-2026 10:55||NIFTY27JAN2626300CE,0.0917159023092588
09-01-2026 11:00||NIFTY27JAN2624900PE,0.11256311781488255
09-01-2026 11:00||NIFTY27JAN2625000PE,0.10864893156520287
09-01-2026 11:00||NIFTY27JAN2625200CE,0.1628477254285025
09-01-2026 11:00||NIFTY27JAN2625700CE,0.10073849646289036
09-01-2026 11:00||NIFTY27JAN2625800CE,0.09877773067934463
09-01-2026 11:05||NIFTY27JAN2624000PE,0.164334212354237
09-01-2026 11:05||NIFTY27JAN2624400PE,0.13870468437548308
09-01-2026 11:05||NIFTY27JAN2625100PE,0.1042358407929792
09-01-2026 11:05||NIFTY27JAN2625300CE,0.13134870147535951
09-01-2026 11:05||NIFTY27JAN2625500CE,0.11306806212477259
09-01-2026 11:05||NIFTY27JAN2625700CE,0.10533062582942622
09-01-2026 11:10||NIFTY27JAN2623900PE,0.16976077160606676
09-01-2026 11:10||NIFTY27JAN2624700PE,0.12291450883783629
09-01-2026 11:10||NIFTY27JAN2625100PE,0.1062858407929792
09-01-2026 11:10||NIFTY27JAN2625200CE,0.11701056059629751
09-01-2026 11:10||NIFTY27JAN2625500CE,0.1056098414228308
09-01-2026 11:10||NIFTY27JAN2625800CE,0.09508821750569924
09-01-2026 11:15||NIFTY27JAN2624200PE,0.15225533562631013
09-01-2026 11:15||NIFTY27JAN2624600PE,0.12799540381372118
09-01-2026 11:15||NIFTY27JAN2625700CE,0.10172350673379629
09-01-2026 11:15||NIFTY27JAN2626400CE,0.09087800282929039
09-01-2026 11:20||NIFTY27JAN2625200CE,0.13044928757393484
09-01-2026 11:20||NIFTY27JAN2625500CE,0.1100722310668796
09-01-2026 11:25||NIFTY27JAN2624600PE,0.12732937508584813
09-01-2026 11:25||NIFTY27JAN2625100PE,0.10312125126506934
09-01-2026 11:25||NIFTY27JAN2625600CE,0.10959725763695932
09-01-2026 11:30||NIFTY27JAN2624000PE,0.16348690768489466
09-01-2026 11:30||NIFTY27JAN2624100PE,0.15703417869071248
09-01-2026 11:30||NIFTY27JAN2624500PE,0.13447002202264952
09-01-2026 11:30||NIFTY27JAN2624600PE,0.12837320742080033
09-01-2026 11:30||NIFTY27JAN2624900PE,0.11276632009936427
09-01-2026 11:30||NIFTY27JAN2625000PE,0.10929680886583756
09-01-2026 11:30||NIFTY27JAN2625300CE,0.12339155591102137
09-01-2026 11:30||NIFTY27JAN2626200CE,0.09030442623284654
09-01-2026 11:35||NIFTY27JAN2624100PE,0.1571738113161603
09-01-2026 11:35||NIFTY27JAN2624600PE,0.12754423468023462
09-01-2026 11:35||NIFTY27JAN2625200CE,0.11880806656908593
09-01-2026 11:35||NIFTY27JAN2625300CE,0.1181575299291734
09-01-2026 11:35||NIFTY27JAN2625700CE,0.10054633504711422
09-01-2026 11:35||NIFTY27JAN2625800CE,0.0982423000074211
09-01-2026 11:40||NIFTY27JAN2624600PE,0.1275415797625658
09-01-2026 11:40||NIFTY27JAN2624700PE,0.1219097199825865
09-01-2026 11:40||NIFTY27JAN2625000PE,0.10912650828184176
09-01-2026 11:40||NIFTY27JAN2625300CE,0.11983849462515063
09-01-2026 11:40||NIFTY27JAN2625800CE,0.09770727858322606
09-01-2026 11:40||NIFTY27JAN2625900CE,0.09599344868055296
09-01-2026 11:45||NIFTY27JAN2625900CE,0.09667199412066266
09-01-2026 11:45||NIFTY27JAN2626000CE,0.09551864953734786
09-01-2026 11:45||NIFTY27JAN2626200CE,0.09348177275379116
09-01-2026 11:45||NIFTY27JAN2626500CE,0.09422524444538594
09-01-2026 11:50||NIFTY27JAN2625000PE,0.10908971108270472
09-01-2026 11:50||NIFTY27JAN2625200CE,0.11901901125006616
09-01-2026 11:50||NIFTY27JAN2625400CE,0.11242940877354621
09-01-2026 11:50||NIFTY27JAN2625500CE,0.1089513905913745
09-01-2026 11:50||NIFTY27JAN2626000CE,0.09688559629645895
09-01-2026 11:50||NIFTY27JAN2626500CE,0.09503191111205266
09-01-2026 11:55||NIFTY27JAN2624200PE,0.15280280800053173
09-01-2026 11:55||NIFTY27JAN2624300PE,0.1433840917411945
09-01-2026 11:55||NIFTY27JAN2624500PE,0.13239948595790885
09-01-2026 11:55||NIFTY27JAN2624900PE,0.11327483332917712
09-01-2026 11:55||NIFTY27JAN2625400CE,0.11441510694808518
09-01-2026 11:55||NIFTY27JAN2625600CE,0.10640941468669995
09-01-2026 11:55||NIFTY27JAN2625800CE,0.10033531421366719
09-01-2026 11:55||NIFTY27JAN2626300CE,0.09369108210932123
09-01-2026 12:00||NIFTY27JAN2623800PE,0.17223305278117984
09-01-2026 12:00||NIFTY27JAN2624400PE,0.1376319315329505
09-01-2026 12:00||NIFTY27JAN2624800PE,0.11577738553910866
09-01-2026 12:00||NIFTY27JAN2625600CE,0.11187622137163411
09-01-2026 12:00||NIFTY27JAN2625800CE,0.10404839572659812
09-01-2026 12:00||NIFTY27JAN2626300CE,0.09524667429086034
09-01-2026 12:05||NIFTY27JAN2624600PE,0.12768992938236728
09-01-2026 12:05||NIFTY27JAN2625500CE,0.10862155247544317
09-01-2026 12:05||NIFTY27JAN2626000CE,0.09568589897930094
09-01-2026 12:05||NIFTY27JAN2626500CE,0.09512566682070128
09-01-2026 12:10||NIFTY27JAN2624200PE,0.15314562046472904
09-01-2026 12:10||NIFTY27JAN2624300PE,0.14446466941622566
09-01-2026 12:10||NIFTY27JAN2625500CE,0.1058117957454782
09-01-2026 12:10||NIFTY27JAN2625900CE,0.0958906385217357
09-01-2026 12:10||NIFTY27JAN2626300CE,0.09334708107099614
09-01-2026 12:15||NIFTY27JAN2623800PE,0.17577462027417842
09-01-2026 12:15||NIFTY27JAN2624100PE,0.15706531686751798
09-01-2026 12:15||NIFTY27JAN2624200PE,0.1506236699739463
09-01-2026 12:15||NIFTY27JAN2624300PE,0.14259462694611041
09-01-2026 12:15||NIFTY27JAN2625400CE,0.11038616960771822
09-01-2026 12:15||NIFTY27JAN2625500CE,0.10775249418673974
09-01-2026 12:15||NIFTY27JAN2625800CE,0.09889823477917115
09-01-2026 12:15||NIFTY27JAN2625900CE,0.09644476585098789
09-01-2026 12:15||NIFTY27JAN2626200CE,0.09265466907307228
09-01-2026 12:15||NIFTY27JAN2626300CE,0.09079486254294504
09-01-2026 12:15||NIFTY27JAN2626400CE,0.0884354091768713
09-01-2026 12:15||NIFTY27JAN2626500CE,0.08913291038102746
09-01-2026 12:20||NIFTY27JAN2624000PE,0.1634250721752885
09-01-2026 12:20||NIFTY27JAN2624700PE,0.12003934439207936
09-01-2026 12:20||NIFTY27JAN2624800PE,0.1167085834856727
09-01-2026 12:20||NIFTY27JAN2625000PE,0.10797082532172846
09-01-2026 12:25||NIFTY27JAN2624200PE,0.15090487285455798
09-01-2026 12:25||NIFTY27JAN2624400PE,0.13808488708622363
09-01-2026 12:25||NIFTY27JAN2624600PE,0.12678040541021685
09-01-2026 12:25||NIFTY27JAN2625000PE,0.10920305278914748
09-01-2026 12:30||NIFTY27JAN2623800PE,0.1703547616680194
09-01-2026 12:30||NIFTY27JAN2624400PE,0.13774886362036604
09-01-2026 12:30||NIFTY27JAN2624900PE,0.1120834681007645
09-01-2026 12:30||NIFTY27JAN2626400CE,0.09424702840997073
09-01-2026 12:35||NIFTY27JAN2624100PE,0.15865319049856977
09-01-2026 12:35||NIFTY27JAN2624300PE,0.14552255304570463
09-01-2026 12:35||NIFTY27JAN2624700PE,0.12321047132112352
09-01-2026 12:35||NIFTY27JAN2624900PE,0.1153865133096019
09-01-2026 12:35||NIFTY27JAN2625700CE,0.09788640817446306
09-01-2026 12:35||NIFTY27JAN2626400CE,0.09552887480437294
09-01-2026 12:40||NIFTY27JAN2624100PE,0.1581312770550969
09-01-2026 12:40||NIFTY27JAN2625800CE,0.09927244436917593
09-01-2026 12:40||NIFTY27JAN2626100CE,0.095901908101419
09-01-2026 12:45||NIFTY27JAN2623900PE,0.16919421105809268
09-01-2026 12:45||NIFTY27JAN2624100PE,0.15819964193308136
09-01-2026 12:45||NIFTY27JAN2624200PE,0.15203816318840757
09-01-2026 12:45||NIFTY27JAN2625100PE,0.1070865366082293
09-01-2026 12:45||NIFTY27JAN2625300CE,0.1053174712430691
09-01-2026 12:45||NIFTY27JAN2625800CE,0.09715120571326064
09-01-2026 12:45||NIFTY27JAN2625900CE,0.0955465465463057
09-01-2026 12:45||NIFTY27JAN2626000CE,0.09525810252751589
09-01-2026 12:45||NIFTY27JAN2626400CE,0.09794956294939366
09-01-2026 12:50||NIFTY27JAN2623800PE,0.17620201323243437
09-01-2026 12:50||NIFTY27JAN2624100PE,0.1553920978720338
09-01-2026 12:50||NIFTY27JAN2625300CE,0.12130349240362669
09-01-2026 12:50||NIFTY27JAN2625500CE,0.11102890102300858
09-01-2026 12:50||NIFTY27JAN2626200CE,0.09788159623394926
09-01-2026 12:55||NIFTY27JAN2624100PE,0.157465795758467
09-01-2026 12:55||NIFTY27JAN2624500PE,0.13319973252443182
09-01-2026 12:55||NIFTY27JAN2624800PE,0.11779969214924153
09-01-2026 12:55||NIFTY27JAN2625600CE,0.10441245726167496
09-01-2026 12:55||NIFTY27JAN2625700CE,0.1017596888086992
09-01-2026 13:00||NIFTY27JAN2624200PE,0.15117539631707358
09-01-2026 13:00||NIFTY27JAN2624900PE,0.11346337385549232
09-01-2026 13:00||NIFTY27JAN2625200CE,0.11923292119128855
09-01-2026 13:00||NIFTY27JAN2625600CE,0.1038710466238311
09-01-2026 13:00||NIFTY27JAN2625800CE,0.09965977994195878
09-01-2026 13:00||NIFTY27JAN2626400CE,0.09774719996742445
09-01-2026 13:05||NIFTY27JAN2623900PE,0.17027046245909122
09-01-2026 13:05||NIFTY27JAN2624100PE,0.15733503897123446
09-01-2026 13:05||NIFTY27JAN2624300PE,0.14533645429396397
09-01-2026 13:05||NIFTY27JAN2624400PE,0.13848637467124467
09-01-2026 13:05||NIFTY27JAN2624700PE,0.12128032150806581
09-01-2026 13:05||NIFTY27JAN2624800PE,0.11760001401185732
09-01-2026 13:05||NIFTY27JAN2624900PE,0.11241911501850821
09-01-2026 13:05||NIFTY27JAN2625000PE,0.10901190434238803
09-01-2026 13:05||NIFTY27JAN2626000CE,0.09821626874444174
09-01-2026 13:05||NIFTY27JAN2626400CE,0.09808227223945615
09-01-2026 13:05||NIFTY27JAN2626500CE,0.10074913062180268
09-01-2026 13:10||NIFTY27JAN2624000PE,0.16465830253911132
09-01-2026 13:10||NIFTY27JAN2624100PE,0.1571676599504992
09-01-2026 13:10||NIFTY27JAN2624300PE,0.14566323210590287
09-01-2026 13:10||NIFTY27JAN2625200CE,0.12203173136984219
09-01-2026 13:10||NIFTY27JAN2625900CE,0.09903592177734195
09-01-2026 13:10||NIFTY27JAN2626100CE,0.09701975297358661
09-01-2026 13:10||NIFTY27JAN2626400CE,0.0982600189247749
09-01-2026 13:15||NIFTY27JAN2624100PE,0.15734915129778348
09-01-2026 13:15||NIFTY27JAN2624400PE,0.13847697104963386
09-01-2026 13:15||NIFTY27JAN2625000PE,0.10913705423536722
09-01-2026 13:15||NIFTY27JAN2625300CE,0.115078894715575
09-01-2026 13:15||NIFTY27JAN2625700CE,0.10383830348751857
09-01-2026 13:15||NIFTY27JAN2625800CE,0.10172343516017902
09-01-2026 13:15||NIFTY27JAN2625900CE,0.09955658441162525
09-01-2026 13:15||NIFTY27JAN2626100CE,0.0975668311257834
09-01-2026 13:15||NIFTY27JAN2626200CE,0.09759259896166146
09-01-2026 13:20||NIFTY27JAN2624100PE,0.1576401815980497
09-01-2026 13:20||NIFTY27JAN2625000PE,0.10917478202751628
09-01-2026 13:20||NIFTY27JAN2625200CE,0.12350741416803217
09-01-2026 13:20||NIFTY27JAN2625600CE,0.10368868840176391
09-01-2026 13:25||NIFTY27JAN2624500PE,0.13385525410863275
09-01-2026 13:25||NIFTY27JAN2625100PE,0.10703579751345026
09-01-2026 13:25||NIFTY27JAN2625300CE,0.11633341029872517
09-01-2026 13:25||NIFTY27JAN2626200CE,0.09695595203180246
09-01-2026 13:30||NIFTY27JAN2624300PE,0.14626229998337542
09-01-2026 13:30||NIFTY27JAN2624900PE,0.11473480527403485
09-01-2026 13:30||NIFTY27JAN2625900CE,0.09587909573365
09-01-2026 13:30||NIFTY27JAN2626400CE,0.09688674575766398
09-01-2026 13:35||NIFTY27JAN2623900PE,0.1684197067514665
09-01-2026 13:35||NIFTY27JAN2624100PE,0.15632930180864482
09-01-2026 13:35||NIFTY27JAN2624400PE,0.13894542654028602
09-01-2026 13:35||NIFTY27JAN2624600PE,0.12641819887384292
09-01-2026 13:35||NIFTY27JAN2625100PE,0.10586703347523954
09-01-2026 13:35||NIFTY27JAN2625300CE,0.12115133603227958
09-01-2026 13:35||NIFTY27JAN2625400CE,0.1157893104575317
09-01-2026 13:35||NIFTY27JAN2625900CE,0.10037432530352103
09-01-2026 13:35||NIFTY27JAN2626100CE,0.09803009789576607
09-01-2026 13:40||NIFTY27JAN2624500PE,0.13446714801184984
09-01-2026 13:40||NIFTY27JAN2624800PE,0.11937207939941694
09-01-2026 13:40||NIFTY27JAN2625100PE,0.10873703347523947
09-01-2026 13:40||NIFTY27JAN2625300CE,0.10627483714432363
09-01-2026 13:40||NIFTY27JAN2625500CE,0.10071590489751708
09-01-2026 13:40||NIFTY27JAN2626500CE,0.09936911454081267
09-01-2026 13:45||NIFTY27JAN2623900PE,0.16795259070946686
09-01-2026 13:45||NIFTY27JAN2624100PE,0.15557606223111767
09-01-2026 13:45||NIFTY27JAN2624300PE,0.14476136435050035
09-01-2026 13:45||NIFTY27JAN2624400PE,0.13825242230949228
09-01-2026 13:45||NIFTY27JAN2625200CE,0.11390463483748756
09-01-2026 13:45||NIFTY27JAN2626000CE,0.09687033910011142
09-01-2026 13:50||NIFTY27JAN2623800PE,0.17185186811431394
09-01-2026 13:50||NIFTY27JAN2624600PE,0.12732027336127455
09-01-2026 13:50||NIFTY27JAN2624700PE,0.1222110633232946
09-01-2026 13:50||NIFTY27JAN2625400CE,0.10944016907886699
09-01-2026 13:50||NIFTY27JAN2625800CE,0.09832812984811885
09-01-2026 13:50||NIFTY27JAN2626100CE,0.09570661991861114
09-01-2026 13:55||NIFTY27JAN2624000PE,0.16195768090388118
09-01-2026 13:55||NIFTY27JAN2625400CE,0.11472257605647528
09-01-2026 13:55||NIFTY27JAN2625500CE,0.11289542320759875
09-01-2026 13:55||NIFTY27JAN2626400CE,0.10097005291498422
09-01-2026 14:00||NIFTY27JAN2624200PE,0.15170313191565993
09-01-2026 14:00||NIFTY27JAN2624300PE,0.14546245349044606
09-01-2026 14:00||NIFTY27JAN2624400PE,0.1392580361631487
09-01-2026 14:00||NIFTY27JAN2625500CE,0.10543703795011088
09-01-2026 14:00||NIFTY27JAN2625800CE,0.09836814471433716
09-01-2026 14:00||NIFTY27JAN2626000CE,0.09630803315314519
09-01-2026 14:05||NIFTY27JAN2624100PE,0.1559673857770285
09-01-2026 14:05||NIFTY27JAN2624300PE,0.14467813796140994
09-01-2026 14:05||NIFTY27JAN2624400PE,0.13819007660962812
09-01-2026 14:05||NIFTY27JAN2625200CE,0.12656725559718732
09-01-2026 14:05||NIFTY27JAN2625400CE,0.11461468472801652
09-01-2026 14:10||NIFTY27JAN2624300PE,0.14442900878806353
09-01-2026 14:10||NIFTY27JAN2624700PE,0.12204273308507256
09-01-2026 14:10||NIFTY27JAN2625300CE,0.1126208605663923
09-01-2026 14:10||NIFTY27JAN2626300CE,0.0957181960452352
09-01-2026 14:10||NIFTY27JAN2626400CE,0.09525386705175132
09-01-2026 14:10||NIFTY27JAN2626500CE,0.09635260248506297
09-01-2026 14:15||NIFTY27JAN2625500CE,0.10518996268449936
09-01-2026 14:20||NIFTY27JAN2624100PE,0.15556266624100418
09-01-2026 14:20||NIFTY27JAN2624300PE,0.14402500140031033
09-01-2026 14:20||NIFTY27JAN2624400PE,0.1385603415252471
09-01-2026 14:20||NIFTY27JAN2625000PE,0.10956137143343267
09-01-2026 14:20||NIFTY27JAN2625200CE,0.11649449236241548
09-01-2026 14:20||NIFTY27JAN2625400CE,0.1083052113468513
09-01-2026 14:20||NIFTY27JAN2625900CE,0.09731790583054814
09-01-2026 14:25||NIFTY27JAN2624100PE,0.15672959351214494
09-01-2026 14:25||NIFTY27JAN2624200PE,0.15140436747482053
09-01-2026 14:25||NIFTY27JAN2624300PE,0.14428659045178022
09-01-2026 14:25||NIFTY27JAN2625100PE,0.10681927330717839
09-01-2026 14:25||NIFTY27JAN2625300CE,0.11047102922494743
09-01-2026 14:25||NIFTY27JAN2625600CE,0.10024696742704457
09-01-2026 14:30||NIFTY27JAN2624000PE,0.1619318641050674
09-01-2026 14:30||NIFTY27JAN2624200PE,0.14890464625085528
09-01-2026 14:30||NIFTY27JAN2625900CE,0.10039875739703355
09-01-2026 14:30||NIFTY27JAN2626300CE,0.0991750677563731
09-01-2026 14:35||NIFTY27JAN2624200PE,0.15008735110758162
09-01-2026 14:35||NIFTY27JAN2624300PE,0.14317944074820954
09-01-2026 14:35||NIFTY27JAN2624600PE,0.12621712449139708
09-01-2026 14:35||NIFTY27JAN2625800CE,0.10003744139907515
09-01-2026 14:40||NIFTY27JAN2623800PE,0.17268094549467117
09-01-2026 14:40||NIFTY27JAN2625200CE,0.1252137930928153
09-01-2026 14:40||NIFTY27JAN2625600CE,0.10675749512936332
09-01-2026 14:40||NIFTY27JAN2625900CE,0.09961297756603027
09-01-2026 14:40||NIFTY27JAN2626100CE,0.09751337121792401
09-01-2026 14:40||NIFTY27JAN2626400CE,0.10006025032846484
09-01-2026 14:45||NIFTY27JAN2624500PE,0.13277589997307218
09-01-2026 14:45||NIFTY27JAN2624600PE,0.12624033017975086
09-01-2026 14:45||NIFTY27JAN2625300CE,0.114951304105461
09-01-2026 14:45||NIFTY27JAN2625600CE,0.10453919994338716
09-01-2026 14:50||NIFTY27JAN2623900PE,0.16847575342483673
09-01-2026 14:50||NIFTY27JAN2626000CE,0.0977141970535451
09-01-2026 14:50||NIFTY27JAN2626300CE,0.09792063186745045
09-01-2026 14:55||NIFTY27JAN2623900PE,0.16761657620860332
09-01-2026 14:55||NIFTY27JAN2624000PE,0.16346123853391673
09-01-2026 14:55||NIFTY27JAN2624800PE,0.11773496115931507
09-01-2026 14:55||NIFTY27JAN2625600CE,0.10276325804271223
09-01-2026 14:55||NIFTY27JAN2625900CE,0.0971016945919363
09-01-2026 15:00||NIFTY27JAN2624000PE,0.16277540162437745
09-01-2026 15:00||NIFTY27JAN2624300PE,0.14353655612871472
09-01-2026 15:00||NIFTY27JAN2625400CE,0.11247707718462284
09-01-2026 15:00||NIFTY27JAN2625600CE,0.10547776327864454
09-01-2026 15:00||NIFTY27JAN2625700CE,0.10294500174795149
09-01-2026 15:00||NIFTY27JAN2625800CE,0.10000201609280915
09-01-2026 15:00||NIFTY27JAN2626500CE,0.10154046209503872
09-01-2026 15:05||NIFTY27JAN2624200PE,0.1507707211686869
09-01-2026 15:05||NIFTY27JAN2624300PE,0.14330448841367624
09-01-2026 15:05||NIFTY27JAN2625000PE,0.10717993295371202
09-01-2026 15:05||NIFTY27JAN2625100PE,0.10143738304763238
09-01-2026 15:05||NIFTY27JAN2625600CE,0.10537665681865803
09-01-2026 15:05||NIFTY27JAN2626500CE,0.10121046209503876
09-01-2026 15:10||NIFTY27JAN2623800PE,0.1725707221612858
09-01-2026 15:10||NIFTY27JAN2624000PE,0.1628904705183174
09-01-2026 15:10||NIFTY27JAN2624600PE,0.12642417261075564
09-01-2026 15:10||NIFTY27JAN2625000PE,0.10839993295371157
09-01-2026 15:10||NIFTY27JAN2625100PE,0.10297738304763203
09-01-2026 15:10||NIFTY27JAN2625200CE,0.12053264612943271
09-01-2026 15:10||NIFTY27JAN2626200CE,0.09676460429509064
09-01-2026 15:15||NIFTY27JAN2624200PE,0.1519118783914137
09-01-2026 15:15||NIFTY27JAN2624300PE,0.144443973279963
09-01-2026 15:15||NIFTY27JAN2624500PE,0.13385294787152524
09-01-2026 15:15||NIFTY27JAN2624700PE,0.12263263249926991
09-01-2026 15:15||NIFTY27JAN2624900PE,0.11409113810708098
09-01-2026 15:15||NIFTY27JAN2625200CE,0.11583264612943267
09-01-2026 15:15||NIFTY27JAN2625900CE,0.09616488703770204
09-01-2026 15:15||NIFTY27JAN2626000CE,0.09609249103234385
09-01-2026 15:20||NIFTY27JAN2623800PE,0.1745223244559483
09-01-2026 15:20||NIFTY27JAN2624700PE,0.12321998987273707
09-01-2026 15:20||NIFTY27JAN2625100PE,0.10659753458868108
09-01-2026 15:20||NIFTY27JAN2625200CE,0.12772264612943474
09-01-2026 15:20||NIFTY27JAN2625300CE,0.11904667989379693
09-01-2026 15:20||NIFTY27JAN2625600CE,0.10451004298851932
09-01-2026 15:20||NIFTY27JAN2625800CE,0.10010906893503824
09-01-2026 15:20||NIFTY27JAN2626100CE,0.09675946500394746
09-01-2026 15:25||NIFTY27JAN2624100PE,0.158506604413621
09-01-2026 15:25||NIFTY27JAN2624200PE,0.15285721146062378
09-01-2026 15:25||NIFTY27JAN2624400PE,0.1402796891535217
09-01-2026 15:25||NIFTY27JAN2625500CE,0.11587326121618602
09-01-2026 15:25||NIFTY27JAN2626000CE,0.10222302714382732
09-01-2026 15:25||NIFTY27JAN2626100CE,0.09967197280882674
12-01-2026 09:15||NIFTY27JAN2624000PE,0.1775036771522321
12-01-2026 09:15||NIFTY27JAN2624900PE,0.12419104972491732
12-01-2026 09:15||NIFTY27JAN2625200CE,0.11652586867430259
12-01-2026 09:15||NIFTY27JAN2626000CE,0.1026946599852911
12-01-2026 09:15||NIFTY27JAN2626100CE,0.10163016914769558
12-01-2026 09:20||NIFTY27JAN2624200PE,0.1636269913542883
12-01-2026 09:20||NIFTY27JAN2624600PE,0.13786246830769858
12-01-2026 09:20||NIFTY27JAN2624800PE,0.12872765438335887
12-01-2026 09:20||NIFTY27JAN2625000PE,0.11972698810469046
12-01-2026 09:20||NIFTY27JAN2625100PE,0.11379631136719728
12-01-2026 09:20||NIFTY27JAN2625200CE,0.1296758686743016
12-01-2026 09:20||NIFTY27JAN2625600CE,0.1132405962547664
12-01-2026 09:20||NIFTY27JAN2625800CE,0.10980053717291374
12-01-2026 09:25||NIFTY27JAN2624700PE,0.13210307288326592
12-01-2026 09:25||NIFTY27JAN2625800CE,0.11418420873185978
12-01-2026 09:25||NIFTY27JAN2626200CE,0.11289643068586842
12-01-2026 09:30||NIFTY27JAN2623900PE,0.1803612665193756
12-01-2026 09:30||NIFTY27JAN2624000PE,0.17576182632642398
12-01-2026 09:30||NIFTY27JAN2624400PE,0.14837242987421678
12-01-2026 09:30||NIFTY27JAN2625200CE,0.14000212363652584
12-01-2026 09:30||NIFTY27JAN2625600CE,0.12302860858311865
12-01-2026 09:30||NIFTY27JAN2625800CE,0.11714957026577691
12-01-2026 09:30||NIFTY27JAN2626000CE,0.11449496742111996
12-01-2026 09:35||NIFTY27JAN2623900PE,0.1791973394972354
12-01-2026 09:35||NIFTY27JAN2624500PE,0.14297780482479924
12-01-2026 09:35||NIFTY27JAN2624600PE,0.13633070316811996
12-01-2026 09:35||NIFTY27JAN2624700PE,0.13121634320485273
12-01-2026 09:35||NIFTY27JAN2625000PE,0.11744710030869675
12-01-2026 09:35||NIFTY27JAN2625700CE,0.1177043208083286
12-01-2026 09:35||NIFTY27JAN2625800CE,0.11484036729325067
12-01-2026 09:35||NIFTY27JAN2625900CE,0.11315112321796883
12-01-2026 09:35||NIFTY27JAN2626200CE,0.11293682044249559
12-01-2026 09:35||NIFTY27JAN2626500CE,0.11940447089210325
12-01-2026 09:40||NIFTY27JAN2623900PE,0.18010755180252272
12-01-2026 09:40||NIFTY27JAN2624600PE,0.1386780568292278
12-01-2026 09:40||NIFTY27JAN2624700PE,0.13317468420463593
12-01-2026 09:40||NIFTY27JAN2625200CE,0.13201545133185788
12-01-2026 09:40||NIFTY27JAN2625400CE,0.12326623890295953
12-01-2026 09:45||NIFTY27JAN2623900PE,0.18063533793350342
12-01-2026 09:45||NIFTY27JAN2624800PE,0.1260685328023696
12-01-2026 09:45||NIFTY27JAN2625000PE,0.11586455790188514
12-01-2026 09:45||NIFTY27JAN2626400CE,0.11737952171745712
12-01-2026 09:45||NIFTY27JAN2626500CE,0.11938133285440415
12-01-2026 09:50||NIFTY27JAN2625000PE,0.11956237063360957
12-01-2026 09:50||NIFTY27JAN2625400CE,0.12586894251524813
12-01-2026 09:50||NIFTY27JAN2625900CE,0.11121401688817312
12-01-2026 09:50||NIFTY27JAN2626000CE,0.11055713693273099
12-01-2026 09:55||NIFTY27JAN2623800PE,0.18717117677956674
12-01-2026 09:55||NIFTY27JAN2625000PE,0.12047319158748553
12-01-2026 09:55||NIFTY27JAN2625100PE,0.11532205412041455
12-01-2026 09:55||NIFTY27JAN2625400CE,0.1157285820610254
12-01-2026 09:55||NIFTY27JAN2625700CE,0.10931444554307125
12-01-2026 09:55||NIFTY27JAN2625900CE,0.10652547905513299
12-01-2026 09:55||NIFTY27JAN2626200CE,0.10821399968396639
12-01-2026 09:55||NIFTY27JAN2626400CE,0.11304702892292721
12-01-2026 10:00||NIFTY27JAN2624800PE,0.12497319675621141
12-01-2026 10:00||NIFTY27JAN2625200CE,0.145105507977226
12-01-2026 10:00||NIFTY27JAN2625700CE,0.12048191911431962
12-01-2026 10:00||NIFTY27JAN2626100CE,0.11285055977569246
12-01-2026 10:00||NIFTY27JAN2626200CE,0.11352760728554179
12-01-2026 10:05||NIFTY27JAN2623900PE,0.18241852911486028
12-01-2026 10:05||NIFTY27JAN2624300PE,0.15739861505955177
12-01-2026 10:05||NIFTY27JAN2624600PE,0.1392557185067067
12-01-2026 10:05||NIFTY27JAN2624700PE,0.13377463923687752
12-01-2026 10:05||NIFTY27JAN2624800PE,0.12860623831634163
12-01-2026 10:05||NIFTY27JAN2625100PE,0.11455307481262596
12-01-2026 10:10||NIFTY27JAN2624000PE,0.17544294452141182
12-01-2026 10:10||NIFTY27JAN2624100PE,0.16886345324537114
12-01-2026 10:10||NIFTY27JAN2624900PE,0.12226710942188425
12-01-2026 10:10||NIFTY27JAN2625600CE,0.11622848093196919
12-01-2026 10:10||NIFTY27JAN2626300CE,0.11265428578311175
12-01-2026 10:10||NIFTY27JAN2626400CE,0.11513668559489024
12-01-2026 10:15||NIFTY27JAN2623800PE,0.1853909968872536
12-01-2026 10:15||NIFTY27JAN2624500PE,0.14243217240475453
12-01-2026 10:15||NIFTY27JAN2624800PE,0.12471095952444491
12-01-2026 10:15||NIFTY27JAN2625000PE,0.11442527797407742
12-01-2026 10:15||NIFTY27JAN2625100PE,0.10933370745075699
12-01-2026 10:15||NIFTY27JAN2626200CE,0.11281658288186516
12-01-2026 10:15||NIFTY27JAN2626400CE,0.11432606939466584
12-01-2026 10:15||NIFTY27JAN2626500CE,0.11748172513545985
12-01-2026 10:20||NIFTY27JAN2624200PE,0.16367286251537044
12-01-2026 10:20||NIFTY27JAN2624800PE,0.1275749075389008
12-01-2026 10:20||NIFTY27JAN2624900PE,0.1222310024753369
12-01-2026 10:20||NIFTY27JAN2625200CE,0.13297498624378523
12-01-2026 10:20||NIFTY27JAN2626500CE,0.11775339180212645
12-01-2026 10:25||NIFTY27JAN2623800PE,0.18697913640084596
12-01-2026 10:25||NIFTY27JAN2624300PE,0.15615127523524758
12-01-2026 10:25||NIFTY27JAN2624400PE,0.15012115853142047
12-01-2026 10:25||NIFTY27JAN2624900PE,0.12111564240343885
12-01-2026 10:25||NIFTY27JAN2625200CE,0.1437049862437847
12-01-2026 10:25||NIFTY27JAN2625800CE,0.11292996044916713
12-01-2026 10:25||NIFTY27JAN2625900CE,0.11083186421336094
12-01-2026 10:25||NIFTY27JAN2626000CE,0.10999774112751404
12-01-2026 10:30||NIFTY27JAN2624500PE,0.1456226089299205
12-01-2026 10:30||NIFTY27JAN2625200CE,0.12917498624378565
12-01-2026 10:30||NIFTY27JAN2625800CE,0.10883864653639329
12-01-2026 10:30||NIFTY27JAN2626200CE,0.10795932151057216
12-01-2026 10:35||NIFTY27JAN2624600PE,0.13738533647899737
12-01-2026 10:35||NIFTY27JAN2625400CE,0.12352387792589763
12-01-2026 10:35||NIFTY27JAN2625700CE,0.11382164734989046
12-01-2026 10:35||NIFTY27JAN2626400CE,0.11362701282926915
12-01-2026 10:40||NIFTY27JAN2625000PE,0.11723317803713035
12-01-2026 10:40||NIFTY27JAN2625100PE,0.11190134037197459
12-01-2026 10:40||NIFTY27JAN2625300CE,0.12918754848830966
12-01-2026 10:40||NIFTY27JAN2625400CE,0.12302978435757321
12-01-2026 10:40||NIFTY27JAN2625500CE,0.11865139212440871
12-01-2026 10:40||NIFTY27JAN2626400CE,0.11283875277034364
12-01-2026 10:45||NIFTY27JAN2624400PE,0.14874139734883451
12-01-2026 10:45||NIFTY27JAN2625000PE,0.1156868197042949
12-01-2026 10:45||NIFTY27JAN2626000CE,0.10998952083496776
12-01-2026 10:45||NIFTY27JAN2626200CE,0.11083363084411171
12-01-2026 10:45||NIFTY27JAN2626300CE,0.11204974614965237
12-01-2026 10:50||NIFTY27JAN2623900PE,0.18274830856846816
12-01-2026 10:50||NIFTY27JAN2624900PE,0.12325613747781435
12-01-2026 10:50||NIFTY27JAN2625500CE,0.11178310520793192
12-01-2026 10:50||NIFTY27JAN2625600CE,0.10989552502180336
12-01-2026 10:50||NIFTY27JAN2626200CE,0.10617190210334396
12-01-2026 10:55||NIFTY27JAN2624000PE,0.17604242539395734
12-01-2026 10:55||NIFTY27JAN2624300PE,0.15616066942429688
12-01-2026 10:55||NIFTY27JAN2624400PE,0.14970699244264396
12-01-2026 10:55||NIFTY27JAN2624900PE,0.12173455310536137
12-01-2026 10:55||NIFTY27JAN2625100PE,0.1132016090136013
12-01-2026 10:55||NIFTY27JAN2625500CE,0.1173288431818145
12-01-2026 10:55||NIFTY27JAN2626200CE,0.10849593417579509
12-01-2026 10:55||NIFTY27JAN2626400CE,0.11311495968173212
12-01-2026 11:00||NIFTY27JAN2623800PE,0.18600524271885885
12-01-2026 11:00||NIFTY27JAN2624000PE,0.1752440972907198
12-01-2026 11:00||NIFTY27JAN2624500PE,0.14293508181929426
12-01-2026 11:00||NIFTY27JAN2624800PE,0.12611478471807838
12-01-2026 11:00||NIFTY27JAN2624900PE,0.12080722486899627
12-01-2026 11:00||NIFTY27JAN2625000PE,0.11674025566515273
12-01-2026 11:00||NIFTY27JAN2625200CE,0.13082265287013156
12-01-2026 11:00||NIFTY27JAN2625400CE,0.12195260601689958
12-01-2026 11:00||NIFTY27JAN2625600CE,0.11566605564942609
12-01-2026 11:00||NIFTY27JAN2626000CE,0.10846947691468833
12-01-2026 11:00||NIFTY27JAN2626300CE,0.11144985386071415
12-01-2026 11:05||NIFTY27JAN2624100PE,0.16719816979641397
12-01-2026 11:05||NIFTY27JAN2624700PE,0.12988515742136766
12-01-2026 11:05||NIFTY27JAN2625200CE,0.13337265287013073
12-01-2026 11:05||NIFTY27JAN2625500CE,0.12028453754574854
12-01-2026 11:05||NIFTY27JAN2625600CE,0.11625464603911925
12-01-2026 11:05||NIFTY27JAN2625700CE,0.11419247890020782
12-01-2026 11:10||NIFTY27JAN2624400PE,0.14853837421184315
12-01-2026 11:10||NIFTY27JAN2624500PE,0.1431863821824601
12-01-2026 11:10||NIFTY27JAN2625200CE,0.12909265287013066
12-01-2026 11:10||NIFTY27JAN2625800CE,0.10880513221690961
12-01-2026 11:10||NIFTY27JAN2626000CE,0.10685013562723733
12-01-2026 11:15||NIFTY27JAN2625400CE,0.11814991465850934
12-01-2026 11:15||NIFTY27JAN2625700CE,0.11153653836406936
12-01-2026 11:15||NIFTY27JAN2625800CE,0.10932869377062275
12-01-2026 11:20||NIFTY27JAN2624800PE,0.123957232645583
12-01-2026 11:20||NIFTY27JAN2626400CE,0.11641486137260454
12-01-2026 11:25||NIFTY27JAN2623800PE,0.18147733851187065
12-01-2026 11:25||NIFTY27JAN2624200PE,0.1575016878452275
12-01-2026 11:25||NIFTY27JAN2624300PE,0.1513706377643405
12-01-2026 11:25||NIFTY27JAN2624700PE,0.12832484470067176
12-01-2026 11:25||NIFTY27JAN2625400CE,0.11994824548187931
12-01-2026 11:30||NIFTY27JAN2623900PE,0.17611572344214088
12-01-2026 11:30||NIFTY27JAN2624000PE,0.17117907628463222
12-01-2026 11:35||NIFTY27JAN2624200PE,0.15719359415576403
12-01-2026 11:35||NIFTY27JAN2624400PE,0.14491593979744471
12-01-2026 11:35||NIFTY27JAN2624700PE,0.1281576012058232
12-01-2026 11:35||NIFTY27JAN2624900PE,0.11886116205740678
12-01-2026 11:35||NIFTY27JAN2625300CE,0.12444635690718195
12-01-2026 11:35||NIFTY27JAN2625600CE,0.1151513557377313
12-01-2026 11:35||NIFTY27JAN2625800CE,0.11150819535531312
12-01-2026 11:40||NIFTY27JAN2624300PE,0.15171898013023916
12-01-2026 11:40||NIFTY27JAN2624400PE,0.14571385487878824
12-01-2026 11:40||NIFTY27JAN2625000PE,0.11572188627766633
12-01-2026 11:40||NIFTY27JAN2625200CE,0.12589130151151923
12-01-2026 11:40||NIFTY27JAN2625300CE,0.1223288374188761
12-01-2026 11:50||NIFTY27JAN2624700PE,0.12789456168584679
12-01-2026 11:50||NIFTY27JAN2625600CE,0.11551393965192668
12-01-2026 11:50||NIFTY27JAN2625800CE,0.1118675265664745
12-01-2026 11:50||NIFTY27JAN2625900CE,0.11062921144478242
12-01-2026 11:55||NIFTY27JAN2624000PE,0.1703910409932654
12-01-2026 11:55||NIFTY27JAN2624900PE,0.11845947024298964
12-01-2026 11:55||NIFTY27JAN2625100PE,0.1112207352491538
12-01-2026 11:55||NIFTY27JAN2625700CE,0.113923892385199
12-01-2026 11:55||NIFTY27JAN2626000CE,0.11067859742735542
12-01-2026 11:55||NIFTY27JAN2626500CE,0.12233563469852655
12-01-2026 12:00||NIFTY27JAN2624100PE,0.16317511698865098
12-01-2026 12:00||NIFTY27JAN2624900PE,0.11849643121010855
12-01-2026 12:00||NIFTY27JAN2625100PE,0.11171573524915371
12-01-2026 12:00||NIFTY27JAN2625900CE,0.10972115038947487
12-01-2026 12:05||NIFTY27JAN2624000PE,0.17051876909951247
12-01-2026 12:05||NIFTY27JAN2624900PE,0.11730493480423532
12-01-2026 12:05||NIFTY27JAN2625500CE,0.11971800545390947
12-01-2026 12:05||NIFTY27JAN2625800CE,0.11195912785598719
12-01-2026 12:05||NIFTY27JAN2626000CE,0.11031912957252778
12-01-2026 12:10||NIFTY27JAN2623800PE,0.18191935400633086
12-01-2026 12:10||NIFTY27JAN2624200PE,0.1564855337056416
12-01-2026 12:10||NIFTY27JAN2624700PE,0.12423796116422019
12-01-2026 12:10||NIFTY27JAN2624800PE,0.11882597502600306
12-01-2026 12:10||NIFTY27JAN2625000PE,0.10925509089554893
12-01-2026 12:10||NIFTY27JAN2625800CE,0.11975564139328423
12-01-2026 12:15||NIFTY27JAN2625100PE,0.10956884186806674
12-01-2026 12:15||NIFTY27JAN2625900CE,0.11383290675611991
12-01-2026 12:15||NIFTY27JAN2626200CE,0.11280423905944484
12-01-2026 12:20||NIFTY27JAN2624400PE,0.14889124162762998
12-01-2026 12:20||NIFTY27JAN2624700PE,0.1301018664095785
12-01-2026 12:20||NIFTY27JAN2625100PE,0.1113588418680667
12-01-2026 12:20||NIFTY27JAN2625300CE,0.1446720030980245
12-01-2026 12:20||NIFTY27JAN2625500CE,0.13350873218925782
12-01-2026 12:20||NIFTY27JAN2626400CE,0.11698638632304519
12-01-2026 12:25||NIFTY27JAN2624800PE,0.12936723972429373
12-01-2026 12:25||NIFTY27JAN2625200CE,0.1276447010930996
12-01-2026 12:25||NIFTY27JAN2626300CE,0.11175881863137731
12-01-2026 12:30||NIFTY27JAN2623800PE,0.1873736709974434
12-01-2026 12:30||NIFTY27JAN2624800PE,0.12977210860309515
12-01-2026 12:30||NIFTY27JAN2624900PE,0.124815058703427
12-01-2026 12:30||NIFTY27JAN2625500CE,0.13425495738063503
12-01-2026 12:30||NIFTY27JAN2625700CE,0.12489071819541422
12-01-2026 12:30||NIFTY27JAN2626500CE,0.12021259809088615
12-01-2026 12:35||NIFTY27JAN2624300PE,0.16192690864894746
12-01-2026 12:35||NIFTY27JAN2624600PE,0.14419157037127747
12-01-2026 12:35||NIFTY27JAN2624900PE,0.1289184203864827
12-01-2026 12:35||NIFTY27JAN2625100PE,0.11947170607239256
12-01-2026 12:35||NIFTY27JAN2626000CE,0.11025918924034968
12-01-2026 12:35||NIFTY27JAN2626300CE,0.11091059885478485
12-01-2026 12:40||NIFTY27JAN2624300PE,0.1585400418371812
12-01-2026 12:40||NIFTY27JAN2624400PE,0.15219543090782978
12-01-2026 12:40||NIFTY27JAN2624500PE,0.14638453374944285
12-01-2026 12:40||NIFTY27JAN2625000PE,0.11916955128077747
12-01-2026 12:40||NIFTY27JAN2625300CE,0.14738225161171134
12-01-2026 12:40||NIFTY27JAN2625500CE,0.1384192065716747
12-01-2026 12:40||NIFTY27JAN2626000CE,0.1195179508031083
12-01-2026 12:40||NIFTY27JAN2626200CE,0.11751327595624354
12-01-2026 12:45||NIFTY27JAN2624300PE,0.16423055313823468
12-01-2026 12:45||NIFTY27JAN2624500PE,0.15248254761910887
12-01-2026 12:45||NIFTY27JAN2624800PE,0.13530463167535603
12-01-2026 12:45||NIFTY27JAN2625000PE,0.12575952977042051
12-01-2026 12:45||NIFTY27JAN2625300CE,0.12690304229306723
12-01-2026 12:45||NIFTY27JAN2625700CE,0.11391758297577032
12-01-2026 12:45||NIFTY27JAN2625800CE,0.11129727398658922
12-01-2026 12:45||NIFTY27JAN2626000CE,0.1093080424612944
12-01-2026 12:45||NIFTY27JAN2626200CE,0.1093339299725306
12-01-2026 12:45||NIFTY27JAN2626400CE,0.11137892224676413
12-01-2026 12:50||NIFTY27JAN2624500PE,0.151291183766365
12-01-2026 12:50||NIFTY27JAN2625300CE,0.13559698071940748
12-01-2026 12:50||NIFTY27JAN2625800CE,0.11869014652139391
12-01-2026 12:55||NIFTY27JAN2624500PE,0.15125485757947535
12-01-2026 12:55||NIFTY27JAN2624600PE,0.14484563091560482
12-01-2026 12:55||NIFTY27JAN2624700PE,0.13890819080264522
12-01-2026 12:55||NIFTY27JAN2625000PE,0.12422426302977413
12-01-2026 12:55||NIFTY27JAN2625400CE,0.13019419418657255
12-01-2026 12:55||NIFTY27JAN2625900CE,0.11256356934442945
12-01-2026 12:55||NIFTY27JAN2626200CE,0.11128096891543976
12-01-2026 13:00||NIFTY27JAN2624200PE,0.16763526888864605
12-01-2026 13:00||NIFTY27JAN2624500PE,0.15010674703084584
12-01-2026 13:00||NIFTY27JAN2624600PE,0.14318919791020118
12-01-2026 13:00||NIFTY27JAN2625500CE,0.1279947402023547
12-01-2026 13:00||NIFTY27JAN2626000CE,0.1143565530753866
12-01-2026 13:00||NIFTY27JAN2626100CE,0.11335681411891954
12-01-2026 13:00||NIFTY27JAN2626300CE,0.11302255363942518
12-01-2026 13:00||NIFTY27JAN2626500CE,0.11503542599598426
12-01-2026 13:05||NIFTY27JAN2623900PE,0.18639984174934557
12-01-2026 13:05||NIFTY27JAN2624200PE,0.16834343741445504
12-01-2026 13:05||NIFTY27JAN2624500PE,0.14991291735065518
12-01-2026 13:05||NIFTY27JAN2624900PE,0.12774032404978836
12-01-2026 13:05||NIFTY27JAN2625300CE,0.1404049578388214
12-01-2026 13:05||NIFTY27JAN2625500CE,0.13047084904795894
12-01-2026 13:05||NIFTY27JAN2626400CE,0.11546724057376873
12-01-2026 13:10||NIFTY27JAN2624700PE,0.1375388908205271
12-01-2026 13:10||NIFTY27JAN2624800PE,0.13335555216383677
12-01-2026 13:10||NIFTY27JAN2626400CE,0.11339280742287366
12-01-2026 13:15||NIFTY27JAN2623800PE,0.1888296038361671
12-01-2026 13:15||NIFTY27JAN2624500PE,0.15181790453989583
12-01-2026 13:15||NIFTY27JAN2624700PE,0.13956531562049726
12-01-2026 13:15||NIFTY27JAN2624800PE,0.13520298150023935
12-01-2026 13:15||NIFTY27JAN2625100PE,0.12286933822271857
12-01-2026 13:15||NIFTY27JAN2625500CE,0.11686096203851061
12-01-2026 13:15||NIFTY27JAN2625800CE,0.10935508900585064
12-01-2026 13:15||NIFTY27JAN2626100CE,0.10683151441956647
12-01-2026 13:15||NIFTY27JAN2626300CE,0.10768855149682798
12-01-2026 13:15||NIFTY27JAN2626400CE,0.10989867051833097
12-01-2026 13:20||NIFTY27JAN2624200PE,0.16738252744334436
12-01-2026 13:20||NIFTY27JAN2624300PE,0.16109588397338417
12-01-2026 13:20||NIFTY27JAN2625000PE,0.12292694106730008
12-01-2026 13:20||NIFTY27JAN2625200CE,0.14053126245844647
12-01-2026 13:20||NIFTY27JAN2625500CE,0.12633260058659215
12-01-2026 13:20||NIFTY27JAN2626200CE,0.11106408104131642
12-01-2026 13:20||NIFTY27JAN2626500CE,0.11607393685314124
12-01-2026 13:25||NIFTY27JAN2624300PE,0.16187559308851765
12-01-2026 13:25||NIFTY27JAN2624500PE,0.15139862637999715
12-01-2026 13:25||NIFTY27JAN2624600PE,0.14440451275999874
12-01-2026 13:25||NIFTY27JAN2624800PE,0.13503413954573126
12-01-2026 13:25||NIFTY27JAN2625500CE,0.11669757658529047
12-01-2026 13:25||NIFTY27JAN2625800CE,0.10942941626605124
12-01-2026 13:25||NIFTY27JAN2626000CE,0.10749946740361328
12-01-2026 13:25||NIFTY27JAN2626400CE,0.10980929153942888
12-01-2026 13:25||NIFTY27JAN2626500CE,0.11242227018647448
12-01-2026 13:30||NIFTY27JAN2623900PE,0.18363588544473974
12-01-2026 13:30||NIFTY27JAN2624400PE,0.15444517934845936
12-01-2026 13:30||NIFTY27JAN2624800PE,0.13107152721813328
12-01-2026 13:30||NIFTY27JAN2624900PE,0.12537117339404397
12-01-2026 13:30||NIFTY27JAN2625100PE,0.1162001378433104
12-01-2026 13:30||NIFTY27JAN2625300CE,0.1524391522710444
12-01-2026 13:30||NIFTY27JAN2625500CE,0.13817461894866281
12-01-2026 13:30||NIFTY27JAN2625600CE,0.132063164483364
12-01-2026 13:30||NIFTY27JAN2625700CE,0.12721116831312895
12-01-2026 13:35||NIFTY27JAN2624700PE,0.13981024211520265
12-01-2026 13:35||NIFTY27JAN2624900PE,0.12934749747334578
12-01-2026 13:35||NIFTY27JAN2625500CE,0.12035229832311824
12-01-2026 13:35||NIFTY27JAN2625600CE,0.11763844673669126
12-01-2026 13:35||NIFTY27JAN2625900CE,0.11040334919950456
12-01-2026 13:40||NIFTY27JAN2623900PE,0.1863715595264648
12-01-2026 13:40||NIFTY27JAN2624000PE,0.18097871780431057
12-01-2026 13:40||NIFTY27JAN2624100PE,0.1752703188350562
12-01-2026 13:40||NIFTY27JAN2624800PE,0.13449909203299035
12-01-2026 13:40||NIFTY27JAN2624900PE,0.12956135740076086
12-01-2026 13:40||NIFTY27JAN2625200CE,0.14173331947689474
12-01-2026 13:40||NIFTY27JAN2625400CE,0.12460912643296862
12-01-2026 13:40||NIFTY27JAN2626100CE,0.10736019773616763
12-01-2026 13:40||NIFTY27JAN2626200CE,0.10735051593224862
12-01-2026 13:45||NIFTY27JAN2623800PE,0.19205418925843037
12-01-2026 13:45||NIFTY27JAN2623900PE,0.18735023502663636
12-01-2026 13:45||NIFTY27JAN2624600PE,0.14425010846442554
12-01-2026 13:45||NIFTY27JAN2625100PE,0.12016499643460056
12-01-2026 13:50||NIFTY27JAN2624200PE,0.1698103651281853
12-01-2026 13:50||NIFTY27JAN2625200CE,0.13741856413295042
12-01-2026 13:50||NIFTY27JAN2625300CE,0.1354263528111342
12-01-2026 13:50||NIFTY27JAN2625400CE,0.1287117763955087
12-01-2026 13:50||NIFTY27JAN2626200CE,0.10905664962430213
12-01-2026 13:55||NIFTY27JAN2623800PE,0.19410718140655198
12-01-2026 13:55||NIFTY27JAN2624000PE,0.18298980128032663
12-01-2026 13:55||NIFTY27JAN2624100PE,0.17695572665872736
12-01-2026 13:55||NIFTY27JAN2624700PE,0.1394748315791709
12-01-2026 13:55||NIFTY27JAN2624900PE,0.12945071247458492
12-01-2026 13:55||NIFTY27JAN2626100CE,0.10746110793372873
12-01-2026 13:55||NIFTY27JAN2626400CE,0.10930706314361259
12-01-2026 14:00||NIFTY27JAN2624000PE,0.18227857408861683
12-01-2026 14:00||NIFTY27JAN2624400PE,0.15819358734521918
12-01-2026 14:00||NIFTY27JAN2624500PE,0.1522738654216659
12-01-2026 14:00||NIFTY27JAN2624600PE,0.14497578569854183
12-01-2026 14:00||NIFTY27JAN2625000PE,0.12496322932760107
12-01-2026 14:00||NIFTY27JAN2625400CE,0.12293596718351825
12-01-2026 14:00||NIFTY27JAN2625600CE,0.11690396772509791
12-01-2026 14:00||NIFTY27JAN2625700CE,0.113668926918278
12-01-2026 14:00||NIFTY27JAN2626300CE,0.10763856468729122
12-01-2026 14:00||NIFTY27JAN2626400CE,0.10926326457771139
12-01-2026 14:05||NIFTY27JAN2624400PE,0.15724688865182415
12-01-2026 14:05||NIFTY27JAN2624600PE,0.14423599052607147
12-01-2026 14:05||NIFTY27JAN2624800PE,0.13336545904515712
12-01-2026 14:05||NIFTY27JAN2625800CE,0.11491152145845046
12-01-2026 14:05||NIFTY27JAN2626000CE,0.11062505338776701
12-01-2026 14:05||NIFTY27JAN2626200CE,0.10903018387229862
12-01-2026 14:05||NIFTY27JAN2626400CE,0.10832530166163039
12-01-2026 14:05||NIFTY27JAN2626500CE,0.11020413212051994
12-01-2026 14:10||NIFTY27JAN2624100PE,0.1772415713057595
12-01-2026 14:10||NIFTY27JAN2624600PE,0.14565771483543563
12-01-2026 14:10||NIFTY27JAN2624800PE,0.1349906874393893
12-01-2026 14:10||NIFTY27JAN2625200CE,0.14289834008319752
12-01-2026 14:10||NIFTY27JAN2625500CE,0.11806277544784341
12-01-2026 14:10||NIFTY27JAN2626400CE,0.10774409879877765
12-01-2026 14:15||NIFTY27JAN2624100PE,0.17581307722057585
12-01-2026 14:15||NIFTY27JAN2624200PE,0.16929997486849505
12-01-2026 14:15||NIFTY27JAN2624900PE,0.12815261876485415
12-01-2026 14:15||NIFTY27JAN2625800CE,0.11199836610942322
12-01-2026 14:20||NIFTY27JAN2624400PE,0.15630626430564362
12-01-2026 14:20||NIFTY27JAN2624500PE,0.15021863494435655
12-01-2026 14:20||NIFTY27JAN2624600PE,0.1430238911770933
12-01-2026 14:20||NIFTY27JAN2625000PE,0.12177722357932659
12-01-2026 14:20||NIFTY27JAN2625200CE,0.15209903057127752
12-01-2026 14:20||NIFTY27JAN2625700CE,0.12337625682732933
12-01-2026 14:20||NIFTY27JAN2626200CE,0.11149934325917951
12-01-2026 14:20||NIFTY27JAN2626500CE,0.1139417570917158
12-01-2026 14:25||NIFTY27JAN2623900PE,0.18793154061701872
12-01-2026 14:25||NIFTY27JAN2624200PE,0.1711273342377626
12-01-2026 14:25||NIFTY27JAN2624500PE,0.15317833639215522
12-01-2026 14:25||NIFTY27JAN2624600PE,0.14595715530120573
12-01-2026 14:25||NIFTY27JAN2626300CE,0.10667239696875318
12-01-2026 14:25||NIFTY27JAN2626500CE,0.11025318566314439
12-01-2026 14:30||NIFTY27JAN2623900PE,0.18788561055015157
12-01-2026 14:30||NIFTY27JAN2624200PE,0.1712793555364616
12-01-2026 14:30||NIFTY27JAN2625200CE,0.12474005428728127
12-01-2026 14:30||NIFTY27JAN2625700CE,0.10928802446263973
12-01-2026 14:30||NIFTY27JAN2626200CE,0.10454425074132272
12-01-2026 14:35||NIFTY27JAN2624500PE,0.14921922463228748
12-01-2026 14:35||NIFTY27JAN2625100PE,0.11611433115903746
12-01-2026 14:35||NIFTY27JAN2625900CE,0.11603757394083195
12-01-2026 14:35||NIFTY27JAN2626000CE,0.1141406553207935
12-01-2026 14:35||NIFTY27JAN2626100CE,0.11208013139091828
12-01-2026 14:35||NIFTY27JAN2626400CE,0.10954721351903514
12-01-2026 14:35||NIFTY27JAN2626500CE,0.10934053812549427
12-01-2026 14:40||NIFTY27JAN2624100PE,0.17670234426621104
12-01-2026 14:40||NIFTY27JAN2624300PE,0.16365606233416913
12-01-2026 14:40||NIFTY27JAN2624500PE,0.15206644443274714
12-01-2026 14:40||NIFTY27JAN2625100PE,0.11945433115903759
12-01-2026 14:40||NIFTY27JAN2625300CE,0.13436925255610693
12-01-2026 14:40||NIFTY27JAN2625600CE,0.1186282693127018
12-01-2026 14:40||NIFTY27JAN2626400CE,0.1097995690967244
12-01-2026 14:45||NIFTY27JAN2624000PE,0.1829575529113348
12-01-2026 14:45||NIFTY27JAN2624600PE,0.14641329354727448
12-01-2026 14:45||NIFTY27JAN2625000PE,0.12548515698454826
12-01-2026 14:45||NIFTY27JAN2625300CE,0.1271884974779967
12-01-2026 14:45||NIFTY27JAN2625500CE,0.11900903611125542
12-01-2026 14:45||NIFTY27JAN2626000CE,0.10684840554334492
12-01-2026 14:45||NIFTY27JAN2626100CE,0.10569049233240912
12-01-2026 14:45||NIFTY27JAN2626200CE,0.10550465898720168
12-01-2026 14:45||NIFTY27JAN2626500CE,0.10852536944107444
12-01-2026 14:50||NIFTY27JAN2624000PE,0.18313157858955736
12-01-2026 14:50||NIFTY27JAN2624400PE,0.15815919388057276
12-01-2026 14:50||NIFTY27JAN2624800PE,0.1342813095463334
12-01-2026 14:50||NIFTY27JAN2625100PE,0.11830537620340074
12-01-2026 14:50||NIFTY27JAN2625600CE,0.12151055994652309
12-01-2026 14:50||NIFTY27JAN2626000CE,0.10957809141083792
12-01-2026 14:50||NIFTY27JAN2626300CE,0.10726318691407864
12-01-2026 14:50||NIFTY27JAN2626400CE,0.10872090164776885
12-01-2026 14:55||NIFTY27JAN2624300PE,0.1640258415063862
12-01-2026 14:55||NIFTY27JAN2624500PE,0.15240389346250388
12-01-2026 14:55||NIFTY27JAN2624700PE,0.13937749945537273
12-01-2026 14:55||NIFTY27JAN2624900PE,0.12887471248373317
12-01-2026 14:55||NIFTY27JAN2625100PE,0.11912537620340079
12-01-2026 14:55||NIFTY27JAN2626200CE,0.10707576136881419
12-01-2026 15:00||NIFTY27JAN2623800PE,0.1949979156756905
12-01-2026 15:00||NIFTY27JAN2623900PE,0.18897715435019136
12-01-2026 15:00||NIFTY27JAN2624300PE,0.16392757021167956
12-01-2026 15:00||NIFTY27JAN2624700PE,0.13918247401358033
12-01-2026 15:00||NIFTY27JAN2624800PE,0.13451617877280134
12-01-2026 15:00||NIFTY27JAN2626000CE,0.10838289911180803
12-01-2026 15:00||NIFTY27JAN2626100CE,0.10635493685658078
12-01-2026 15:05||NIFTY27JAN2623800PE,0.19340791567569007
12-01-2026 15:05||NIFTY27JAN2624200PE,0.17218868061893614
12-01-2026 15:05||NIFTY27JAN2624300PE,0.1649727435450434
12-01-2026 15:05||NIFTY27JAN2624900PE,0.1296002804194607
12-01-2026 15:05||NIFTY27JAN2625900CE,0.10717491395231288
12-01-2026 15:05||NIFTY27JAN2626200CE,0.10449682901554405
12-01-2026 15:10||NIFTY27JAN2624000PE,0.18361916257646838
12-01-2026 15:10||NIFTY27JAN2624500PE,0.15304618426195574
12-01-2026 15:10||NIFTY27JAN2624600PE,0.14562881882207376
12-01-2026 15:10||NIFTY27JAN2625200CE,0.13758328547675786
12-01-2026 15:10||NIFTY27JAN2625600CE,0.11288583499521158
12-01-2026 15:10||NIFTY27JAN2625900CE,0.10598986563784979
12-01-2026 15:10||NIFTY27JAN2626200CE,0.10299823465384841
12-01-2026 15:10||NIFTY27JAN2626300CE,0.10366542859642379
12-01-2026 15:10||NIFTY27JAN2626400CE,0.1049310482629405
12-01-2026 15:15||NIFTY27JAN2623900PE,0.1903296949531122
12-01-2026 15:15||NIFTY27JAN2624000PE,0.18542019986251768
12-01-2026 15:15||NIFTY27JAN2624500PE,0.1538385792743107
12-01-2026 15:15||NIFTY27JAN2624900PE,0.12940740642234042
12-01-2026 15:15||NIFTY27JAN2625200CE,0.1411099521434241
12-01-2026 15:15||NIFTY27JAN2625400CE,0.1274536633088354
12-01-2026 15:15||NIFTY27JAN2625500CE,0.12270628110517293
12-01-2026 15:20||NIFTY27JAN2624100PE,0.18179307249751459
12-01-2026 15:20||NIFTY27JAN2624200PE,0.17428666590470784
12-01-2026 15:20||NIFTY27JAN2624400PE,0.16175480369988413
12-01-2026 15:20||NIFTY27JAN2624500PE,0.15540751463135974
12-01-2026 15:20||NIFTY27JAN2625000PE,0.12487880355302974
12-01-2026 15:20||NIFTY27JAN2625200CE,0.1400932854767601
12-01-2026 15:20||NIFTY27JAN2625300CE,0.1368193611687868
12-01-2026 15:20||NIFTY27JAN2626200CE,0.1045046340701445
12-01-2026 15:20||NIFTY27JAN2626300CE,0.104697284194286
12-01-2026 15:25||NIFTY27JAN2624200PE,0.17417713370184465
12-01-2026 15:25||NIFTY27JAN2624600PE,0.1485098864111679
12-01-2026 15:25||NIFTY27JAN2625400CE,0.11694835828004509
12-01-2026 15:25||NIFTY27JAN2625500CE,0.11483995122709695
12-01-2026 15:25||NIFTY27JAN2625700CE,0.10868315545526037
13-01-2026 09:15||NIFTY27JAN2624000PE,0.19021674442495204
13-01-2026 09:15||NIFTY27JAN2624700PE,0.14443977572971756
13-01-2026 09:15||NIFTY27JAN2625500CE,0.10102282999549067
13-01-2026 09:15||NIFTY27JAN2625600CE,0.09925590042741439
13-01-2026 09:15||NIFTY27JAN2625800CE,0.098323847384621
13-01-2026 09:15||NIFTY27JAN2625900CE,0.09758278489098668
13-01-2026 09:15||NIFTY27JAN2626100CE,0.09685770200913474
13-01-2026 09:20||NIFTY27JAN2623800PE,0.19994781326497774
13-01-2026 09:20||NIFTY27JAN2624500PE,0.1564626263263381
13-01-2026 09:20||NIFTY27JAN2624600PE,0.14864948946474255
13-01-2026 09:20||NIFTY27JAN2624800PE,0.13729893578688113
13-01-2026 09:25||NIFTY27JAN2623800PE,0.19974114659831105
13-01-2026 09:25||NIFTY27JAN2624200PE,0.17614374302596333
13-01-2026 09:25||NIFTY27JAN2624400PE,0.16536030907571142
13-01-2026 09:25||NIFTY27JAN2624600PE,0.15359234929588728
13-01-2026 09:25||NIFTY27JAN2624800PE,0.14338646935355193
13-01-2026 09:25||NIFTY27JAN2625300CE,0.07672538448168963
13-01-2026 09:25||NIFTY27JAN2625500CE,0.08352385528382891
13-01-2026 09:30||NIFTY27JAN2624500PE,0.15562660823839589
13-01-2026 09:30||NIFTY27JAN2625300CE,0.09606401031204724
13-01-2026 09:30||NIFTY27JAN2625500CE,0.09840352981622472
13-01-2026 09:30||NIFTY27JAN2625700CE,0.09939277551888182
13-01-2026 09:30||NIFTY27JAN2626000CE,0.10016476417770732
13-01-2026 09:30||NIFTY27JAN2626200CE,0.10104483182561098
13-01-2026 09:35||NIFTY27JAN2624000PE,0.18727757242377455
13-01-2026 09:35||NIFTY27JAN2625000PE,0.1262584990788463
13-01-2026 09:35||NIFTY27JAN2625300CE,0.11427344018633688
13-01-2026 09:35||NIFTY27JAN2625700CE,0.10812528400787469
13-01-2026 09:35||NIFTY27JAN2625800CE,0.1065217934891486
13-01-2026 09:40||NIFTY27JAN2625200CE,0.12140484454852588
13-01-2026 09:40||NIFTY27JAN2625400CE,0.11334924208992667
13-01-2026 09:40||NIFTY27JAN2625600CE,0.11069706546852151
13-01-2026 09:45||NIFTY27JAN2623800PE,0.1945031691751695
13-01-2026 09:45||NIFTY27JAN2624500PE,0.1538111788680034
13-01-2026 09:45||NIFTY27JAN2625400CE,0.09904753104230177
13-01-2026 09:45||NIFTY27JAN2625800CE,0.09873178763678643
13-01-2026 09:45||NIFTY27JAN2625900CE,0.09896960025027852
13-01-2026 09:50||NIFTY27JAN2623900PE,0.19045972168717717
13-01-2026 09:50||NIFTY27JAN2624500PE,0.15376109767041532
13-01-2026 09:50||NIFTY27JAN2624600PE,0.14649212184172122
13-01-2026 09:50||NIFTY27JAN2625000PE,0.12520034780761793
13-01-2026 09:50||NIFTY27JAN2625100PE,0.11894664725773577
13-01-2026 09:50||NIFTY27JAN2626300CE,0.10523519496213783
13-01-2026 09:55||NIFTY27JAN2624100PE,0.17826812028502584
13-01-2026 09:55||NIFTY27JAN2624200PE,0.17142832294877408
13-01-2026 09:55||NIFTY27JAN2624300PE,0.16438803447091255
13-01-2026 09:55||NIFTY27JAN2624700PE,0.14063254785247048
13-01-2026 09:55||NIFTY27JAN2625600CE,0.10430424538890509
13-01-2026 10:00||NIFTY27JAN2624200PE,0.16947374547705119
13-01-2026 10:00||NIFTY27JAN2626300CE,0.11164229871406292
13-01-2026 10:00||NIFTY27JAN2626500CE,0.11479051541221925
13-01-2026 10:05||NIFTY27JAN2624000PE,0.18243243194353573
13-01-2026 10:05||NIFTY27JAN2624800PE,0.1342326423762581
13-01-2026 10:05||NIFTY27JAN2626400CE,0.11020199807437747
13-01-2026 10:10||NIFTY27JAN2624100PE,0.17938520942594097
13-01-2026 10:10||NIFTY27JAN2624200PE,0.1726574621494503
13-01-2026 10:10||NIFTY27JAN2624500PE,0.1543689367487781
13-01-2026 10:10||NIFTY27JAN2624700PE,0.14172624382672003
13-01-2026 10:10||NIFTY27JAN2625100PE,0.12366094907917216
13-01-2026 10:10||NIFTY27JAN2625800CE,0.10113117806602319
13-01-2026 10:15||NIFTY27JAN2624500PE,0.1532867822868626
13-01-2026 10:15||NIFTY27JAN2624800PE,0.13620846433352257
13-01-2026 10:15||NIFTY27JAN2624900PE,0.13063566563889462
13-01-2026 10:15||NIFTY27JAN2625100PE,0.12128094907917256
13-01-2026 10:15||NIFTY27JAN2625800CE,0.10199734031251347
13-01-2026 10:20||NIFTY27JAN2623900PE,0.19043107811724758
13-01-2026 10:20||NIFTY27JAN2624100PE,0.17869690679404257
13-01-2026 10:20||NIFTY27JAN2625300CE,0.1184511525165726
13-01-2026 10:20||NIFTY27JAN2625700CE,0.10659805892692518
13-01-2026 10:20||NIFTY27JAN2626500CE,0.10942786152482008
13-01-2026 10:25||NIFTY27JAN2623900PE,0.19098772620873872
13-01-2026 10:25||NIFTY27JAN2624200PE,0.17225582683627144
13-01-2026 10:25||NIFTY27JAN2624500PE,0.15237055504091304
13-01-2026 10:25||NIFTY27JAN2624700PE,0.13892106159391676
13-01-2026 10:25||NIFTY27JAN2625100PE,0.11742507326486991
13-01-2026 10:25||NIFTY27JAN2625700CE,0.11552308785994257
13-01-2026 10:30||NIFTY27JAN2623800PE,0.19908103566124166
13-01-2026 10:30||NIFTY27JAN2624400PE,0.16200350766605603
13-01-2026 10:30||NIFTY27JAN2624600PE,0.14883995287153332
13-01-2026 10:30||NIFTY27JAN2624700PE,0.14284665800828594
13-01-2026 10:30||NIFTY27JAN2624900PE,0.13141324314344585
13-01-2026 10:30||NIFTY27JAN2625300CE,0.11737630441920434
13-01-2026 10:30||NIFTY27JAN2625900CE,0.10180037860600091
13-01-2026 10:30||NIFTY27JAN2626000CE,0.10170236414988161
13-01-2026 10:30||NIFTY27JAN2626100CE,0.10068981676495138
13-01-2026 10:30||NIFTY27JAN2626400CE,0.10364493625746526
13-01-2026 10:35||NIFTY27JAN2623800PE,0.20019103566124094
13-01-2026 10:35||NIFTY27JAN2623900PE,0.19357658883063675
13-01-2026 10:35||NIFTY27JAN2624300PE,0.16726959506948216
13-01-2026 10:35||NIFTY27JAN2624600PE,0.148244157984914
13-01-2026 10:35||NIFTY27JAN2625000PE,0.12709306424587552
13-01-2026 10:35||NIFTY27JAN2626000CE,0.10217618074060504
13-01-2026 10:35||NIFTY27JAN2626100CE,0.10152438697850887
13-01-2026 10:40||NIFTY27JAN2623900PE,0.19131836986463888
13-01-2026 10:40||NIFTY27JAN2624000PE,0.18700479179900628
13-01-2026 10:40||NIFTY27JAN2624400PE,0.16060652018141633
13-01-2026 10:40||NIFTY27JAN2624500PE,0.15465385914999064
13-01-2026 10:40||NIFTY27JAN2624800PE,0.13645924664391812
13-01-2026 10:40||NIFTY27JAN2626300CE,0.10325462874686295
13-01-2026 10:45||NIFTY27JAN2623900PE,0.1899072014887758
13-01-2026 10:45||NIFTY27JAN2624900PE,0.1282691849774998
13-01-2026 10:45||NIFTY27JAN2625200CE,0.13921988162746135
13-01-2026 10:45||NIFTY27JAN2625600CE,0.10964317694723394
13-01-2026 10:50||NIFTY27JAN2624900PE,0.13072427409196793
13-01-2026 10:50||NIFTY27JAN2625000PE,0.1263972236845755
13-01-2026 10:50||NIFTY27JAN2625500CE,0.11000048020246836
13-01-2026 10:50||NIFTY27JAN2625600CE,0.10312711607435113
13-01-2026 10:50||NIFTY27JAN2625700CE,0.10026334613959469
13-01-2026 10:50||NIFTY27JAN2625900CE,0.09777951814620775
13-01-2026 10:55||NIFTY27JAN2624300PE,0.16322567662564785
13-01-2026 10:55||NIFTY27JAN2624400PE,0.15734164703913484
13-01-2026 10:55||NIFTY27JAN2625200CE,0.142700583664793
13-01-2026 10:55||NIFTY27JAN2625700CE,0.11029588914447734
13-01-2026 10:55||NIFTY27JAN2626400CE,0.10627574795673149
13-01-2026 11:00||NIFTY27JAN2623900PE,0.1893889155149296
13-01-2026 11:00||NIFTY27JAN2624200PE,0.1707571246742461
13-01-2026 11:00||NIFTY27JAN2625000PE,0.12470923468943323
13-01-2026 11:00||NIFTY27JAN2625700CE,0.10306437924736349
13-01-2026 11:00||NIFTY27JAN2625800CE,0.10122722774160298
13-01-2026 11:00||NIFTY27JAN2626400CE,0.10339156981274493
13-01-2026 11:05||NIFTY27JAN2624100PE,0.17664159442754473
13-01-2026 11:05||NIFTY27JAN2624800PE,0.1329684985765801
13-01-2026 11:05||NIFTY27JAN2625100PE,0.11817507986660852
13-01-2026 11:05||NIFTY27JAN2625800CE,0.10881852266496306
13-01-2026 11:10||NIFTY27JAN2623900PE,0.18895069197190414
13-01-2026 11:10||NIFTY27JAN2624800PE,0.13428101638343504
13-01-2026 11:10||NIFTY27JAN2624900PE,0.1282486054555314
13-01-2026 11:10||NIFTY27JAN2625000PE,0.12339562112615667
13-01-2026 11:10||NIFTY27JAN2625100PE,0.11775507986660844
13-01-2026 11:10||NIFTY27JAN2625900CE,0.1029025370450824
13-01-2026 11:10||NIFTY27JAN2626400CE,0.10344980257060796
13-01-2026 11:15||NIFTY27JAN2624500PE,0.1514987509762262
13-01-2026 11:15||NIFTY27JAN2625100PE,0.11987507986660856
13-01-2026 11:15||NIFTY27JAN2625200CE,0.11982320025456697
13-01-2026 11:15||NIFTY27JAN2625300CE,0.11340513143992412
13-01-2026 11:20||NIFTY27JAN2624900PE,0.12800997431180194
13-01-2026 11:20||NIFTY27JAN2626100CE,0.10070190675421604
13-01-2026 11:25||NIFTY27JAN2624000PE,0.1829458001017493
13-01-2026 11:25||NIFTY27JAN2624500PE,0.15050467698134304
13-01-2026 11:25||NIFTY27JAN2624800PE,0.13268319440977633
13-01-2026 11:25||NIFTY27JAN2625600CE,0.11133923260641501
13-01-2026 11:25||NIFTY27JAN2626000CE,0.1032055408520659
13-01-2026 11:25||NIFTY27JAN2626200CE,0.10172498826281814
13-01-2026 11:25||NIFTY27JAN2626400CE,0.10326698486665316
13-01-2026 11:30||NIFTY27JAN2625100PE,0.11731372171562533
13-01-2026 11:30||NIFTY27JAN2625500CE,0.1167706804534145
13-01-2026 11:30||NIFTY27JAN2625800CE,0.10733833770218433
13-01-2026 11:30||NIFTY27JAN2625900CE,0.10541876062827427
13-01-2026 11:35||NIFTY27JAN2623800PE,0.19678100912921329
13-01-2026 11:35||NIFTY27JAN2623900PE,0.19080994064079687
13-01-2026 11:35||NIFTY27JAN2624100PE,0.17785396568515563
13-01-2026 11:35||NIFTY27JAN2624900PE,0.12906190493060454
13-01-2026 11:35||NIFTY27JAN2625300CE,0.1115650201037634
13-01-2026 11:35||NIFTY27JAN2626000CE,0.09966597189457611
13-01-2026 11:35||NIFTY27JAN2626300CE,0.0999910688099014
13-01-2026 11:35||NIFTY27JAN2626500CE,0.10380591129330755
13-01-2026 11:40||NIFTY27JAN2623800PE,0.19330862817683128
13-01-2026 11:40||NIFTY27JAN2624500PE,0.15215036987395794
13-01-2026 11:40||NIFTY27JAN2624900PE,0.1297904474950189
13-01-2026 11:40||NIFTY27JAN2625300CE,0.09952260809996222
13-01-2026 11:40||NIFTY27JAN2625400CE,0.09638309621807413
13-01-2026 11:45||NIFTY27JAN2623800PE,0.19157862817683105
13-01-2026 11:45||NIFTY27JAN2625000PE,0.1226088538116968
13-01-2026 11:45||NIFTY27JAN2625400CE,0.11102463194029018
13-01-2026 11:45||NIFTY27JAN2625800CE,0.10395045907534574
13-01-2026 11:45||NIFTY27JAN2626200CE,0.1012053435148356
13-01-2026 11:45||NIFTY27JAN2626300CE,0.10197775673304978
13-01-2026 11:45||NIFTY27JAN2626400CE,0.10359601906857122
13-01-2026 11:50||NIFTY27JAN2624000PE,0.18135005147438943
13-01-2026 11:50||NIFTY27JAN2624300PE,0.16242164111361523
13-01-2026 11:50||NIFTY27JAN2625100PE,0.11986527780000861
13-01-2026 11:50||NIFTY27JAN2626200CE,0.09828712357146788
13-01-2026 11:50||NIFTY27JAN2626300CE,0.09912329578167213
13-01-2026 11:55||NIFTY27JAN2624300PE,0.16059322581725755
13-01-2026 11:55||NIFTY27JAN2624800PE,0.13170976932216066
13-01-2026 11:55||NIFTY27JAN2625000PE,0.12245240060669811
13-01-2026 11:55||NIFTY27JAN2625400CE,0.10709680289402426
13-01-2026 11:55||NIFTY27JAN2625500CE,0.10805522173890204
13-01-2026 12:00||NIFTY27JAN2624500PE,0.1482475794167643
13-01-2026 12:00||NIFTY27JAN2625000PE,0.12162790633168281
13-01-2026 12:00||NIFTY27JAN2625900CE,0.10201135067391073
13-01-2026 12:05||NIFTY27JAN2623800PE,0.19154418636791232
13-01-2026 12:05||NIFTY27JAN2624500PE,0.1471610807076406
13-01-2026 12:05||NIFTY27JAN2624700PE,0.13456526416071296
13-01-2026 12:05||NIFTY27JAN2625000PE,0.12018547003710285
13-01-2026 12:05||NIFTY27JAN2625300CE,0.11102772276673695
13-01-2026 12:05||NIFTY27JAN2625800CE,0.1046097410734323
13-01-2026 12:10||NIFTY27JAN2624500PE,0.14867412387854134
13-01-2026 12:10||NIFTY27JAN2625000PE,0.12311586447206142
13-01-2026 12:10||NIFTY27JAN2625200CE,0.11922814412401539
13-01-2026 12:10||NIFTY27JAN2625500CE,0.09989699515878557
13-01-2026 12:10||NIFTY27JAN2625600CE,0.10003811392977607
13-01-2026 12:15||NIFTY27JAN2624200PE,0.16555288294229067
13-01-2026 12:15||NIFTY27JAN2624300PE,0.15894253625622065
13-01-2026 12:15||NIFTY27JAN2625300CE,0.11648062916286893
13-01-2026 12:15||NIFTY27JAN2625800CE,0.10613049874780785
13-01-2026 12:15||NIFTY27JAN2626500CE,0.10933830497283306
13-01-2026 12:20||NIFTY27JAN2624100PE,0.17111989710972006
13-01-2026 12:20||NIFTY27JAN2624700PE,0.13587574319763915
13-01-2026 12:20||NIFTY27JAN2625100PE,0.1184896885079461
13-01-2026 12:20||NIFTY27JAN2625700CE,0.10202174620633954
13-01-2026 12:25||NIFTY27JAN2623800PE,0.18667313664412516
13-01-2026 12:25||NIFTY27JAN2624200PE,0.16419810562018816
13-01-2026 12:25||NIFTY27JAN2624300PE,0.15757605865086766
13-01-2026 12:25||NIFTY27JAN2624500PE,0.14563301020869118
13-01-2026 12:25||NIFTY27JAN2625700CE,0.11074942951367862
13-01-2026 12:30||NIFTY27JAN2623900PE,0.1821338621768128
13-01-2026 12:30||NIFTY27JAN2624000PE,0.17757465131366543
13-01-2026 12:30||NIFTY27JAN2624100PE,0.17064253928334605
13-01-2026 12:30||NIFTY27JAN2624400PE,0.1533780340285971
13-01-2026 12:30||NIFTY27JAN2624700PE,0.1354094350515274
13-01-2026 12:30||NIFTY27JAN2624900PE,0.1256304404993295
13-01-2026 12:30||NIFTY27JAN2626000CE,0.10073068232130064
13-01-2026 12:30||NIFTY27JAN2626400CE,0.10457003890696968
13-01-2026 12:35||NIFTY27JAN2624200PE,0.1632415938956218
13-01-2026 12:35||NIFTY27JAN2624300PE,0.1577426741318404
13-01-2026 12:35||NIFTY27JAN2624600PE,0.139968206369701
13-01-2026 12:35||NIFTY27JAN2624800PE,0.1295039332807493
13-01-2026 12:35||NIFTY27JAN2625100PE,0.11593856499610407
13-01-2026 12:35||NIFTY27JAN2625900CE,0.1026204844950136
13-01-2026 12:35||NIFTY27JAN2626100CE,0.10255215155986538
13-01-2026 12:35||NIFTY27JAN2626400CE,0.10580398479286644
13-01-2026 12:40||NIFTY27JAN2624100PE,0.16928303535736486
13-01-2026 12:40||NIFTY27JAN2624300PE,0.15736338095149227
13-01-2026 12:40||NIFTY27JAN2624600PE,0.1400678593510967
13-01-2026 12:40||NIFTY27JAN2624700PE,0.13444517685574447
13-01-2026 12:40||NIFTY27JAN2625100PE,0.11694856499610413
13-01-2026 12:40||NIFTY27JAN2626500CE,0.1092444606280762
13-01-2026 12:45||NIFTY27JAN2625300CE,0.0989402668851512
13-01-2026 12:45||NIFTY27JAN2626200CE,0.10139597697760126
13-01-2026 12:50||NIFTY27JAN2623900PE,0.1802856494697047
13-01-2026 12:50||NIFTY27JAN2624100PE,0.1689794421263852
13-01-2026 12:50||NIFTY27JAN2624600PE,0.13960144581621067
13-01-2026 12:50||NIFTY27JAN2625400CE,0.10633122500564068
13-01-2026 12:50||NIFTY27JAN2625500CE,0.10576226252306878
13-01-2026 12:55||NIFTY27JAN2624000PE,0.17507875759666913
13-01-2026 12:55||NIFTY27JAN2624300PE,0.15682102228340428
13-01-2026 12:55||NIFTY27JAN2624500PE,0.1460682044026721
13-01-2026 12:55||NIFTY27JAN2624700PE,0.13438846842215174
13-01-2026 12:55||NIFTY27JAN2625000PE,0.12103765602551093
13-01-2026 12:55||NIFTY27JAN2625100PE,0.11572657850664876
13-01-2026 12:55||NIFTY27JAN2625300CE,0.11235131905168405
13-01-2026 12:55||NIFTY27JAN2625500CE,0.10645917793863777
13-01-2026 12:55||NIFTY27JAN2626200CE,0.10443716393635386
13-01-2026 12:55||NIFTY27JAN2626400CE,0.1069230741994723
13-01-2026 12:55||NIFTY27JAN2626500CE,0.11061416734008958
13-01-2026 13:00||NIFTY27JAN2624000PE,0.17553570431660492
13-01-2026 13:00||NIFTY27JAN2624600PE,0.13905262719740638
13-01-2026 13:00||NIFTY27JAN2624700PE,0.13336083107791868
13-01-2026 13:00||NIFTY27JAN2626400CE,0.10893970695681604
13-01-2026 13:05||NIFTY27JAN2624000PE,0.17585342172591034
13-01-2026 13:05||NIFTY27JAN2624600PE,0.13801161644871304
13-01-2026 13:05||NIFTY27JAN2625200CE,0.12379097118513313
13-01-2026 13:05||NIFTY27JAN2625700CE,0.10819476465179728
13-01-2026 13:05||NIFTY27JAN2626500CE,0.11580501725384254
13-01-2026 13:10||NIFTY27JAN2623900PE,0.18316317441857843
13-01-2026 13:10||NIFTY27JAN2624400PE,0.15191531736750327
13-01-2026 13:10||NIFTY27JAN2624500PE,0.14659152122822774
13-01-2026 13:10||NIFTY27JAN2624700PE,0.13461539253956045
13-01-2026 13:10||NIFTY27JAN2625000PE,0.12143361156126167
13-01-2026 13:10||NIFTY27JAN2625600CE,0.10385116530178903
13-01-2026 13:10||NIFTY27JAN2626000CE,0.1022091815027272
13-01-2026 13:10||NIFTY27JAN2626400CE,0.1077244778658785
13-01-2026 13:10||NIFTY27JAN2626500CE,0.11202335058717602
13-01-2026 13:15||NIFTY27JAN2623800PE,0.18758156525527048
13-01-2026 13:15||NIFTY27JAN2624000PE,0.17707222715805734
13-01-2026 13:15||NIFTY27JAN2624100PE,0.16999602296300173
13-01-2026 13:15||NIFTY27JAN2624700PE,0.1339002672911075
13-01-2026 13:15||NIFTY27JAN2625000PE,0.12042257867834918
13-01-2026 13:15||NIFTY27JAN2625800CE,0.10650063376544881
13-01-2026 13:15||NIFTY27JAN2626100CE,0.10549502116480725
13-01-2026 13:15||NIFTY27JAN2626200CE,0.10711733781372602
13-01-2026 13:15||NIFTY27JAN2626300CE,0.10868305287620425
13-01-2026 13:20||NIFTY27JAN2624300PE,0.15755883698871462
13-01-2026 13:20||NIFTY27JAN2624400PE,0.15180606098158536
13-01-2026 13:20||NIFTY27JAN2624800PE,0.12890739741633653
13-01-2026 13:20||NIFTY27JAN2625000PE,0.11988689210254569
13-01-2026 13:20||NIFTY27JAN2625300CE,0.11695366258636954
13-01-2026 13:20||NIFTY27JAN2625400CE,0.1130770856917437
13-01-2026 13:20||NIFTY27JAN2625900CE,0.10458273563783227
13-01-2026 13:20||NIFTY27JAN2626500CE,0.11455826075910928
13-01-2026 13:25||NIFTY27JAN2624000PE,0.17808242447538136
13-01-2026 13:25||NIFTY27JAN2624200PE,0.16456952366191985
13-01-2026 13:25||NIFTY27JAN2624300PE,0.1580436537915286
13-01-2026 13:25||NIFTY27JAN2624600PE,0.13955720511291905
13-01-2026 13:25||NIFTY27JAN2625600CE,0.10398599825357727
13-01-2026 13:25||NIFTY27JAN2626400CE,0.10896704490566161
13-01-2026 13:30||NIFTY27JAN2623800PE,0.18842061397720322
13-01-2026 13:30||NIFTY27JAN2624000PE,0.17699962515055856
13-01-2026 13:30||NIFTY27JAN2624100PE,0.17013122078793602
13-01-2026 13:30||NIFTY27JAN2625500CE,0.11025324077378479
13-01-2026 13:35||NIFTY27JAN2624300PE,0.15882336331009897
13-01-2026 13:35||NIFTY27JAN2624800PE,0.12986845829221458
13-01-2026 13:35||NIFTY27JAN2625700CE,0.10215760507525963
13-01-2026 13:40||NIFTY27JAN2623800PE,0.1887207006168945
13-01-2026 13:40||NIFTY27JAN2624400PE,0.14938302963750408
13-01-2026 13:40||NIFTY27JAN2624500PE,0.1440547652318593
13-01-2026 13:40||NIFTY27JAN2625500CE,0.11204527430151885
13-01-2026 13:40||NIFTY27JAN2625700CE,0.10784975761330919
13-01-2026 13:40||NIFTY27JAN2625900CE,0.10475691664898153
13-01-2026 13:40||NIFTY27JAN2626100CE,0.10416100660881596
13-01-2026 13:45||NIFTY27JAN2624000PE,0.17703570752867537
13-01-2026 13:45||NIFTY27JAN2624100PE,0.16955774527213402
13-01-2026 13:45||NIFTY27JAN2625100PE,0.11662943804321928
13-01-2026 13:45||NIFTY27JAN2625300CE,0.1106012046001651
13-01-2026 13:45||NIFTY27JAN2625800CE,0.10138914535257985
13-01-2026 13:45||NIFTY27JAN2626000CE,0.10110307442003066
13-01-2026 13:50||NIFTY27JAN2624200PE,0.16171492580947558
13-01-2026 13:50||NIFTY27JAN2624400PE,0.14990458807905074
13-01-2026 13:50||NIFTY27JAN2624500PE,0.1443152601653385
13-01-2026 13:50||NIFTY27JAN2626000CE,0.10199517337593936
13-01-2026 13:55||NIFTY27JAN2624200PE,0.16156984262391863
13-01-2026 13:55||NIFTY27JAN2624300PE,0.15574085693007164
13-01-2026 13:55||NIFTY27JAN2625000PE,0.11940750995578346
13-01-2026 13:55||NIFTY27JAN2625500CE,0.10961219185071605
13-01-2026 13:55||NIFTY27JAN2626000CE,0.10311802048983001
13-01-2026 14:00||NIFTY27JAN2623900PE,0.18146372703978148
13-01-2026 14:00||NIFTY27JAN2624000PE,0.17429165737924898
13-01-2026 14:00||NIFTY27JAN2624100PE,0.1682381609520831
13-01-2026 14:00||NIFTY27JAN2624600PE,0.13851175195921553
13-01-2026 14:00||NIFTY27JAN2625300CE,0.10466656465201335
13-01-2026 14:00||NIFTY27JAN2625700CE,0.10184088538619132
13-01-2026 14:05||NIFTY27JAN2623900PE,0.18115638509318305
13-01-2026 14:05||NIFTY27JAN2624200PE,0.16083304556363914
13-01-2026 14:05||NIFTY27JAN2624500PE,0.14387319972145107
13-01-2026 14:05||NIFTY27JAN2625700CE,0.10447522661565736
13-01-2026 14:05||NIFTY27JAN2626300CE,0.10630573562800089
13-01-2026 14:05||NIFTY27JAN2626500CE,0.11308207280834491
13-01-2026 14:10||NIFTY27JAN2624300PE,0.1548515405976027
13-01-2026 14:10||NIFTY27JAN2624700PE,0.1318895261580924
13-01-2026 14:10||NIFTY27JAN2625200CE,0.1046561888384718
13-01-2026 14:10||NIFTY27JAN2625400CE,0.10231220760168695
13-01-2026 14:10||NIFTY27JAN2626100CE,0.10082722007128059
13-01-2026 14:15||NIFTY27JAN2623800PE,0.182621585207963
13-01-2026 14:15||NIFTY27JAN2624800PE,0.1253236688002117
13-01-2026 14:15||NIFTY27JAN2626200CE,0.10382410078580631
13-01-2026 14:20||NIFTY27JAN2624000PE,0.17200596347563668
13-01-2026 14:20||NIFTY27JAN2624400PE,0.14761118945008275
13-01-2026 14:20||NIFTY27JAN2624800PE,0.12677000700116123
13-01-2026 14:20||NIFTY27JAN2624900PE,0.12199459353990891
13-01-2026 14:20||NIFTY27JAN2625200CE,0.11248407526460265
13-01-2026 14:20||NIFTY27JAN2625800CE,0.09922242341934732
13-01-2026 14:25||NIFTY27JAN2624000PE,0.17144914470477823
13-01-2026 14:25||NIFTY27JAN2624100PE,0.1649115891049748
13-01-2026 14:25||NIFTY27JAN2624200PE,0.157875499201501
13-01-2026 14:25||NIFTY27JAN2624500PE,0.1422134801967123
13-01-2026 14:25||NIFTY27JAN2624600PE,0.13498956907373888
13-01-2026 14:25||NIFTY27JAN2625600CE,0.10327444435562054
13-01-2026 14:25||NIFTY27JAN2626000CE,0.10171415180194267
13-01-2026 14:25||NIFTY27JAN2626200CE,0.10396550949428233
13-01-2026 14:30||NIFTY27JAN2624500PE,0.14052286404786837
13-01-2026 14:30||NIFTY27JAN2624600PE,0.13318674413638704
13-01-2026 14:30||NIFTY27JAN2624900PE,0.11871682684091941
13-01-2026 14:30||NIFTY27JAN2625100PE,0.10999481926582326
13-01-2026 14:30||NIFTY27JAN2625600CE,0.11145397310009646
13-01-2026 14:35||NIFTY27JAN2623800PE,0.1810528950015377
13-01-2026 14:35||NIFTY27JAN2624200PE,0.15797999443786123
13-01-2026 14:35||NIFTY27JAN2625100PE,0.11087481926582314
13-01-2026 14:35||NIFTY27JAN2625400CE,0.11569574212388245
13-01-2026 14:35||NIFTY27JAN2626300CE,0.10740218412836015
13-01-2026 14:35||NIFTY27JAN2626500CE,0.11397425312217342
13-01-2026 14:40||NIFTY27JAN2624500PE,0.14246044817422315
13-01-2026 14:40||NIFTY27JAN2624600PE,0.1349216920586704
13-01-2026 14:40||NIFTY27JAN2624800PE,0.12472435742472872
13-01-2026 14:40||NIFTY27JAN2625300CE,0.12235534362066934
13-01-2026 14:40||NIFTY27JAN2625600CE,0.11107988194677336
13-01-2026 14:40||NIFTY27JAN2625800CE,0.10658389004622186
13-01-2026 14:45||NIFTY27JAN2625100PE,0.11374982369102567
13-01-2026 14:45||NIFTY27JAN2626000CE,0.1003943160046785
13-01-2026 14:45||NIFTY27JAN2626100CE,0.09997533996343722
13-01-2026 14:45||NIFTY27JAN2626500CE,0.11009502518136571
13-01-2026 14:50||NIFTY27JAN2624400PE,0.14833932178842404
13-01-2026 14:50||NIFTY27JAN2624500PE,0.1425064513594601
13-01-2026 14:55||NIFTY27JAN2623800PE,0.18700224566266863
13-01-2026 14:55||NIFTY27JAN2623900PE,0.1831851888013627
13-01-2026 14:55||NIFTY27JAN2624100PE,0.16969810353284037
13-01-2026 14:55||NIFTY27JAN2624400PE,0.15053022106077898
13-01-2026 14:55||NIFTY27JAN2624500PE,0.14487759961484153
13-01-2026 14:55||NIFTY27JAN2624800PE,0.1278976819336644
13-01-2026 14:55||NIFTY27JAN2624900PE,0.122478545403185
13-01-2026 14:55||NIFTY27JAN2625100PE,0.1129108542784207
13-01-2026 14:55||NIFTY27JAN2625700CE,0.10056881902172796
13-01-2026 14:55||NIFTY27JAN2625900CE,0.09812305762194772
13-01-2026 14:55||NIFTY27JAN2626400CE,0.10381951944534867
13-01-2026 15:00||NIFTY27JAN2623900PE,0.18515247402591806
13-01-2026 15:00||NIFTY27JAN2624500PE,0.14795276911124505
13-01-2026 15:00||NIFTY27JAN2624600PE,0.1408201368299274
13-01-2026 15:00||NIFTY27JAN2625100PE,0.1168008542784202
13-01-2026 15:00||NIFTY27JAN2625700CE,0.0884421451404582
13-01-2026 15:00||NIFTY27JAN2626200CE,0.09305700963261998
13-01-2026 15:05||NIFTY27JAN2624000PE,0.17500067228642247
13-01-2026 15:05||NIFTY27JAN2624500PE,0.14303999896085356
13-01-2026 15:05||NIFTY27JAN2624900PE,0.1198288836481336
13-01-2026 15:05||NIFTY27JAN2625400CE,0.11416828157459809
13-01-2026 15:05||NIFTY27JAN2625700CE,0.10615272610387746
13-01-2026 15:05||NIFTY27JAN2625800CE,0.10356093018544443
13-01-2026 15:05||NIFTY27JAN2626000CE,0.1014763532743354
13-01-2026 15:05||NIFTY27JAN2626100CE,0.10036748723745598
13-01-2026 15:05||NIFTY27JAN2626500CE,0.10871306749275284
13-01-2026 15:10||NIFTY27JAN2624000PE,0.17723258225108707
13-01-2026 15:10||NIFTY27JAN2624200PE,0.16392550466339723
13-01-2026 15:10||NIFTY27JAN2624400PE,0.15192673955989078
13-01-2026 15:10||NIFTY27JAN2624900PE,0.12354584104631106
13-01-2026 15:10||NIFTY27JAN2625300CE,0.09676690600636303
13-01-2026 15:10||NIFTY27JAN2625600CE,0.09413948742823876
13-01-2026 15:10||NIFTY27JAN2626200CE,0.094902923621267
13-01-2026 15:15||NIFTY27JAN2623800PE,0.1843170744070715
13-01-2026 15:15||NIFTY27JAN2624200PE,0.16461555101421907
13-01-2026 15:15||NIFTY27JAN2624600PE,0.14036363145114705
13-01-2026 15:15||NIFTY27JAN2624700PE,0.13503825512863218
13-01-2026 15:15||NIFTY27JAN2625700CE,0.09263923090554921
13-01-2026 15:15||NIFTY27JAN2626000CE,0.09240856041416691
13-01-2026 15:15||NIFTY27JAN2626300CE,0.09637898461424817
13-01-2026 15:15||NIFTY27JAN2626500CE,0.10359799431730687
13-01-2026 15:20||NIFTY27JAN2623900PE,0.18277151172006406
13-01-2026 15:20||NIFTY27JAN2624300PE,0.15824081533193263
13-01-2026 15:20||NIFTY27JAN2624800PE,0.1282287969537939
13-01-2026 15:20||NIFTY27JAN2625300CE,0.10453752221008317
13-01-2026 15:20||NIFTY27JAN2625600CE,0.09868651917459262
13-01-2026 15:20||NIFTY27JAN2626200CE,0.09662052271210693
13-01-2026 15:25||NIFTY27JAN2624500PE,0.14661198011171986
13-01-2026 15:25||NIFTY27JAN2624700PE,0.13473331508345435
13-01-2026 15:25||NIFTY27JAN2624900PE,0.12427367274247676
13-01-2026 15:25||NIFTY27JAN2626000CE,0.09364683994046549
14-01-2026 09:15||NIFTY27JAN2624300PE,0.161745229586691
14-01-2026 09:15||NIFTY27JAN2624400PE,0.15561327696991767
14-01-2026 09:15||NIFTY27JAN2625300CE,0.127825982731429
14-01-2026 09:15||NIFTY27JAN2626100CE,0.10112371685479943
14-01-2026 09:15||NIFTY27JAN2626500CE,0.11110005035857816
14-01-2026 09:20||NIFTY27JAN2624100PE,0.17669717063355256
14-01-2026 09:25||NIFTY27JAN2624000PE,0.18366383048651977
14-01-2026 09:25||NIFTY27JAN2624200PE,0.17002054509298292
14-01-2026 09:25||NIFTY27JAN2624700PE,0.1367049044406439
14-01-2026 09:25||NIFTY27JAN2625300CE,0.12824285232993526
14-01-2026 09:25||NIFTY27JAN2626500CE,0.10981542201563864
14-01-2026 09:30||NIFTY27JAN2623800PE,0.1973126590309024
14-01-2026 09:30||NIFTY27JAN2624000PE,0.18634911210781877
14-01-2026 09:30||NIFTY27JAN2624600PE,0.1458481003290622
14-01-2026 09:30||NIFTY27JAN2624700PE,0.13993999138908444
14-01-2026 09:30||NIFTY27JAN2626200CE,0.09714814726496641
14-01-2026 09:30||NIFTY27JAN2626500CE,0.10546375534897227
14-01-2026 09:35||NIFTY27JAN2624000PE,0.1851785405249203
14-01-2026 09:35||NIFTY27JAN2625500CE,0.10089057108932714
14-01-2026 09:35||NIFTY27JAN2626400CE,0.10361839555081286
14-01-2026 09:40||NIFTY27JAN2623800PE,0.19399603635176338
14-01-2026 09:40||NIFTY27JAN2624000PE,0.18316057848544606
14-01-2026 09:40||NIFTY27JAN2624200PE,0.16971925285492792
14-01-2026 09:40||NIFTY27JAN2624700PE,0.1374388343321984
14-01-2026 09:40||NIFTY27JAN2624800PE,0.13177442774248704
14-01-2026 09:40||NIFTY27JAN2625000PE,0.12099435197968794
14-01-2026 09:40||NIFTY27JAN2625500CE,0.09972846010219932
14-01-2026 09:40||NIFTY27JAN2625800CE,0.09715513120386075
14-01-2026 09:45||NIFTY27JAN2624300PE,0.16240802242329472
14-01-2026 09:45||NIFTY27JAN2624400PE,0.15569532809905962
14-01-2026 09:45||NIFTY27JAN2624500PE,0.149478539875749
14-01-2026 09:45||NIFTY27JAN2624600PE,0.14179638758217167
14-01-2026 09:45||NIFTY27JAN2625400CE,0.10285775354003616
14-01-2026 09:50||NIFTY27JAN2623800PE,0.19361652267723967
14-01-2026 09:50||NIFTY27JAN2623900PE,0.18719957555187952
14-01-2026 09:50||NIFTY27JAN2624600PE,0.14065920432193185
14-01-2026 09:50||NIFTY27JAN2625200CE,0.14043065218561507
14-01-2026 09:50||NIFTY27JAN2625300CE,0.13834166396348835
14-01-2026 09:50||NIFTY27JAN2626400CE,0.1089048427139013
14-01-2026 09:55||NIFTY27JAN2624100PE,0.17915335626770332
14-01-2026 09:55||NIFTY27JAN2626000CE,0.09407312780218254
14-01-2026 10:00||NIFTY27JAN2624000PE,0.1825228573725306
14-01-2026 10:00||NIFTY27JAN2624400PE,0.15556638363067096
14-01-2026 10:00||NIFTY27JAN2625100PE,0.11477441808434591
14-01-2026 10:00||NIFTY27JAN2625500CE,0.10397994716195859
14-01-2026 10:00||NIFTY27JAN2626100CE,0.09641800027613504
14-01-2026 10:00||NIFTY27JAN2626500CE,0.10613623489076386
14-01-2026 10:05||NIFTY27JAN2624600PE,0.14149434236998665
14-01-2026 10:05||NIFTY27JAN2624800PE,0.13005394543929155
14-01-2026 10:05||NIFTY27JAN2625000PE,0.11940743473712748
14-01-2026 10:05||NIFTY27JAN2625300CE,0.11478364091764418
14-01-2026 10:05||NIFTY27JAN2625400CE,0.10629628137922577
14-01-2026 10:05||NIFTY27JAN2626200CE,0.09881301156221386
14-01-2026 10:05||NIFTY27JAN2626300CE,0.10046402292494794
14-01-2026 10:05||NIFTY27JAN2626400CE,0.10398073865190952
14-01-2026 10:10||NIFTY27JAN2624000PE,0.1807475777402518
14-01-2026 10:10||NIFTY27JAN2624200PE,0.16717751624927402
14-01-2026 10:10||NIFTY27JAN2624500PE,0.1479765844520423
14-01-2026 10:10||NIFTY27JAN2624600PE,0.14051467574778737
14-01-2026 10:10||NIFTY27JAN2625400CE,0.10752320727511101
14-01-2026 10:10||NIFTY27JAN2625600CE,0.10372330096673694
14-01-2026 10:10||NIFTY27JAN2626400CE,0.10518588077999538
14-01-2026 10:15||NIFTY27JAN2624100PE,0.17488971066027617
14-01-2026 10:15||NIFTY27JAN2625000PE,0.11992403198154354
14-01-2026 10:15||NIFTY27JAN2625200CE,0.09892815122035584
14-01-2026 10:15||NIFTY27JAN2625600CE,0.0972869219239257
14-01-2026 10:15||NIFTY27JAN2625900CE,0.09530608981434373
14-01-2026 10:20||NIFTY27JAN2624200PE,0.16673377506055007
14-01-2026 10:20||NIFTY27JAN2624700PE,0.13385161715541893
14-01-2026 10:20||NIFTY27JAN2625000PE,0.11792901915841879
14-01-2026 10:20||NIFTY27JAN2625500CE,0.10222023223018875
14-01-2026 10:20||NIFTY27JAN2625600CE,0.10020541828076242
14-01-2026 10:20||NIFTY27JAN2625700CE,0.09835555198093626
14-01-2026 10:20||NIFTY27JAN2625800CE,0.0971834931194906
14-01-2026 10:25||NIFTY27JAN2623800PE,0.19093535687061147
14-01-2026 10:25||NIFTY27JAN2624300PE,0.15969331916477664
14-01-2026 10:25||NIFTY27JAN2625000PE,0.11791360015380524
14-01-2026 10:25||NIFTY27JAN2626100CE,0.09842678839721022
14-01-2026 10:25||NIFTY27JAN2626200CE,0.10010256147261046
14-01-2026 10:25||NIFTY27JAN2626400CE,0.10522201834590718
14-01-2026 10:30||NIFTY27JAN2623900PE,0.18502351800203268
14-01-2026 10:30||NIFTY27JAN2624000PE,0.1797502983556661
14-01-2026 10:30||NIFTY27JAN2624700PE,0.13324652109045645
14-01-2026 10:30||NIFTY27JAN2624800PE,0.12769367573803653
14-01-2026 10:30||NIFTY27JAN2625100PE,0.11278250083944263
14-01-2026 10:30||NIFTY27JAN2625200CE,0.12758044483908254
14-01-2026 10:30||NIFTY27JAN2626500CE,0.11071352375466226
14-01-2026 10:35||NIFTY27JAN2623900PE,0.1870514588688678
14-01-2026 10:35||NIFTY27JAN2624400PE,0.1543858914958804
14-01-2026 10:35||NIFTY27JAN2625600CE,0.09892969555273359
14-01-2026 10:35||NIFTY27JAN2625700CE,0.0975140168784397
14-01-2026 10:35||NIFTY27JAN2626300CE,0.10004246222784671
14-01-2026 10:40||NIFTY27JAN2623800PE,0.1887009314999818
14-01-2026 10:40||NIFTY27JAN2624100PE,0.17398088750702664
14-01-2026 10:40||NIFTY27JAN2625300CE,0.10450283975651606
14-01-2026 10:40||NIFTY27JAN2625600CE,0.09818999317862778
14-01-2026 10:40||NIFTY27JAN2626300CE,0.10014631239813751
14-01-2026 10:40||NIFTY27JAN2626500CE,0.10831866294614055
14-01-2026 10:45||NIFTY27JAN2624000PE,0.1776771976477073
14-01-2026 10:45||NIFTY27JAN2624600PE,0.1373266380674332
14-01-2026 10:45||NIFTY27JAN2624800PE,0.12553016232125108
14-01-2026 10:45||NIFTY27JAN2625400CE,0.120092410678032
14-01-2026 10:50||NIFTY27JAN2624000PE,0.18074491781339855
14-01-2026 10:50||NIFTY27JAN2624300PE,0.1607110572682088
14-01-2026 10:50||NIFTY27JAN2624800PE,0.1283634444055935
14-01-2026 10:50||NIFTY27JAN2625200CE,0.1161225842500168
14-01-2026 10:50||NIFTY27JAN2625400CE,0.1084745607852623
14-01-2026 10:50||NIFTY27JAN2625800CE,0.10001726885590727
14-01-2026 10:55||NIFTY27JAN2624600PE,0.1399911508350326
14-01-2026 10:55||NIFTY27JAN2625000PE,0.11718976142003704
14-01-2026 10:55||NIFTY27JAN2625200CE,0.12657758425001614
14-01-2026 10:55||NIFTY27JAN2626200CE,0.10038880941011108
14-01-2026 10:55||NIFTY27JAN2626300CE,0.09944387960437165
14-01-2026 10:55||NIFTY27JAN2626400CE,0.0992023083425277
14-01-2026 10:55||NIFTY27JAN2626500CE,0.10011980078616613
14-01-2026 11:00||NIFTY27JAN2624100PE,0.1756723436512777
14-01-2026 11:00||NIFTY27JAN2626100CE,0.0990443556196062
14-01-2026 11:00||NIFTY27JAN2626300CE,0.10110577726216799
14-01-2026 11:05||NIFTY27JAN2624000PE,0.18242162279386415
14-01-2026 11:05||NIFTY27JAN2624800PE,0.13089070696123775
14-01-2026 11:05||NIFTY27JAN2625300CE,0.105480722299722
14-01-2026 11:05||NIFTY27JAN2626000CE,0.09645294520892485
14-01-2026 11:05||NIFTY27JAN2626100CE,0.09608185384585108
14-01-2026 11:05||NIFTY27JAN2626300CE,0.09897457415145364
14-01-2026 11:10||NIFTY27JAN2624000PE,0.18198480163852165
14-01-2026 11:10||NIFTY27JAN2624300PE,0.16191152864525657
14-01-2026 11:10||NIFTY27JAN2624500PE,0.14924506141723284
14-01-2026 11:10||NIFTY27JAN2625200CE,0.12011199075276016
14-01-2026 11:15||NIFTY27JAN2624100PE,0.17650703491373798
14-01-2026 11:15||NIFTY27JAN2624300PE,0.16252062828961614
14-01-2026 11:15||NIFTY27JAN2624400PE,0.15625483299653856
14-01-2026 11:15||NIFTY27JAN2624500PE,0.14954801866342407
14-01-2026 11:15||NIFTY27JAN2624600PE,0.14198299447922716
14-01-2026 11:15||NIFTY27JAN2625500CE,0.11013308212446765
14-01-2026 11:15||NIFTY27JAN2625800CE,0.10118528731918738
14-01-2026 11:15||NIFTY27JAN2626000CE,0.09843486519457527
14-01-2026 11:20||NIFTY27JAN2623800PE,0.1966972392455954
14-01-2026 11:20||NIFTY27JAN2623900PE,0.1902367183826563
14-01-2026 11:20||NIFTY27JAN2624600PE,0.1433309441848826
14-01-2026 11:20||NIFTY27JAN2624800PE,0.13150312704446213
14-01-2026 11:20||NIFTY27JAN2625100PE,0.11594597412709994
14-01-2026 11:20||NIFTY27JAN2625300CE,0.11030926094228534
14-01-2026 11:20||NIFTY27JAN2625600CE,0.10085156746303113
14-01-2026 11:20||NIFTY27JAN2625800CE,0.09745553426906392
14-01-2026 11:25||NIFTY27JAN2623900PE,0.18787726368046484
14-01-2026 11:25||NIFTY27JAN2624700PE,0.134788855624435
14-01-2026 11:25||NIFTY27JAN2624900PE,0.12282656457630534
14-01-2026 11:25||NIFTY27JAN2625400CE,0.1266943264135996
14-01-2026 11:25||NIFTY27JAN2626200CE,0.10182583214607333
14-01-2026 11:30||NIFTY27JAN2624200PE,0.17118730637787885
14-01-2026 11:30||NIFTY27JAN2624300PE,0.16512110449697598
14-01-2026 11:30||NIFTY27JAN2624400PE,0.15896944207775077
14-01-2026 11:30||NIFTY27JAN2625000PE,0.12236588798883108
14-01-2026 11:30||NIFTY27JAN2625300CE,0.10808949644817277
14-01-2026 11:30||NIFTY27JAN2625800CE,0.09708949728759503
14-01-2026 11:30||NIFTY27JAN2626000CE,0.09537901557967662
14-01-2026 11:35||NIFTY27JAN2623900PE,0.19004789051524343
14-01-2026 11:35||NIFTY27JAN2624400PE,0.15738133762518447
14-01-2026 11:35||NIFTY27JAN2624500PE,0.1507911129785576
14-01-2026 11:35||NIFTY27JAN2624700PE,0.13737300711983155
14-01-2026 11:35||NIFTY27JAN2625100PE,0.11556815193138364
14-01-2026 11:35||NIFTY27JAN2625500CE,0.10384764122663219
14-01-2026 11:35||NIFTY27JAN2625700CE,0.10000252834016217
14-01-2026 11:35||NIFTY27JAN2626100CE,0.09597115141816756
14-01-2026 11:40||NIFTY27JAN2623900PE,0.19007115628778573
14-01-2026 11:40||NIFTY27JAN2625500CE,0.10077195711928814
14-01-2026 11:40||NIFTY27JAN2625600CE,0.09924814627012306
14-01-2026 11:40||NIFTY27JAN2626500CE,0.10356685368452453
14-01-2026 11:45||NIFTY27JAN2623900PE,0.18993001736104612
14-01-2026 11:45||NIFTY27JAN2624300PE,0.16315412049129255
14-01-2026 11:45||NIFTY27JAN2624500PE,0.1503383500999115
14-01-2026 11:45||NIFTY27JAN2626400CE,0.1027480867295924
14-01-2026 11:50||NIFTY27JAN2625100PE,0.11536561340609541
14-01-2026 11:50||NIFTY27JAN2625700CE,0.10025688060294825
14-01-2026 11:50||NIFTY27JAN2625800CE,0.09815635460346421
14-01-2026 11:50||NIFTY27JAN2626100CE,0.0954711651115547
14-01-2026 11:55||NIFTY27JAN2624200PE,0.17139545891471564
14-01-2026 11:55||NIFTY27JAN2624400PE,0.1579847480278834
14-01-2026 11:55||NIFTY27JAN2624800PE,0.13177663067867232
14-01-2026 11:55||NIFTY27JAN2625200CE,0.11010169520400681
14-01-2026 11:55||NIFTY27JAN2625600CE,0.10104856745584559
14-01-2026 12:00||NIFTY27JAN2623800PE,0.19940533269006272
14-01-2026 12:00||NIFTY27JAN2624400PE,0.15924805495047586
14-01-2026 12:00||NIFTY27JAN2624900PE,0.1271079405171965
14-01-2026 12:00||NIFTY27JAN2625000PE,0.1224327600925732
14-01-2026 12:00||NIFTY27JAN2625100PE,0.11532247945162796
14-01-2026 12:05||NIFTY27JAN2624400PE,0.15921392830649936
14-01-2026 12:05||NIFTY27JAN2624600PE,0.14535696090445463
14-01-2026 12:05||NIFTY27JAN2626500CE,0.09921886633852191
14-01-2026 12:10||NIFTY27JAN2624400PE,0.15704575934336282
14-01-2026 12:10||NIFTY27JAN2624600PE,0.14337343782021997
14-01-2026 12:10||NIFTY27JAN2624800PE,0.13168132091566254
14-01-2026 12:10||NIFTY27JAN2624900PE,0.1256849611400511
14-01-2026 12:10||NIFTY27JAN2625100PE,0.1146498748467986
14-01-2026 12:10||NIFTY27JAN2625900CE,0.0918205416067484
14-01-2026 12:10||NIFTY27JAN2626300CE,0.09473645176883595
14-01-2026 12:15||NIFTY27JAN2624200PE,0.16834903071804055
14-01-2026 12:15||NIFTY27JAN2624800PE,0.12835347334537073
14-01-2026 12:15||NIFTY27JAN2626500CE,0.10540131884653393
14-01-2026 12:20||NIFTY27JAN2623800PE,0.19710059745541017
14-01-2026 12:20||NIFTY27JAN2623900PE,0.19168124822198737
14-01-2026 12:20||NIFTY27JAN2625300CE,0.1042824497338181
14-01-2026 12:20||NIFTY27JAN2626400CE,0.09771212312443738
14-01-2026 12:25||NIFTY27JAN2624500PE,0.1512647817575379
14-01-2026 12:25||NIFTY27JAN2625400CE,0.09230782753836794
14-01-2026 12:25||NIFTY27JAN2625500CE,0.09665036619416686
14-01-2026 12:25||NIFTY27JAN2625900CE,0.09170770523105523
14-01-2026 12:30||NIFTY27JAN2623900PE,0.19051409109889594
14-01-2026 12:30||NIFTY27JAN2624300PE,0.16399018354867798
14-01-2026 12:30||NIFTY27JAN2624900PE,0.12520419364154398
14-01-2026 12:30||NIFTY27JAN2625800CE,0.09657919127193651
14-01-2026 12:30||NIFTY27JAN2626300CE,0.0958286308067047
14-01-2026 12:30||NIFTY27JAN2626400CE,0.09854015499818343
14-01-2026 12:35||NIFTY27JAN2623900PE,0.19105396319980683
14-01-2026 12:35||NIFTY27JAN2625300CE,0.10586680839289445
14-01-2026 12:35||NIFTY27JAN2625500CE,0.10071470562501618
14-01-2026 12:35||NIFTY27JAN2625900CE,0.09395936044876321
14-01-2026 12:45||NIFTY27JAN2625600CE,0.09414158107570027
14-01-2026 12:45||NIFTY27JAN2625700CE,0.09375034684674045
14-01-2026 12:50||NIFTY27JAN2624900PE,0.12414408078523417
14-01-2026 12:50||NIFTY27JAN2626300CE,0.09533530715716587
14-01-2026 12:50||NIFTY27JAN2626500CE,0.10204084460669398
14-01-2026 12:55||NIFTY27JAN2623900PE,0.18840652274622868
14-01-2026 12:55||NIFTY27JAN2624300PE,0.16226949056742823
14-01-2026 12:55||NIFTY27JAN2625000PE,0.1189024674645595
14-01-2026 13:00||NIFTY27JAN2624700PE,0.1358760258131219
14-01-2026 13:00||NIFTY27JAN2625400CE,0.09578055189127747
14-01-2026 13:00||NIFTY27JAN2625700CE,0.09507605950433663
14-01-2026 13:00||NIFTY27JAN2625800CE,0.09270532224722948
14-01-2026 13:00||NIFTY27JAN2626200CE,0.09321907279587613
14-01-2026 13:00||NIFTY27JAN2626300CE,0.095121620050824
14-01-2026 13:00||NIFTY27JAN2626500CE,0.10106605031251528
14-01-2026 13:05||NIFTY27JAN2624000PE,0.1826416772621653
14-01-2026 13:05||NIFTY27JAN2624400PE,0.15568876122793984
14-01-2026 13:05||NIFTY27JAN2624800PE,0.12970433926551048
14-01-2026 13:05||NIFTY27JAN2624900PE,0.12369582156590858
14-01-2026 13:05||NIFTY27JAN2625800CE,0.0957712618189258
14-01-2026 13:05||NIFTY27JAN2626200CE,0.09436897382305595
14-01-2026 13:05||NIFTY27JAN2626300CE,0.09588741326885694
14-01-2026 13:10||NIFTY27JAN2624000PE,0.18324690611812988
14-01-2026 13:10||NIFTY27JAN2624600PE,0.14307164108520928
14-01-2026 13:10||NIFTY27JAN2624700PE,0.13628569860706313
14-01-2026 13:10||NIFTY27JAN2624900PE,0.12453452824205719
14-01-2026 13:10||NIFTY27JAN2625300CE,0.10034815181132768
14-01-2026 13:10||NIFTY27JAN2625800CE,0.08968054962193427
14-01-2026 13:10||NIFTY27JAN2625900CE,0.08912915807592314
14-01-2026 13:10||NIFTY27JAN2626400CE,0.09668230875662767
14-01-2026 13:15||NIFTY27JAN2624000PE,0.1823073268569071
14-01-2026 13:15||NIFTY27JAN2624600PE,0.14147057835260177
14-01-2026 13:15||NIFTY27JAN2624800PE,0.1295841336985165
14-01-2026 13:15||NIFTY27JAN2625200CE,0.1137196237925332
14-01-2026 13:15||NIFTY27JAN2625600CE,0.09300433504157232
14-01-2026 13:15||NIFTY27JAN2626100CE,0.09075600140386587
14-01-2026 13:15||NIFTY27JAN2626200CE,0.09200815744873218
14-01-2026 13:20||NIFTY27JAN2624400PE,0.1546470028724769
14-01-2026 13:20||NIFTY27JAN2624700PE,0.13504677677882512
14-01-2026 13:20||NIFTY27JAN2624900PE,0.12405081800282079
14-01-2026 13:20||NIFTY27JAN2625200CE,0.09093962379253424
14-01-2026 13:20||NIFTY27JAN2625900CE,0.08836634457588038
14-01-2026 13:25||NIFTY27JAN2624100PE,0.17284850680092348
14-01-2026 13:25||NIFTY27JAN2624700PE,0.13338445716227718
14-01-2026 13:25||NIFTY27JAN2624900PE,0.12209010754367998
14-01-2026 13:25||NIFTY27JAN2625200CE,0.10671962379253386
14-01-2026 13:25||NIFTY27JAN2625600CE,0.09553997375536777
14-01-2026 13:25||NIFTY27JAN2626400CE,0.09806091152556085
14-01-2026 13:25||NIFTY27JAN2626500CE,0.10192724991170278
14-01-2026 13:30||NIFTY27JAN2624200PE,0.16626716216553716
14-01-2026 13:30||NIFTY27JAN2624300PE,0.15988704838931772
14-01-2026 13:30||NIFTY27JAN2625200CE,0.09922962379253353
14-01-2026 13:30||NIFTY27JAN2625700CE,0.09012335697180737
14-01-2026 13:30||NIFTY27JAN2626500CE,0.10306391657836934
14-01-2026 13:35||NIFTY27JAN2624000PE,0.17812910870669896
14-01-2026 13:35||NIFTY27JAN2624100PE,0.17156759888986414
14-01-2026 13:35||NIFTY27JAN2625100PE,0.11527458931894262
14-01-2026 13:35||NIFTY27JAN2625500CE,0.08280985075690557
14-01-2026 13:35||NIFTY27JAN2625700CE,0.08485412131732459
14-01-2026 13:40||NIFTY27JAN2626500CE,0.10727127031328573
14-01-2026 13:45||NIFTY27JAN2624100PE,0.16821537988338559
14-01-2026 13:45||NIFTY27JAN2624200PE,0.16112569241356406
14-01-2026 13:45||NIFTY27JAN2624400PE,0.14849438203426676
14-01-2026 13:45||NIFTY27JAN2624600PE,0.13597604665869037
14-01-2026 13:45||NIFTY27JAN2624700PE,0.1300069917647514
14-01-2026 13:45||NIFTY27JAN2624800PE,0.12455550470004516
14-01-2026 13:45||NIFTY27JAN2625400CE,0.1008345352297902
14-01-2026 13:45||NIFTY27JAN2626200CE,0.09791195416486374
14-01-2026 13:45||NIFTY27JAN2626300CE,0.10074757774938897
14-01-2026 13:45||NIFTY27JAN2626400CE,0.10425396104207524
14-01-2026 13:50||NIFTY27JAN2625400CE,0.08444744795016075
14-01-2026 13:50||NIFTY27JAN2625600CE,0.08750403947512612
14-01-2026 13:50||NIFTY27JAN2626300CE,0.09832927792180707
14-01-2026 13:55||NIFTY27JAN2623800PE,0.1862114486886525
14-01-2026 13:55||NIFTY27JAN2624600PE,0.1354447478084436
14-01-2026 13:55||NIFTY27JAN2624900PE,0.11902960201648459
14-01-2026 13:55||NIFTY27JAN2625200CE,0.10167433396840975
14-01-2026 13:55||NIFTY27JAN2626200CE,0.0982483150243442
14-01-2026 14:00||NIFTY27JAN2623800PE,0.1899281153553193
14-01-2026 14:00||NIFTY27JAN2623900PE,0.1828461621601067
14-01-2026 14:00||NIFTY27JAN2624400PE,0.1489075875238204
14-01-2026 14:00||NIFTY27JAN2624500PE,0.14347821058058022
14-01-2026 14:05||NIFTY27JAN2624000PE,0.17532309238364704
14-01-2026 14:05||NIFTY27JAN2624300PE,0.15551412281853486
14-01-2026 14:05||NIFTY27JAN2624700PE,0.1296985308343333
14-01-2026 14:05||NIFTY27JAN2624800PE,0.12461220186813333
14-01-2026 14:05||NIFTY27JAN2625200CE,0.10688172610353815
14-01-2026 14:05||NIFTY27JAN2625700CE,0.09759146410439708
14-01-2026 14:05||NIFTY27JAN2625900CE,0.09610588137793287
14-01-2026 14:10||NIFTY27JAN2624200PE,0.161829131682606
14-01-2026 14:10||NIFTY27JAN2624800PE,0.12347781443408186
14-01-2026 14:10||NIFTY27JAN2625700CE,0.09932007597851107
14-01-2026 14:15||NIFTY27JAN2624600PE,0.13745147026175514
14-01-2026 14:15||NIFTY27JAN2625300CE,0.09367564208395092
14-01-2026 14:15||NIFTY27JAN2625900CE,0.09060932908631047
14-01-2026 14:15||NIFTY27JAN2626000CE,0.09208376427564595
14-01-2026 14:15||NIFTY27JAN2626500CE,0.10786259288207382
14-01-2026 14:20||NIFTY27JAN2624400PE,0.1491728389544968
14-01-2026 14:20||NIFTY27JAN2624900PE,0.12026972924264713
14-01-2026 14:20||NIFTY27JAN2625100PE,0.11091385866655838
14-01-2026 14:25||NIFTY27JAN2623800PE,0.18593154432813053
14-01-2026 14:25||NIFTY27JAN2625600CE,0.10148126487284445
14-01-2026 14:25||NIFTY27JAN2626100CE,0.09979370067412613
14-01-2026 14:30||NIFTY27JAN2623900PE,0.18113109969197821
14-01-2026 14:30||NIFTY27JAN2624300PE,0.15464834625245966
14-01-2026 14:30||NIFTY27JAN2624500PE,0.1419544061590836
14-01-2026 14:30||NIFTY27JAN2625000PE,0.11279734214893608
14-01-2026 14:30||NIFTY27JAN2625100PE,0.1060609220501443
14-01-2026 14:30||NIFTY27JAN2625400CE,0.10585535367694573
14-01-2026 14:30||NIFTY27JAN2626000CE,0.09879818690237449
14-01-2026 14:30||NIFTY27JAN2626100CE,0.09916397729134313
14-01-2026 14:30||NIFTY27JAN2626400CE,0.10548112683773904
14-01-2026 14:30||NIFTY27JAN2626500CE,0.10886416014872038
14-01-2026 14:35||NIFTY27JAN2624000PE,0.17506378301030698
14-01-2026 14:35||NIFTY27JAN2624300PE,0.15531312023337945
14-01-2026 14:35||NIFTY27JAN2625500CE,0.10816903586316921
14-01-2026 14:35||NIFTY27JAN2625900CE,0.0990621663233713
14-01-2026 14:35||NIFTY27JAN2626400CE,0.10782563576898631
14-01-2026 14:40||NIFTY27JAN2624300PE,0.15711349101153543
14-01-2026 14:40||NIFTY27JAN2624400PE,0.14952565824855216
14-01-2026 14:40||NIFTY27JAN2624500PE,0.14383997023227682
14-01-2026 14:40||NIFTY27JAN2624700PE,0.1306257462912848
14-01-2026 14:40||NIFTY27JAN2624800PE,0.1252125175967523
14-01-2026 14:40||NIFTY27JAN2625000PE,0.11472702759950658
14-01-2026 14:40||NIFTY27JAN2625400CE,0.10463544388387022
14-01-2026 14:40||NIFTY27JAN2625800CE,0.09736117506732095
14-01-2026 14:45||NIFTY27JAN2624500PE,0.14687119598078116
14-01-2026 14:45||NIFTY27JAN2624800PE,0.1274513447482802
14-01-2026 14:45||NIFTY27JAN2625100PE,0.11164805361295727
14-01-2026 14:45||NIFTY27JAN2625400CE,0.09698975313756195
14-01-2026 14:45||NIFTY27JAN2625500CE,0.09798698758331527
14-01-2026 14:45||NIFTY27JAN2625800CE,0.09434820322918919
14-01-2026 14:45||NIFTY27JAN2626100CE,0.09515917367668819
14-01-2026 14:45||NIFTY27JAN2626200CE,0.09737909634342243
14-01-2026 14:45||NIFTY27JAN2626300CE,0.10025434829619097
14-01-2026 14:50||NIFTY27JAN2624400PE,0.15251537721305722
14-01-2026 14:50||NIFTY27JAN2624600PE,0.13937027203844654
14-01-2026 14:50||NIFTY27JAN2624900PE,0.12192512802048353
14-01-2026 14:50||NIFTY27JAN2625200CE,0.11077093827415564
14-01-2026 14:50||NIFTY27JAN2625700CE,0.09506128742479901
14-01-2026 14:50||NIFTY27JAN2625800CE,0.09388322062655258
14-01-2026 14:50||NIFTY27JAN2626300CE,0.0996776191254879
14-01-2026 14:55||NIFTY27JAN2624100PE,0.1721883518216798
14-01-2026 14:55||NIFTY27JAN2624200PE,0.16499040227996212
14-01-2026 14:55||NIFTY27JAN2624600PE,0.1391339746983019
14-01-2026 14:55||NIFTY27JAN2624800PE,0.12729129095264158
14-01-2026 14:55||NIFTY27JAN2625100PE,0.11196955159901077
14-01-2026 14:55||NIFTY27JAN2625300CE,0.09692694030518034
14-01-2026 14:55||NIFTY27JAN2625400CE,0.09280745032229952
14-01-2026 14:55||NIFTY27JAN2625600CE,0.0910792753022506
14-01-2026 14:55||NIFTY27JAN2626400CE,0.10085918214901793
14-01-2026 15:00||NIFTY27JAN2624300PE,0.15707400762671397
14-01-2026 15:00||NIFTY27JAN2624700PE,0.13071809336713505
14-01-2026 15:00||NIFTY27JAN2625800CE,0.09595500689154898
14-01-2026 15:05||NIFTY27JAN2623900PE,0.18517416821694227
14-01-2026 15:05||NIFTY27JAN2624400PE,0.15226890515951605
14-01-2026 15:05||NIFTY27JAN2624800PE,0.12824206419992526
14-01-2026 15:05||NIFTY27JAN2626300CE,0.09931863399247613
14-01-2026 15:10||NIFTY27JAN2624100PE,0.17021185187691656
14-01-2026 15:10||NIFTY27JAN2624500PE,0.1446532804257477
14-01-2026 15:10||NIFTY27JAN2624900PE,0.12189070919544674
14-01-2026 15:10||NIFTY27JAN2625500CE,0.09671604482672684
14-01-2026 15:10||NIFTY27JAN2626200CE,0.09837657895611115
14-01-2026 15:15||NIFTY27JAN2624400PE,0.14886906992762716
14-01-2026 15:15||NIFTY27JAN2624700PE,0.13001764646368139
14-01-2026 15:15||NIFTY27JAN2625100PE,0.11026594642491842
14-01-2026 15:15||NIFTY27JAN2625500CE,0.10346253321323733
14-01-2026 15:15||NIFTY27JAN2625900CE,0.09745849270089313
14-01-2026 15:15||NIFTY27JAN2626100CE,0.09839912908667492
14-01-2026 15:20||NIFTY27JAN2624500PE,0.14359503723635303
14-01-2026 15:20||NIFTY27JAN2624800PE,0.125593467348293
14-01-2026 15:20||NIFTY27JAN2626100CE,0.09944478395385181
14-01-2026 15:20||NIFTY27JAN2626300CE,0.10395303527438038
14-01-2026 15:20||NIFTY27JAN2626400CE,0.10676025679885988
14-01-2026 15:25||NIFTY27JAN2623900PE,0.18422326526428184
14-01-2026 15:25||NIFTY27JAN2624600PE,0.13843827531843006
14-01-2026 15:25||NIFTY27JAN2625100PE,0.11383311832874768
14-01-2026 15:25||NIFTY27JAN2625200CE,0.1032304233650872
14-01-2026 15:25||NIFTY27JAN2626400CE,0.10455948662486543
14-01-2026 15:25||NIFTY27JAN2626500CE,0.10993119394386744
16-01-2026 09:15||NIFTY27JAN2624100PE,0.17875752781419513
16-01-2026 09:15||NIFTY27JAN2624200PE,0.17189951124259517
16-01-2026 09:15||NIFTY27JAN2624300PE,0.16535753242998028
16-01-2026 09:15||NIFTY27JAN2624800PE,0.1307576663688031
16-01-2026 09:15||NIFTY27JAN2625000PE,0.11953689151197727
16-01-2026 09:15||NIFTY27JAN2626000CE,0.10576741315631988
16-01-2026 09:15||NIFTY27JAN2626100CE,0.10447060022224437
16-01-2026 09:20||NIFTY27JAN2624100PE,0.17768842217818387
16-01-2026 09:20||NIFTY27JAN2624400PE,0.15724464558640036
16-01-2026 09:20||NIFTY27JAN2624600PE,0.14411116075812527
16-01-2026 09:20||NIFTY27JAN2625000PE,0.12113404044250414
16-01-2026 09:20||NIFTY27JAN2625200CE,0.12186433491869761
16-01-2026 09:20||NIFTY27JAN2625400CE,0.1111884168444241
16-01-2026 09:20||NIFTY27JAN2625700CE,0.10158527646533376
16-01-2026 09:20||NIFTY27JAN2626000CE,0.09732763685534163
16-01-2026 09:25||NIFTY27JAN2624600PE,0.14077043041460927
16-01-2026 09:25||NIFTY27JAN2624700PE,0.13452171661858017
16-01-2026 09:25||NIFTY27JAN2625300CE,0.13063418306819277
16-01-2026 09:25||NIFTY27JAN2625600CE,0.1106639960600542
16-01-2026 09:25||NIFTY27JAN2626300CE,0.10100251472556991
16-01-2026 09:25||NIFTY27JAN2626500CE,0.10710605610996331
16-01-2026 09:30||NIFTY27JAN2623800PE,0.19527254240777855
16-01-2026 09:30||NIFTY27JAN2624300PE,0.1601500297866611
16-01-2026 09:30||NIFTY27JAN2624400PE,0.15225041339776063
16-01-2026 09:30||NIFTY27JAN2624900PE,0.12193484470619671
16-01-2026 09:30||NIFTY27JAN2625100PE,0.11150269175352447
16-01-2026 09:30||NIFTY27JAN2625500CE,0.10550994273463966
16-01-2026 09:30||NIFTY27JAN2625700CE,0.10092412399831874
16-01-2026 09:30||NIFTY27JAN2625900CE,0.09675373701538913
16-01-2026 09:30||NIFTY27JAN2626000CE,0.09501088840297965
16-01-2026 09:35||NIFTY27JAN2624100PE,0.17393648864094877
16-01-2026 09:35||NIFTY27JAN2624200PE,0.16687042206049416
16-01-2026 09:35||NIFTY27JAN2624800PE,0.12746927261362495
16-01-2026 09:35||NIFTY27JAN2625100PE,0.1124076917535244
16-01-2026 09:35||NIFTY27JAN2626300CE,0.09836057418536362
16-01-2026 09:35||NIFTY27JAN2626400CE,0.10154203628684977
16-01-2026 09:40||NIFTY27JAN2624200PE,0.16599148157603383
16-01-2026 09:40||NIFTY27JAN2624300PE,0.16058126874948245
16-01-2026 09:40||NIFTY27JAN2625900CE,0.10380603222975064
16-01-2026 09:40||NIFTY27JAN2626500CE,0.10736657725439216
16-01-2026 09:45||NIFTY27JAN2623900PE,0.18962463593855927
16-01-2026 09:45||NIFTY27JAN2624500PE,0.1467040169951582
16-01-2026 09:45||NIFTY27JAN2624800PE,0.12511307927160656
16-01-2026 09:45||NIFTY27JAN2624900PE,0.1188077686444574
16-01-2026 09:45||NIFTY27JAN2625400CE,0.12476977282672727
16-01-2026 09:45||NIFTY27JAN2626000CE,0.10097915932112261
16-01-2026 09:45||NIFTY27JAN2626100CE,0.09924531110437128
16-01-2026 09:50||NIFTY27JAN2623900PE,0.1924274893757073
16-01-2026 09:50||NIFTY27JAN2624200PE,0.1717461175855373
16-01-2026 09:50||NIFTY27JAN2624900PE,0.1212348266055484
16-01-2026 09:50||NIFTY27JAN2625500CE,0.1126610267439245
16-01-2026 09:50||NIFTY27JAN2625600CE,0.10851209020079008
16-01-2026 09:50||NIFTY27JAN2625700CE,0.10462545564597077
16-01-2026 09:50||NIFTY27JAN2625800CE,0.10124788897650076
16-01-2026 09:50||NIFTY27JAN2626000CE,0.09694310568918357
16-01-2026 09:50||NIFTY27JAN2626200CE,0.09615816813391544
16-01-2026 09:55||NIFTY27JAN2623800PE,0.1996847457999388
16-01-2026 09:55||NIFTY27JAN2624000PE,0.1871210871535085
16-01-2026 09:55||NIFTY27JAN2624200PE,0.17229492924192494
16-01-2026 09:55||NIFTY27JAN2624500PE,0.1504903663900236
16-01-2026 09:55||NIFTY27JAN2624900PE,0.12182384888307017
16-01-2026 09:55||NIFTY27JAN2625000PE,0.11668444524193894
16-01-2026 09:55||NIFTY27JAN2625300CE,0.11720229276580289
16-01-2026 09:55||NIFTY27JAN2625400CE,0.10952133290067866
16-01-2026 09:55||NIFTY27JAN2625500CE,0.10601794304422804
16-01-2026 09:55||NIFTY27JAN2625700CE,0.09962572640790908
16-01-2026 09:55||NIFTY27JAN2625900CE,0.09524205908524899
16-01-2026 09:55||NIFTY27JAN2626000CE,0.0933379144840622
16-01-2026 09:55||NIFTY27JAN2626400CE,0.09567070334323279
16-01-2026 09:55||NIFTY27JAN2626500CE,0.09943136491351275
16-01-2026 10:00||NIFTY27JAN2624000PE,0.18658510349500124
16-01-2026 10:00||NIFTY27JAN2625400CE,0.13056467374697264
16-01-2026 10:00||NIFTY27JAN2625900CE,0.10434292609043674
16-01-2026 10:00||NIFTY27JAN2626000CE,0.10097534968347549
16-01-2026 10:00||NIFTY27JAN2626400CE,0.10099070334323278
16-01-2026 10:00||NIFTY27JAN2626500CE,0.10431136491351271
16-01-2026 10:05||NIFTY27JAN2624000PE,0.18748865618032562
16-01-2026 10:05||NIFTY27JAN2624100PE,0.1800989725019788
16-01-2026 10:05||NIFTY27JAN2624400PE,0.1588909093413931
16-01-2026 10:05||NIFTY27JAN2625100PE,0.11002324248180999
16-01-2026 10:05||NIFTY27JAN2625700CE,0.10945253593781036
16-01-2026 10:05||NIFTY27JAN2626400CE,0.10035737000989947
16-01-2026 10:05||NIFTY27JAN2626500CE,0.10384803158017941
16-01-2026 10:10||NIFTY27JAN2623900PE,0.1957933026479727
16-01-2026 10:10||NIFTY27JAN2624800PE,0.13010908935469884
16-01-2026 10:10||NIFTY27JAN2625300CE,0.1414580875348215
16-01-2026 10:10||NIFTY27JAN2625600CE,0.11760766184808594
16-01-2026 10:10||NIFTY27JAN2626100CE,0.10014086311570174
16-01-2026 10:10||NIFTY27JAN2626400CE,0.10325843873729827
16-01-2026 10:15||NIFTY27JAN2623800PE,0.20640556725572462
16-01-2026 10:15||NIFTY27JAN2624400PE,0.16522038647225828
16-01-2026 10:15||NIFTY27JAN2624500PE,0.15639412339231182
16-01-2026 10:15||NIFTY27JAN2625300CE,0.1595710573050149
16-01-2026 10:20||NIFTY27JAN2623800PE,0.2103722339223913
16-01-2026 10:20||NIFTY27JAN2624300PE,0.17660542820352018
16-01-2026 10:20||NIFTY27JAN2624500PE,0.16122218875835206
16-01-2026 10:20||NIFTY27JAN2624800PE,0.13879762821276545
16-01-2026 10:20||NIFTY27JAN2625700CE,0.11884841002050073
16-01-2026 10:20||NIFTY27JAN2625900CE,0.11039842828474455
16-01-2026 10:20||NIFTY27JAN2626400CE,0.10470526907799359
16-01-2026 10:25||NIFTY27JAN2624000PE,0.19859890563388172
16-01-2026 10:25||NIFTY27JAN2624200PE,0.18393453910269525
16-01-2026 10:25||NIFTY27JAN2624300PE,0.17758753762799237
16-01-2026 10:25||NIFTY27JAN2624600PE,0.15447775492463886
16-01-2026 10:25||NIFTY27JAN2625400CE,0.13812032383325204
16-01-2026 10:25||NIFTY27JAN2626000CE,0.10560283822051252
16-01-2026 10:30||NIFTY27JAN2624200PE,0.18405136305330633
16-01-2026 10:30||NIFTY27JAN2624400PE,0.17017944592429246
16-01-2026 10:30||NIFTY27JAN2624800PE,0.14064619769192954
16-01-2026 10:30||NIFTY27JAN2625500CE,0.12421015045073612
16-01-2026 10:35||NIFTY27JAN2624000PE,0.19919162243080205
16-01-2026 10:35||NIFTY27JAN2624200PE,0.18489158485837903
16-01-2026 10:35||NIFTY27JAN2624900PE,0.1346072922713724
16-01-2026 10:35||NIFTY27JAN2625100PE,0.12062893591137502
16-01-2026 10:35||NIFTY27JAN2625200CE,0.15157294765527554
16-01-2026 10:35||NIFTY27JAN2625600CE,0.11947079666921351
16-01-2026 10:35||NIFTY27JAN2626300CE,0.09991573383714698
16-01-2026 10:35||NIFTY27JAN2626400CE,0.10059725585414028
16-01-2026 10:40||NIFTY27JAN2623800PE,0.2127278907655592
16-01-2026 10:40||NIFTY27JAN2624200PE,0.1858183655311914
16-01-2026 10:40||NIFTY27JAN2624700PE,0.14899229088335225
16-01-2026 10:40||NIFTY27JAN2624900PE,0.13549325494183553
16-01-2026 10:40||NIFTY27JAN2626200CE,0.0935602268424962
16-01-2026 10:45||NIFTY27JAN2623800PE,0.21190931933698587
16-01-2026 10:45||NIFTY27JAN2624000PE,0.19868155671961665
16-01-2026 10:45||NIFTY27JAN2624400PE,0.1705597780215979
16-01-2026 10:45||NIFTY27JAN2624600PE,0.1549723340777724
16-01-2026 10:45||NIFTY27JAN2624900PE,0.13403649153461175
16-01-2026 10:45||NIFTY27JAN2625200CE,0.13542398196026847
16-01-2026 10:50||NIFTY27JAN2624200PE,0.1831795159240171
16-01-2026 10:50||NIFTY27JAN2624300PE,0.17615511455670255
16-01-2026 10:50||NIFTY27JAN2624400PE,0.1689089998252213
16-01-2026 10:50||NIFTY27JAN2624600PE,0.1538963926771006
16-01-2026 10:50||NIFTY27JAN2625400CE,0.12926005114885722
16-01-2026 10:50||NIFTY27JAN2626300CE,0.09789791739244162
16-01-2026 10:50||NIFTY27JAN2626400CE,0.09897555613967447
16-01-2026 10:55||NIFTY27JAN2623800PE,0.21135351668529423
16-01-2026 10:55||NIFTY27JAN2623900PE,0.20410435444089275
16-01-2026 10:55||NIFTY27JAN2624900PE,0.1330331783078919
16-01-2026 10:55||NIFTY27JAN2625400CE,0.1229020793669086
16-01-2026 10:55||NIFTY27JAN2625800CE,0.10312091786506979
16-01-2026 10:55||NIFTY27JAN2625900CE,0.10021384672407505
16-01-2026 10:55||NIFTY27JAN2626100CE,0.09647522528233428
16-01-2026 10:55||NIFTY27JAN2626500CE,0.1030854581902272
16-01-2026 11:00||NIFTY27JAN2624400PE,0.1684944242391866
16-01-2026 11:00||NIFTY27JAN2624900PE,0.1321157831637964
16-01-2026 11:00||NIFTY27JAN2625000PE,0.12592878356041168
16-01-2026 11:00||NIFTY27JAN2625300CE,0.13756373751846465
16-01-2026 11:00||NIFTY27JAN2626000CE,0.09946113655232201
16-01-2026 11:00||NIFTY27JAN2626100CE,0.09686444733758866
16-01-2026 11:05||NIFTY27JAN2624300PE,0.17499112757703145
16-01-2026 11:05||NIFTY27JAN2624400PE,0.16786726305182165
16-01-2026 11:05||NIFTY27JAN2625100PE,0.11832952037099229
16-01-2026 11:05||NIFTY27JAN2626100CE,0.09988104318123565
16-01-2026 11:10||NIFTY27JAN2624000PE,0.19481209605222038
16-01-2026 11:10||NIFTY27JAN2625800CE,0.10187858236315843
16-01-2026 11:10||NIFTY27JAN2626000CE,0.0974706125238593
16-01-2026 11:15||NIFTY27JAN2623900PE,0.20026717969175634
16-01-2026 11:15||NIFTY27JAN2624600PE,0.15092235020112899
16-01-2026 11:15||NIFTY27JAN2625800CE,0.10159330803861504
16-01-2026 11:15||NIFTY27JAN2626200CE,0.09474691467646489
16-01-2026 11:20||NIFTY27JAN2623800PE,0.20531920522382663
16-01-2026 11:20||NIFTY27JAN2624000PE,0.19232687660150177
16-01-2026 11:20||NIFTY27JAN2624100PE,0.18464326356552663
16-01-2026 11:20||NIFTY27JAN2624900PE,0.13034789808825673
16-01-2026 11:20||NIFTY27JAN2625900CE,0.0995341248099724
16-01-2026 11:20||NIFTY27JAN2626000CE,0.09742965112349515
16-01-2026 11:20||NIFTY27JAN2626200CE,0.0955919826676793
16-01-2026 11:25||NIFTY27JAN2624200PE,0.17780517524932127
16-01-2026 11:25||NIFTY27JAN2624800PE,0.13644788380641265
16-01-2026 11:25||NIFTY27JAN2625000PE,0.12399892410404341
16-01-2026 11:25||NIFTY27JAN2626300CE,0.09821969585539768
16-01-2026 11:30||NIFTY27JAN2624300PE,0.17177841098666422
16-01-2026 11:30||NIFTY27JAN2625600CE,0.10388924480124145
16-01-2026 11:30||NIFTY27JAN2626500CE,0.10179077956660099
16-01-2026 11:35||NIFTY27JAN2624500PE,0.15555554579387024
16-01-2026 11:35||NIFTY27JAN2624800PE,0.1361743228782154
16-01-2026 11:35||NIFTY27JAN2625300CE,0.11382948887853452
16-01-2026 11:35||NIFTY27JAN2625500CE,0.11111164327360923
16-01-2026 11:35||NIFTY27JAN2626200CE,0.09563797116005072
16-01-2026 11:40||NIFTY27JAN2624400PE,0.16325419682797132
16-01-2026 11:40||NIFTY27JAN2624500PE,0.15514789728775294
16-01-2026 11:40||NIFTY27JAN2625500CE,0.11203688523272914
16-01-2026 11:40||NIFTY27JAN2626100CE,0.0953877556082881
16-01-2026 11:45||NIFTY27JAN2624300PE,0.16959020735961058
16-01-2026 11:45||NIFTY27JAN2625000PE,0.12204526533021673
16-01-2026 11:45||NIFTY27JAN2625400CE,0.12410242605065236
16-01-2026 11:50||NIFTY27JAN2623900PE,0.19734849794258633
16-01-2026 11:50||NIFTY27JAN2624300PE,0.16941364823927949
16-01-2026 11:50||NIFTY27JAN2625500CE,0.11783821610834025
16-01-2026 11:55||NIFTY27JAN2624000PE,0.19145228149182225
16-01-2026 11:55||NIFTY27JAN2624500PE,0.155352437142741
16-01-2026 11:55||NIFTY27JAN2624800PE,0.13548224572284237
16-01-2026 11:55||NIFTY27JAN2625000PE,0.12307397814417967
16-01-2026 11:55||NIFTY27JAN2625100PE,0.11626240495935697
16-01-2026 11:55||NIFTY27JAN2626200CE,0.0939185427554895
16-01-2026 12:00||NIFTY27JAN2623900PE,0.19485863709379306
16-01-2026 12:00||NIFTY27JAN2624000PE,0.18882533438889915
16-01-2026 12:00||NIFTY27JAN2624200PE,0.17371451202246455
16-01-2026 12:00||NIFTY27JAN2624400PE,0.16006328455913507
16-01-2026 12:00||NIFTY27JAN2624800PE,0.1324460968352754
16-01-2026 12:00||NIFTY27JAN2624900PE,0.12608475005078026
16-01-2026 12:00||NIFTY27JAN2625200CE,0.15811230704258664
16-01-2026 12:00||NIFTY27JAN2626200CE,0.10085800034350056
16-01-2026 12:05||NIFTY27JAN2623800PE,0.20271600861656938
16-01-2026 12:05||NIFTY27JAN2624200PE,0.1743192497131539
16-01-2026 12:05||NIFTY27JAN2624500PE,0.15293062870752017
16-01-2026 12:05||NIFTY27JAN2624800PE,0.132947529838465
16-01-2026 12:05||NIFTY27JAN2625000PE,0.12022290094172124
16-01-2026 12:05||NIFTY27JAN2625200CE,0.1537023070425876
16-01-2026 12:05||NIFTY27JAN2625900CE,0.11120156739902945
16-01-2026 12:10||NIFTY27JAN2624800PE,0.13416908606166952
16-01-2026 12:10||NIFTY27JAN2625100PE,0.11636835685853615
16-01-2026 12:10||NIFTY27JAN2625300CE,0.1435928962577255
16-01-2026 12:10||NIFTY27JAN2625800CE,0.11255574770749364
16-01-2026 12:10||NIFTY27JAN2626000CE,0.10579785242890924
16-01-2026 12:10||NIFTY27JAN2626100CE,0.10235867883169342
16-01-2026 12:15||NIFTY27JAN2624000PE,0.19230860937128133
16-01-2026 12:15||NIFTY27JAN2624600PE,0.14751764270895107
16-01-2026 12:15||NIFTY27JAN2624800PE,0.13518303428348208
16-01-2026 12:15||NIFTY27JAN2624900PE,0.12859748321729408
16-01-2026 12:15||NIFTY27JAN2625000PE,0.12329951830587743
16-01-2026 12:15||NIFTY27JAN2625800CE,0.10426751957445378
16-01-2026 12:15||NIFTY27JAN2626000CE,0.09964858775451066
16-01-2026 12:20||NIFTY27JAN2623900PE,0.19789437081740593
16-01-2026 12:20||NIFTY27JAN2624300PE,0.1685443879391803
16-01-2026 12:20||NIFTY27JAN2624500PE,0.15395330245031222
16-01-2026 12:20||NIFTY27JAN2624900PE,0.12850940558168605
16-01-2026 12:20||NIFTY27JAN2625400CE,0.12759833400416784
16-01-2026 12:20||NIFTY27JAN2625600CE,0.11309704757360226
16-01-2026 12:20||NIFTY27JAN2625700CE,0.10988991528455516
16-01-2026 12:25||NIFTY27JAN2623800PE,0.20289404587649795
16-01-2026 12:25||NIFTY27JAN2624500PE,0.15505377535020756
16-01-2026 12:25||NIFTY27JAN2624700PE,0.14269730325886046
16-01-2026 12:25||NIFTY27JAN2624800PE,0.13753887981894636
16-01-2026 12:25||NIFTY27JAN2625000PE,0.12665236251091597
16-01-2026 12:25||NIFTY27JAN2625100PE,0.12073399297569329
16-01-2026 12:25||NIFTY27JAN2626400CE,0.09411388139886168
16-01-2026 12:30||NIFTY27JAN2623800PE,0.19794404587649772
16-01-2026 12:30||NIFTY27JAN2624400PE,0.15371836275511896
16-01-2026 12:30||NIFTY27JAN2624600PE,0.13954201729493595
16-01-2026 12:35||NIFTY27JAN2623800PE,0.20148571254316405
16-01-2026 12:35||NIFTY27JAN2623900PE,0.19404338383991918
16-01-2026 12:35||NIFTY27JAN2624800PE,0.1306631811207576
16-01-2026 12:35||NIFTY27JAN2625600CE,0.10951858811516137
16-01-2026 12:35||NIFTY27JAN2625700CE,0.1064517846398607
16-01-2026 12:35||NIFTY27JAN2625800CE,0.10258007612476741
16-01-2026 12:35||NIFTY27JAN2625900CE,0.0995485559797345
16-01-2026 12:35||NIFTY27JAN2626000CE,0.09853008298440905
16-01-2026 12:35||NIFTY27JAN2626200CE,0.09756328940763809
16-01-2026 12:40||NIFTY27JAN2623800PE,0.2009440458764976
16-01-2026 12:40||NIFTY27JAN2625200CE,0.12443332616097462
16-01-2026 12:40||NIFTY27JAN2625900CE,0.0986328423593193
16-01-2026 12:45||NIFTY27JAN2624000PE,0.18456463448130792
16-01-2026 12:45||NIFTY27JAN2624800PE,0.13053372183453846
16-01-2026 12:45||NIFTY27JAN2625700CE,0.10388102240993391
16-01-2026 12:45||NIFTY27JAN2625900CE,0.09957716027479507
16-01-2026 12:45||NIFTY27JAN2626000CE,0.09860626401297944
16-01-2026 12:45||NIFTY27JAN2626300CE,0.09950478935149795
16-01-2026 12:50||NIFTY27JAN2624300PE,0.161901958082416
16-01-2026 12:50||NIFTY27JAN2626000CE,0.10364333768176757
16-01-2026 12:50||NIFTY27JAN2626200CE,0.10123887870103741
16-01-2026 12:55||NIFTY27JAN2623900PE,0.19227669844492049
16-01-2026 12:55||NIFTY27JAN2624700PE,0.13658220864404913
16-01-2026 12:55||NIFTY27JAN2624900PE,0.12528166300926227
16-01-2026 12:55||NIFTY27JAN2625500CE,0.10528542368977054
16-01-2026 12:55||NIFTY27JAN2625800CE,0.09855570167727225
16-01-2026 13:00||NIFTY27JAN2623800PE,0.1985971777824718
16-01-2026 13:00||NIFTY27JAN2624700PE,0.134625623247145
16-01-2026 13:00||NIFTY27JAN2624800PE,0.12911202759274265
16-01-2026 13:00||NIFTY27JAN2625400CE,0.11070879086083377
16-01-2026 13:00||NIFTY27JAN2625900CE,0.09825651821892896
16-01-2026 13:00||NIFTY27JAN2626000CE,0.09767415512884879
16-01-2026 13:05||NIFTY27JAN2624100PE,0.17425894098025854
16-01-2026 13:05||NIFTY27JAN2625000PE,0.11562354946256317
16-01-2026 13:05||NIFTY27JAN2625300CE,0.12696894827656693
16-01-2026 13:10||NIFTY27JAN2625200CE,0.1349133838758519
16-01-2026 13:15||NIFTY27JAN2623800PE,0.19571101235076627
16-01-2026 13:15||NIFTY27JAN2624100PE,0.17270241234022524
16-01-2026 13:15||NIFTY27JAN2624600PE,0.13747596053791686
16-01-2026 13:15||NIFTY27JAN2624700PE,0.131063169937628
16-01-2026 13:15||NIFTY27JAN2625800CE,0.10178172475315303
16-01-2026 13:15||NIFTY27JAN2626100CE,0.098544753879349
16-01-2026 13:15||NIFTY27JAN2626200CE,0.09943275951008247
16-01-2026 13:20||NIFTY27JAN2624300PE,0.15719502523272055
16-01-2026 13:20||NIFTY27JAN2624700PE,0.13094062998844114
16-01-2026 13:20||NIFTY27JAN2625100PE,0.11148293034284192
16-01-2026 13:20||NIFTY27JAN2625600CE,0.10460298933795867
16-01-2026 13:20||NIFTY27JAN2626100CE,0.09814893384663068
16-01-2026 13:25||NIFTY27JAN2623900PE,0.18371265592602493
16-01-2026 13:25||NIFTY27JAN2624300PE,0.15422495402831782
16-01-2026 13:25||NIFTY27JAN2624400PE,0.1476582437788893
16-01-2026 13:25||NIFTY27JAN2625200CE,0.14269238897596642
16-01-2026 13:25||NIFTY27JAN2625300CE,0.13289694200521615
16-01-2026 13:25||NIFTY27JAN2625500CE,0.12335897011022462
16-01-2026 13:25||NIFTY27JAN2625800CE,0.11039038573707395
16-01-2026 13:25||NIFTY27JAN2626400CE,0.10685120919350242
16-01-2026 13:25||NIFTY27JAN2626500CE,0.11071085228186478
16-01-2026 13:30||NIFTY27JAN2624000PE,0.1787008095034319
16-01-2026 13:30||NIFTY27JAN2624200PE,0.16353285279106142
16-01-2026 13:30||NIFTY27JAN2624400PE,0.15005184853872228
16-01-2026 13:30||NIFTY27JAN2624900PE,0.12034601559557266
16-01-2026 13:30||NIFTY27JAN2625000PE,0.11621653825213728
16-01-2026 13:30||NIFTY27JAN2625200CE,0.12932238897596465
16-01-2026 13:35||NIFTY27JAN2624400PE,0.14875701704583028
16-01-2026 13:35||NIFTY27JAN2624500PE,0.14161403327205616
16-01-2026 13:35||NIFTY27JAN2624900PE,0.11865649384697562
16-01-2026 13:35||NIFTY27JAN2625500CE,0.11767601790627745
16-01-2026 13:35||NIFTY27JAN2626100CE,0.10170406930565941
16-01-2026 13:35||NIFTY27JAN2626400CE,0.10702427904709032
16-01-2026 13:40||NIFTY27JAN2623900PE,0.18646277091189553
16-01-2026 13:40||NIFTY27JAN2624500PE,0.1437277458189661
16-01-2026 13:40||NIFTY27JAN2624700PE,0.13145328789530855
16-01-2026 13:40||NIFTY27JAN2625200CE,0.13074020568700145
16-01-2026 13:40||NIFTY27JAN2625300CE,0.11867953279189604
16-01-2026 13:40||NIFTY27JAN2625900CE,0.10035276863268251
16-01-2026 13:40||NIFTY27JAN2626000CE,0.09917228839239664
16-01-2026 13:40||NIFTY27JAN2626200CE,0.09974049066674162
16-01-2026 13:40||NIFTY27JAN2626500CE,0.10984095859362313
16-01-2026 13:45||NIFTY27JAN2623900PE,0.1864115630613614
16-01-2026 13:45||NIFTY27JAN2624100PE,0.16981965540506347
16-01-2026 13:45||NIFTY27JAN2624500PE,0.14284332945473313
16-01-2026 13:50||NIFTY27JAN2624700PE,0.133624842447445
16-01-2026 13:50||NIFTY27JAN2625900CE,0.09527728766188845
16-01-2026 13:50||NIFTY27JAN2626000CE,0.09517974636329334
16-01-2026 13:55||NIFTY27JAN2623900PE,0.18625570697236912
16-01-2026 13:55||NIFTY27JAN2624200PE,0.1629369935218494
16-01-2026 13:55||NIFTY27JAN2624300PE,0.15666754165526905
16-01-2026 13:55||NIFTY27JAN2625000PE,0.11611080648948441
16-01-2026 13:55||NIFTY27JAN2625700CE,0.10323184970864374
16-01-2026 13:55||NIFTY27JAN2626100CE,0.09932613887156296
16-01-2026 14:00||NIFTY27JAN2624500PE,0.1426732190822071
16-01-2026 14:00||NIFTY27JAN2624900PE,0.11985739816048988
16-01-2026 14:00||NIFTY27JAN2625000PE,0.11589927283939744
16-01-2026 14:00||NIFTY27JAN2625100PE,0.11009233490016637
16-01-2026 14:00||NIFTY27JAN2626000CE,0.09897699717544685
16-01-2026 14:05||NIFTY27JAN2624100PE,0.17097057054144685
16-01-2026 14:05||NIFTY27JAN2625500CE,0.10305850921405196
16-01-2026 14:05||NIFTY27JAN2625800CE,0.09760076615679014
16-01-2026 14:05||NIFTY27JAN2626100CE,0.09741753132204847
16-01-2026 14:10||NIFTY27JAN2624500PE,0.1439317203311369
16-01-2026 14:10||NIFTY27JAN2625100PE,0.11083598658067288
16-01-2026 14:10||NIFTY27JAN2625500CE,0.10930340907497965
16-01-2026 14:10||NIFTY27JAN2626400CE,0.10515355763732409
16-01-2026 14:10||NIFTY27JAN2626500CE,0.10945297444430181
16-01-2026 14:15||NIFTY27JAN2624300PE,0.15688086007080748
16-01-2026 14:15||NIFTY27JAN2624600PE,0.13635500265757616
16-01-2026 14:15||NIFTY27JAN2624900PE,0.11896062938971921
16-01-2026 14:15||NIFTY27JAN2625500CE,0.1122480634315764
16-01-2026 14:20||NIFTY27JAN2624200PE,0.16432870173970296
16-01-2026 14:20||NIFTY27JAN2624800PE,0.12545606821025385
16-01-2026 14:20||NIFTY27JAN2625100PE,0.11055277514949977
16-01-2026 14:20||NIFTY27JAN2626000CE,0.09966447736117565
16-01-2026 14:20||NIFTY27JAN2626300CE,0.1033815673458294
16-01-2026 14:25||NIFTY27JAN2623900PE,0.18943894942124004
16-01-2026 14:25||NIFTY27JAN2624900PE,0.12207247956618279
16-01-2026 14:25||NIFTY27JAN2625100PE,0.11168277514950006
16-01-2026 14:25||NIFTY27JAN2625500CE,0.10054103698289663
16-01-2026 14:25||NIFTY27JAN2626500CE,0.10894469774908709
16-01-2026 14:30||NIFTY27JAN2623800PE,0.19360169836346847
16-01-2026 14:30||NIFTY27JAN2624300PE,0.1573916956864757
16-01-2026 14:30||NIFTY27JAN2626300CE,0.10364062321433594
16-01-2026 14:35||NIFTY27JAN2623800PE,0.19603503169680198
16-01-2026 14:35||NIFTY27JAN2624800PE,0.12702801249048498
16-01-2026 14:35||NIFTY27JAN2624900PE,0.12079131968268247
16-01-2026 14:35||NIFTY27JAN2625000PE,0.1166619746339922
16-01-2026 14:35||NIFTY27JAN2625300CE,0.10406996716076333
16-01-2026 14:35||NIFTY27JAN2625900CE,0.09645542367473171
16-01-2026 14:35||NIFTY27JAN2626100CE,0.09609692825335364
16-01-2026 14:35||NIFTY27JAN2626200CE,0.09788105960060292
16-01-2026 14:35||NIFTY27JAN2626300CE,0.1006154507590938
16-01-2026 14:35||NIFTY27JAN2626500CE,0.10565711134624645
16-01-2026 14:40||NIFTY27JAN2624200PE,0.1651625664596462
16-01-2026 14:40||NIFTY27JAN2624600PE,0.1379521018727809
16-01-2026 14:40||NIFTY27JAN2624900PE,0.12017710940034282
16-01-2026 14:40||NIFTY27JAN2625800CE,0.09977342887075576
16-01-2026 14:40||NIFTY27JAN2626500CE,0.10886711134624619
16-01-2026 14:45||NIFTY27JAN2623900PE,0.1871907455167588
16-01-2026 14:45||NIFTY27JAN2624000PE,0.18061098763811523
16-01-2026 14:45||NIFTY27JAN2624100PE,0.1709145971761291
16-01-2026 14:45||NIFTY27JAN2625000PE,0.11644212831921465
16-01-2026 14:45||NIFTY27JAN2625300CE,0.1094543087905263
16-01-2026 14:45||NIFTY27JAN2625600CE,0.10137615541749688
16-01-2026 14:45||NIFTY27JAN2626300CE,0.10028772369633211
16-01-2026 14:45||NIFTY27JAN2626400CE,0.10524169480497986
16-01-2026 14:50||NIFTY27JAN2623900PE,0.18708750906781063
16-01-2026 14:50||NIFTY27JAN2624100PE,0.17139920145847343
16-01-2026 14:50||NIFTY27JAN2624200PE,0.1643533372839225
16-01-2026 14:50||NIFTY27JAN2624300PE,0.15726312509027907
16-01-2026 14:50||NIFTY27JAN2624700PE,0.13092937517637146
16-01-2026 14:50||NIFTY27JAN2625100PE,0.11200823599603821
16-01-2026 14:55||NIFTY27JAN2624200PE,0.16349923977349576
16-01-2026 14:55||NIFTY27JAN2624900PE,0.12045780827446301
16-01-2026 14:55||NIFTY27JAN2625200CE,0.12161815075675066
16-01-2026 14:55||NIFTY27JAN2625300CE,0.1178576014675504
16-01-2026 14:55||NIFTY27JAN2625600CE,0.10612311850952555
16-01-2026 14:55||NIFTY27JAN2625700CE,0.10254797740384218
16-01-2026 14:55||NIFTY27JAN2625800CE,0.09964317783067606
16-01-2026 15:00||NIFTY27JAN2624000PE,0.18064070315816552
16-01-2026 15:00||NIFTY27JAN2624800PE,0.12745577600325367
16-01-2026 15:00||NIFTY27JAN2624900PE,0.12182029880344963
16-01-2026 15:00||NIFTY27JAN2625500CE,0.10097724084443746
16-01-2026 15:05||NIFTY27JAN2623900PE,0.18694793812952654
16-01-2026 15:05||NIFTY27JAN2624100PE,0.17106643572990807
16-01-2026 15:05||NIFTY27JAN2624200PE,0.163649186747241
16-01-2026 15:05||NIFTY27JAN2624600PE,0.13731630227107075
16-01-2026 15:05||NIFTY27JAN2624900PE,0.12108682197224457
16-01-2026 15:05||NIFTY27JAN2626200CE,0.09781879033068756
16-01-2026 15:10||NIFTY27JAN2623900PE,0.1861649670532018
16-01-2026 15:10||NIFTY27JAN2624700PE,0.13095615645210898
16-01-2026 15:10||NIFTY27JAN2624800PE,0.12647835915979047
16-01-2026 15:10||NIFTY27JAN2625100PE,0.1118075266477038
16-01-2026 15:10||NIFTY27JAN2625600CE,0.10067273564947678
16-01-2026 15:15||NIFTY27JAN2623800PE,0.1946879840608234
16-01-2026 15:15||NIFTY27JAN2624200PE,0.16250531157755338
16-01-2026 15:15||NIFTY27JAN2624400PE,0.149424889307948
16-01-2026 15:15||NIFTY27JAN2624500PE,0.14262739696192608
16-01-2026 15:15||NIFTY27JAN2624700PE,0.1306446439682368
16-01-2026 15:15||NIFTY27JAN2624800PE,0.1259955647716016
16-01-2026 15:15||NIFTY27JAN2625000PE,0.11561380680621247
16-01-2026 15:15||NIFTY27JAN2625300CE,0.11874117451456734
16-01-2026 15:15||NIFTY27JAN2625500CE,0.11029284336893841
16-01-2026 15:15||NIFTY27JAN2626000CE,0.09901259138727843
16-01-2026 15:15||NIFTY27JAN2626100CE,0.0980997125787806
16-01-2026 15:15||NIFTY27JAN2626300CE,0.10200630376828346
16-01-2026 15:20||NIFTY27JAN2623900PE,0.18665663413403924
16-01-2026 15:20||NIFTY27JAN2624000PE,0.17984179321523835
16-01-2026 15:20||NIFTY27JAN2624200PE,0.1635747858032603
16-01-2026 15:20||NIFTY27JAN2624400PE,0.15054039571375993
16-01-2026 15:20||NIFTY27JAN2624600PE,0.137342067435028
16-01-2026 15:20||NIFTY27JAN2624800PE,0.12594529973654825
16-01-2026 15:20||NIFTY27JAN2625500CE,0.10891446426282758
16-01-2026 15:20||NIFTY27JAN2625900CE,0.09893521903941763
16-01-2026 15:20||NIFTY27JAN2626100CE,0.09777761439684098
16-01-2026 15:20||NIFTY27JAN2626400CE,0.10306278687767977
16-01-2026 15:20||NIFTY27JAN2626500CE,0.10713101315408939
16-01-2026 15:25||NIFTY27JAN2626400CE,0.10270778687767977
16-01-2026 15:25||NIFTY27JAN2626500CE,0.10793672743980358
19-01-2026 09:15||NIFTY27JAN2624700PE,0.1356324473038427
19-01-2026 09:15||NIFTY27JAN2624900PE,0.12369270765769314
19-01-2026 09:15||NIFTY27JAN2625400CE,0.12933579159874284
19-01-2026 09:15||NIFTY27JAN2625500CE,0.1255903001886245
19-01-2026 09:15||NIFTY27JAN2625900CE,0.11778508481994474
19-01-2026 09:15||NIFTY27JAN2626300CE,0.12739779627994205
19-01-2026 09:15||NIFTY27JAN2626400CE,0.13112994298063185
19-01-2026 09:20||NIFTY27JAN2624600PE,0.14697442473893724
19-01-2026 09:20||NIFTY27JAN2625700CE,0.09926452793790758
19-01-2026 09:20||NIFTY27JAN2626100CE,0.10852123506287376
19-01-2026 09:20||NIFTY27JAN2626400CE,0.12289731444537465
19-01-2026 09:25||NIFTY27JAN2624500PE,0.1519766039633148
19-01-2026 09:25||NIFTY27JAN2625500CE,0.10296577257974486
19-01-2026 09:25||NIFTY27JAN2625600CE,0.101647004372191
19-01-2026 09:25||NIFTY27JAN2625700CE,0.10274077539982301
19-01-2026 09:25||NIFTY27JAN2626100CE,0.11111555566810344
19-01-2026 09:25||NIFTY27JAN2626200CE,0.11554331630807273
19-01-2026 09:25||NIFTY27JAN2626400CE,0.12598435187662815
19-01-2026 09:30||NIFTY27JAN2623800PE,0.20693962689333853
19-01-2026 09:30||NIFTY27JAN2624000PE,0.19200428729774605
19-01-2026 09:30||NIFTY27JAN2624200PE,0.1745876138166986
19-01-2026 09:30||NIFTY27JAN2624300PE,0.16618235736766163
19-01-2026 09:30||NIFTY27JAN2624400PE,0.15860290011483244
19-01-2026 09:30||NIFTY27JAN2624800PE,0.12818022904350693
19-01-2026 09:30||NIFTY27JAN2625400CE,0.12925782560579077
19-01-2026 09:30||NIFTY27JAN2625800CE,0.11577263898884085
19-01-2026 09:30||NIFTY27JAN2626500CE,0.14016105126428607
19-01-2026 09:35||NIFTY27JAN2624500PE,0.15534275486140908
19-01-2026 09:35||NIFTY27JAN2624800PE,0.1340838617273429
19-01-2026 09:35||NIFTY27JAN2625500CE,0.10026906606050617
19-01-2026 09:35||NIFTY27JAN2625600CE,0.0998638228676921
19-01-2026 09:35||NIFTY27JAN2626200CE,0.11386084996898856
19-01-2026 09:40||NIFTY27JAN2624100PE,0.18380483187543475
19-01-2026 09:40||NIFTY27JAN2624200PE,0.175149369274669
19-01-2026 09:40||NIFTY27JAN2624400PE,0.159535579356443
19-01-2026 09:40||NIFTY27JAN2624500PE,0.15047776550202224
19-01-2026 09:40||NIFTY27JAN2624600PE,0.14164941399651415
19-01-2026 09:40||NIFTY27JAN2624900PE,0.12301798667101882
19-01-2026 09:40||NIFTY27JAN2625700CE,0.10953673784878928
19-01-2026 09:40||NIFTY27JAN2626200CE,0.11829231883731435
19-01-2026 09:40||NIFTY27JAN2626300CE,0.12295241203971351
19-01-2026 09:40||NIFTY27JAN2626500CE,0.13543788020903352
19-01-2026 09:45||NIFTY27JAN2623900PE,0.20035909682668562
19-01-2026 09:45||NIFTY27JAN2624000PE,0.19342174560806166
19-01-2026 09:45||NIFTY27JAN2626200CE,0.11666894806479373
19-01-2026 09:50||NIFTY27JAN2623900PE,0.2010642108385522
19-01-2026 09:50||NIFTY27JAN2624700PE,0.1368845072812302
19-01-2026 09:50||NIFTY27JAN2624800PE,0.1315389004529801
19-01-2026 09:50||NIFTY27JAN2625300CE,0.09936089623815456
19-01-2026 09:50||NIFTY27JAN2625900CE,0.10461391302812689
19-01-2026 09:50||NIFTY27JAN2626200CE,0.11515033692008654
19-01-2026 09:55||NIFTY27JAN2624700PE,0.13727136780606447
19-01-2026 09:55||NIFTY27JAN2625400CE,0.10168514650756628
19-01-2026 09:55||NIFTY27JAN2625700CE,0.10275717560552311
19-01-2026 09:55||NIFTY27JAN2626400CE,0.12748953696117632
19-01-2026 10:00||NIFTY27JAN2624400PE,0.15792450338019975
19-01-2026 10:00||NIFTY27JAN2625000PE,0.12003965184441771
19-01-2026 10:00||NIFTY27JAN2625700CE,0.10571165150548334
19-01-2026 10:00||NIFTY27JAN2625900CE,0.10764487731499657
19-01-2026 10:05||NIFTY27JAN2624500PE,0.14793466295768493
19-01-2026 10:05||NIFTY27JAN2624800PE,0.1271514338327716
19-01-2026 10:05||NIFTY27JAN2625200CE,0.12795663714351818
19-01-2026 10:05||NIFTY27JAN2625500CE,0.1150685670207129
19-01-2026 10:05||NIFTY27JAN2626100CE,0.11729976118731562
19-01-2026 10:05||NIFTY27JAN2626200CE,0.1216906350745541
19-01-2026 10:10||NIFTY27JAN2623800PE,0.2085554342718043
19-01-2026 10:10||NIFTY27JAN2624200PE,0.17478608541588678
19-01-2026 10:10||NIFTY27JAN2624400PE,0.15811836971680923
19-01-2026 10:10||NIFTY27JAN2625100PE,0.1159823573842873
19-01-2026 10:15||NIFTY27JAN2624200PE,0.17468664336748305
19-01-2026 10:15||NIFTY27JAN2624400PE,0.15764514911805802
19-01-2026 10:15||NIFTY27JAN2624700PE,0.13464069704156628
19-01-2026 10:15||NIFTY27JAN2624800PE,0.12944041596243455
19-01-2026 10:15||NIFTY27JAN2625100PE,0.11549235738428743
19-01-2026 10:15||NIFTY27JAN2625500CE,0.1097533835652004
19-01-2026 10:15||NIFTY27JAN2625700CE,0.10750044344747713
19-01-2026 10:15||NIFTY27JAN2626200CE,0.11972741390138901
19-01-2026 10:15||NIFTY27JAN2626500CE,0.1374192461823508
19-01-2026 10:20||NIFTY27JAN2623900PE,0.20096550219013806
19-01-2026 10:20||NIFTY27JAN2624100PE,0.1845724815245858
19-01-2026 10:20||NIFTY27JAN2625500CE,0.10797868721225248
19-01-2026 10:20||NIFTY27JAN2626300CE,0.12309586179618782
19-01-2026 10:25||NIFTY27JAN2625400CE,0.10227395668975087
19-01-2026 10:25||NIFTY27JAN2626100CE,0.11389447051515936
19-01-2026 10:25||NIFTY27JAN2626400CE,0.12794082273703275
19-01-2026 10:25||NIFTY27JAN2626500CE,0.13404863386638388
19-01-2026 10:30||NIFTY27JAN2623800PE,0.20704219986299527
19-01-2026 10:30||NIFTY27JAN2623900PE,0.19965939479170092
19-01-2026 10:30||NIFTY27JAN2624600PE,0.14177534059360017
19-01-2026 10:30||NIFTY27JAN2624700PE,0.13598164147686292
19-01-2026 10:30||NIFTY27JAN2624800PE,0.13123259265101364
19-01-2026 10:30||NIFTY27JAN2624900PE,0.12596948538608377
19-01-2026 10:30||NIFTY27JAN2626200CE,0.12024132270954009
19-01-2026 10:35||NIFTY27JAN2623800PE,0.20538719986299575
19-01-2026 10:35||NIFTY27JAN2624700PE,0.13599142608759524
19-01-2026 10:35||NIFTY27JAN2624800PE,0.13149018120184788
19-01-2026 10:35||NIFTY27JAN2625000PE,0.12274519353527547
19-01-2026 10:35||NIFTY27JAN2625200CE,0.10928126085178401
19-01-2026 10:35||NIFTY27JAN2626300CE,0.12541919386842534
19-01-2026 10:40||NIFTY27JAN2623800PE,0.2053071998629919
19-01-2026 10:40||NIFTY27JAN2623900PE,0.19759922369064706
19-01-2026 10:40||NIFTY27JAN2624000PE,0.19029287779952972
19-01-2026 10:40||NIFTY27JAN2624700PE,0.13430946849799513
19-01-2026 10:40||NIFTY27JAN2625400CE,0.11759508132411303
19-01-2026 10:40||NIFTY27JAN2625700CE,0.11184570643088389
19-01-2026 10:45||NIFTY27JAN2624000PE,0.19252983600172943
19-01-2026 10:45||NIFTY27JAN2624700PE,0.13740138737475777
19-01-2026 10:45||NIFTY27JAN2625600CE,0.10679943989238662
19-01-2026 10:45||NIFTY27JAN2626200CE,0.11904041503334147
19-01-2026 10:50||NIFTY27JAN2625100PE,0.1154771740484885
19-01-2026 10:50||NIFTY27JAN2625200CE,0.12322805775928387
19-01-2026 10:50||NIFTY27JAN2626200CE,0.12060147677597617
19-01-2026 10:55||NIFTY27JAN2624100PE,0.18290950175957746
19-01-2026 10:55||NIFTY27JAN2624200PE,0.17487128646835923
19-01-2026 10:55||NIFTY27JAN2624500PE,0.14902622723464104
19-01-2026 10:55||NIFTY27JAN2625400CE,0.12097213041032846
19-01-2026 10:55||NIFTY27JAN2625500CE,0.11780731759267732
19-01-2026 10:55||NIFTY27JAN2625900CE,0.1109293866503581
19-01-2026 10:55||NIFTY27JAN2626000CE,0.11434645606449746
19-01-2026 11:00||NIFTY27JAN2623900PE,0.20231620035893305
19-01-2026 11:00||NIFTY27JAN2624400PE,0.1601122839346694
19-01-2026 11:00||NIFTY27JAN2625400CE,0.11586439997611338
19-01-2026 11:00||NIFTY27JAN2625600CE,0.11198551496091969
19-01-2026 11:00||NIFTY27JAN2625700CE,0.1099685113927397
19-01-2026 11:00||NIFTY27JAN2625800CE,0.10847347764834947
19-01-2026 11:00||NIFTY27JAN2626300CE,0.12317701650348555
19-01-2026 11:00||NIFTY27JAN2626500CE,0.13443848280007312
19-01-2026 11:05||NIFTY27JAN2623800PE,0.21087763077852598
19-01-2026 11:05||NIFTY27JAN2623900PE,0.20247151460684332
19-01-2026 11:05||NIFTY27JAN2624200PE,0.17890543310964496
19-01-2026 11:05||NIFTY27JAN2624500PE,0.15479428592411373
19-01-2026 11:05||NIFTY27JAN2625000PE,0.12574144442753904
19-01-2026 11:05||NIFTY27JAN2625600CE,0.10172802623102828
19-01-2026 11:05||NIFTY27JAN2626100CE,0.10990574612672031
19-01-2026 11:10||NIFTY27JAN2624300PE,0.168349496136223
19-01-2026 11:10||NIFTY27JAN2625800CE,0.10504916640682563
19-01-2026 11:15||NIFTY27JAN2624400PE,0.16056822387649813
19-01-2026 11:15||NIFTY27JAN2624500PE,0.15265972778346543
19-01-2026 11:15||NIFTY27JAN2624600PE,0.14539974098045
19-01-2026 11:15||NIFTY27JAN2624700PE,0.13909334385933836
19-01-2026 11:15||NIFTY27JAN2624900PE,0.1278546261565909
19-01-2026 11:15||NIFTY27JAN2625100PE,0.11835692163872749
19-01-2026 11:20||NIFTY27JAN2623800PE,0.2060084411617516
19-01-2026 11:20||NIFTY27JAN2624200PE,0.174342877109996
19-01-2026 11:20||NIFTY27JAN2624300PE,0.16571909522866973
19-01-2026 11:20||NIFTY27JAN2624500PE,0.14973016353303953
19-01-2026 11:20||NIFTY27JAN2624900PE,0.12483284845949447
19-01-2026 11:20||NIFTY27JAN2625400CE,0.11353914583238763
19-01-2026 11:20||NIFTY27JAN2625500CE,0.112187681452329
19-01-2026 11:20||NIFTY27JAN2625600CE,0.1095313216027917
19-01-2026 11:20||NIFTY27JAN2625700CE,0.10879978363623534
19-01-2026 11:20||NIFTY27JAN2626200CE,0.12019860076642482
19-01-2026 11:20||NIFTY27JAN2626300CE,0.12521493899152755
19-01-2026 11:20||NIFTY27JAN2626500CE,0.13691995438274665
19-01-2026 11:25||NIFTY27JAN2624900PE,0.12520029693619447
19-01-2026 11:25||NIFTY27JAN2625300CE,0.1177937175477814
19-01-2026 11:25||NIFTY27JAN2625400CE,0.11461265195886512
19-01-2026 11:30||NIFTY27JAN2624100PE,0.18327526231102495
19-01-2026 11:30||NIFTY27JAN2624600PE,0.14284447501058659
19-01-2026 11:30||NIFTY27JAN2624900PE,0.12509746464356672
19-01-2026 11:30||NIFTY27JAN2625000PE,0.12092909235881846
19-01-2026 11:30||NIFTY27JAN2625500CE,0.11297116205922611
19-01-2026 11:30||NIFTY27JAN2625700CE,0.10897958158933334
19-01-2026 11:30||NIFTY27JAN2626500CE,0.13673755422645126
19-01-2026 11:35||NIFTY27JAN2623900PE,0.1989807031572459
19-01-2026 11:35||NIFTY27JAN2624600PE,0.14199389497600642
19-01-2026 11:35||NIFTY27JAN2625800CE,0.10992426692326672
19-01-2026 11:35||NIFTY27JAN2626000CE,0.1129984127314474
19-01-2026 11:35||NIFTY27JAN2626200CE,0.1162933714571129
19-01-2026 11:35||NIFTY27JAN2626300CE,0.11752878738498171
19-01-2026 11:35||NIFTY27JAN2626400CE,0.11955715923677938
19-01-2026 11:35||NIFTY27JAN2626500CE,0.12163755422645132
19-01-2026 11:40||NIFTY27JAN2623800PE,0.20891431818307324
19-01-2026 11:40||NIFTY27JAN2624100PE,0.18470234797272359
19-01-2026 11:40||NIFTY27JAN2624200PE,0.17669736080551987
19-01-2026 11:40||NIFTY27JAN2624400PE,0.16029795936864172
19-01-2026 11:40||NIFTY27JAN2624500PE,0.1507569987178156
19-01-2026 11:40||NIFTY27JAN2625100PE,0.1159146410293465
19-01-2026 11:45||NIFTY27JAN2624300PE,0.1690855447924623
19-01-2026 11:45||NIFTY27JAN2625400CE,0.11324315987011693
19-01-2026 11:50||NIFTY27JAN2624600PE,0.14448120971220374
19-01-2026 11:50||NIFTY27JAN2625200CE,0.11309608184769235
19-01-2026 11:50||NIFTY27JAN2626300CE,0.12255448990263568
19-01-2026 11:55||NIFTY27JAN2623800PE,0.20766054971337303
19-01-2026 11:55||NIFTY27JAN2624300PE,0.1692449335417899
19-01-2026 11:55||NIFTY27JAN2624500PE,0.15306837575569152
19-01-2026 11:55||NIFTY27JAN2624600PE,0.14565005708947593
19-01-2026 11:55||NIFTY27JAN2624700PE,0.13914464924200304
19-01-2026 11:55||NIFTY27JAN2625900CE,0.10477202109447252
19-01-2026 11:55||NIFTY27JAN2626200CE,0.11655755605069221
19-01-2026 12:00||NIFTY27JAN2624200PE,0.17583637266873042
19-01-2026 12:00||NIFTY27JAN2624300PE,0.16749492149813547
19-01-2026 12:00||NIFTY27JAN2624400PE,0.15898721464150856
19-01-2026 12:00||NIFTY27JAN2624500PE,0.15104015081550667
19-01-2026 12:00||NIFTY27JAN2624700PE,0.1380546516068371
19-01-2026 12:00||NIFTY27JAN2625000PE,0.12247935275297459
19-01-2026 12:00||NIFTY27JAN2626100CE,0.11401562939263184
19-01-2026 12:00||NIFTY27JAN2626500CE,0.13613362676817298
19-01-2026 12:05||NIFTY27JAN2623900PE,0.1998902244970959
19-01-2026 12:05||NIFTY27JAN2624400PE,0.16084486497116646
19-01-2026 12:05||NIFTY27JAN2624500PE,0.15205853303067482
19-01-2026 12:05||NIFTY27JAN2625200CE,0.11226938221311951
19-01-2026 12:05||NIFTY27JAN2625400CE,0.10787632222801198
19-01-2026 12:05||NIFTY27JAN2625500CE,0.1065186384999165
19-01-2026 12:05||NIFTY27JAN2625700CE,0.10497798886112315
19-01-2026 12:05||NIFTY27JAN2626100CE,0.11475227994103616
19-01-2026 12:05||NIFTY27JAN2626200CE,0.11914571147755869
19-01-2026 12:05||NIFTY27JAN2626400CE,0.1289225561426429
19-01-2026 12:05||NIFTY27JAN2626500CE,0.1347519601015068
19-01-2026 12:10||NIFTY27JAN2623900PE,0.2002595719440192
19-01-2026 12:10||NIFTY27JAN2625600CE,0.1096223738093428
19-01-2026 12:10||NIFTY27JAN2626400CE,0.13073748788016668
19-01-2026 12:15||NIFTY27JAN2623900PE,0.1998960361203874
19-01-2026 12:15||NIFTY27JAN2624100PE,0.18427803221800243
19-01-2026 12:15||NIFTY27JAN2624300PE,0.16855178580612054
19-01-2026 12:20||NIFTY27JAN2623800PE,0.20916123616590157
19-01-2026 12:20||NIFTY27JAN2624400PE,0.16206956042067094
19-01-2026 12:20||NIFTY27JAN2625100PE,0.11780640676828326
19-01-2026 12:20||NIFTY27JAN2625300CE,0.10733044618938738
19-01-2026 12:20||NIFTY27JAN2626200CE,0.11575983342378371
19-01-2026 12:25||NIFTY27JAN2623800PE,0.20783123616590174
19-01-2026 12:25||NIFTY27JAN2625700CE,0.10514021249134413
19-01-2026 12:25||NIFTY27JAN2626500CE,0.13579622696739427
19-01-2026 12:30||NIFTY27JAN2623900PE,0.20042427438370913
19-01-2026 12:30||NIFTY27JAN2624300PE,0.1690368226275882
19-01-2026 12:30||NIFTY27JAN2624500PE,0.1519782288845392
19-01-2026 12:30||NIFTY27JAN2625000PE,0.1212967053582461
19-01-2026 12:30||NIFTY27JAN2625400CE,0.10853015366947666
19-01-2026 12:30||NIFTY27JAN2626500CE,0.1361828936340608
19-01-2026 12:35||NIFTY27JAN2624100PE,0.1843427881252172
19-01-2026 12:35||NIFTY27JAN2624200PE,0.1770574158372204
19-01-2026 12:35||NIFTY27JAN2624400PE,0.1604978659418106
19-01-2026 12:35||NIFTY27JAN2624700PE,0.13799982316250964
19-01-2026 12:35||NIFTY27JAN2625000PE,0.12208221275291686
19-01-2026 12:35||NIFTY27JAN2625300CE,0.1103358503914684
19-01-2026 12:40||NIFTY27JAN2623800PE,0.20676541537630713
19-01-2026 12:40||NIFTY27JAN2625700CE,0.10885951324271292
19-01-2026 12:40||NIFTY27JAN2625800CE,0.10840465020203562
19-01-2026 12:40||NIFTY27JAN2626400CE,0.13149265250781467
19-01-2026 12:45||NIFTY27JAN2626000CE,0.10997076004615607
19-01-2026 12:45||NIFTY27JAN2626100CE,0.11343936194866756
19-01-2026 12:45||NIFTY27JAN2626400CE,0.12925512274899914
19-01-2026 12:50||NIFTY27JAN2623800PE,0.20683306362017373
19-01-2026 12:50||NIFTY27JAN2624200PE,0.1755390435643056
19-01-2026 12:50||NIFTY27JAN2625900CE,0.10960991041147941
19-01-2026 12:50||NIFTY27JAN2626500CE,0.1374293670443971
19-01-2026 12:55||NIFTY27JAN2623900PE,0.20255796408758178
19-01-2026 12:55||NIFTY27JAN2624100PE,0.1866249121085174
19-01-2026 12:55||NIFTY27JAN2624300PE,0.17158111295312062
19-01-2026 12:55||NIFTY27JAN2624400PE,0.16184101074610663
19-01-2026 12:55||NIFTY27JAN2624500PE,0.1524964131871984
19-01-2026 12:55||NIFTY27JAN2624700PE,0.13843684169988135
19-01-2026 12:55||NIFTY27JAN2625100PE,0.1170858470475949
19-01-2026 12:55||NIFTY27JAN2625700CE,0.10522488875091039
19-01-2026 12:55||NIFTY27JAN2626000CE,0.10938130703453801
19-01-2026 13:00||NIFTY27JAN2623900PE,0.20442636629047764
19-01-2026 13:00||NIFTY27JAN2624000PE,0.19736775088334108
19-01-2026 13:00||NIFTY27JAN2624400PE,0.16333166988279185
19-01-2026 13:00||NIFTY27JAN2624700PE,0.13975751420352323
19-01-2026 13:00||NIFTY27JAN2625400CE,0.10873075046271118
19-01-2026 13:00||NIFTY27JAN2625600CE,0.10526221532134916
19-01-2026 13:00||NIFTY27JAN2625900CE,0.10569604570562537
19-01-2026 13:00||NIFTY27JAN2626200CE,0.11668843148549739
19-01-2026 13:00||NIFTY27JAN2626500CE,0.13398524382286198
19-01-2026 13:05||NIFTY27JAN2624600PE,0.14652959044981095
19-01-2026 13:05||NIFTY27JAN2625100PE,0.11792609301980005
19-01-2026 13:05||NIFTY27JAN2625700CE,0.10322529335475629
19-01-2026 13:10||NIFTY27JAN2623800PE,0.21198245998769408
19-01-2026 13:10||NIFTY27JAN2623900PE,0.20478754877049918
19-01-2026 13:10||NIFTY27JAN2624400PE,0.16425044408817738
19-01-2026 13:10||NIFTY27JAN2624500PE,0.15479652857084708
19-01-2026 13:10||NIFTY27JAN2624600PE,0.14639195290293294
19-01-2026 13:10||NIFTY27JAN2626200CE,0.11565691403693046
19-01-2026 13:10||NIFTY27JAN2626300CE,0.12074329206157314
19-01-2026 13:15||NIFTY27JAN2625800CE,0.10674956244546814
19-01-2026 13:20||NIFTY27JAN2624400PE,0.16260903959073245
19-01-2026 13:20||NIFTY27JAN2624800PE,0.1329128589898647
19-01-2026 13:20||NIFTY27JAN2624900PE,0.1264704435935582
19-01-2026 13:20||NIFTY27JAN2625000PE,0.12222965897176287
19-01-2026 13:20||NIFTY27JAN2625200CE,0.11000216203633843
19-01-2026 13:20||NIFTY27JAN2625400CE,0.10603388400932823
19-01-2026 13:25||NIFTY27JAN2623900PE,0.2043922562620362
19-01-2026 13:25||NIFTY27JAN2625000PE,0.12065320735305242
19-01-2026 13:25||NIFTY27JAN2625300CE,0.1122075611877147
19-01-2026 13:25||NIFTY27JAN2625400CE,0.10873406990716128
19-01-2026 13:25||NIFTY27JAN2625900CE,0.10567777627952687
19-01-2026 13:25||NIFTY27JAN2626200CE,0.11760773108627696
19-01-2026 13:25||NIFTY27JAN2626500CE,0.1347111050539825
19-01-2026 13:30||NIFTY27JAN2624300PE,0.17070468223950414
19-01-2026 13:30||NIFTY27JAN2624900PE,0.12485058603209527
19-01-2026 13:30||NIFTY27JAN2625100PE,0.11502297841032638
19-01-2026 13:30||NIFTY27JAN2625800CE,0.10644179381050457
19-01-2026 13:30||NIFTY27JAN2626100CE,0.11338883161641765
19-01-2026 13:30||NIFTY27JAN2626300CE,0.12276797882298987
19-01-2026 13:30||NIFTY27JAN2626500CE,0.13363027172064953
19-01-2026 13:35||NIFTY27JAN2624400PE,0.16396703615006883
19-01-2026 13:35||NIFTY27JAN2624900PE,0.12725578296281545
19-01-2026 13:35||NIFTY27JAN2626200CE,0.11620308071435853
19-01-2026 13:35||NIFTY27JAN2626400CE,0.12738572346073362
19-01-2026 13:40||NIFTY27JAN2624800PE,0.13456519474659154
19-01-2026 13:40||NIFTY27JAN2625300CE,0.10172968460674202
19-01-2026 13:40||NIFTY27JAN2625400CE,0.1010519868193077
19-01-2026 13:40||NIFTY27JAN2625600CE,0.10076109858278419
19-01-2026 13:40||NIFTY27JAN2625800CE,0.10168957843033678
19-01-2026 13:40||NIFTY27JAN2625900CE,0.10284491543248875
19-01-2026 13:45||NIFTY27JAN2624300PE,0.16939287722632065
19-01-2026 13:45||NIFTY27JAN2624700PE,0.13525368024387402
19-01-2026 13:45||NIFTY27JAN2625100PE,0.11036413105707132
19-01-2026 13:45||NIFTY27JAN2625500CE,0.12230892904304305
19-01-2026 13:45||NIFTY27JAN2626500CE,0.13502654378712384
19-01-2026 13:50||NIFTY27JAN2623900PE,0.20574858637052784
19-01-2026 13:50||NIFTY27JAN2624200PE,0.18206321679448603
19-01-2026 13:50||NIFTY27JAN2625100PE,0.11725413105707094
19-01-2026 13:50||NIFTY27JAN2625400CE,0.11578515894915806
19-01-2026 13:50||NIFTY27JAN2625700CE,0.1063948070675804
19-01-2026 13:50||NIFTY27JAN2626200CE,0.1143064686348292
19-01-2026 13:55||NIFTY27JAN2624500PE,0.15884791004606608
19-01-2026 13:55||NIFTY27JAN2624600PE,0.1502520372592255
19-01-2026 13:55||NIFTY27JAN2625600CE,0.1026545108366729
19-01-2026 13:55||NIFTY27JAN2625700CE,0.10154432448308601
19-01-2026 13:55||NIFTY27JAN2625800CE,0.10149936742432907
19-01-2026 13:55||NIFTY27JAN2625900CE,0.10176518417708173
19-01-2026 13:55||NIFTY27JAN2626200CE,0.11087307215498356
19-01-2026 14:00||NIFTY27JAN2624100PE,0.1932335175462338
19-01-2026 14:00||NIFTY27JAN2624600PE,0.14943738312077712
19-01-2026 14:00||NIFTY27JAN2625300CE,0.12280219919479847
19-01-2026 14:00||NIFTY27JAN2625800CE,0.10727930600278889
19-01-2026 14:00||NIFTY27JAN2625900CE,0.1066008407045647
19-01-2026 14:00||NIFTY27JAN2626100CE,0.10966928079083636
19-01-2026 14:05||NIFTY27JAN2623800PE,0.21836916549763047
19-01-2026 14:05||NIFTY27JAN2624200PE,0.1879127386434015
19-01-2026 14:05||NIFTY27JAN2624500PE,0.16088178837400605
19-01-2026 14:05||NIFTY27JAN2625000PE,0.12544154198269972
19-01-2026 14:05||NIFTY27JAN2625400CE,0.1072212898022828
19-01-2026 14:05||NIFTY27JAN2626500CE,0.12427281157551542
19-01-2026 14:10||NIFTY27JAN2624400PE,0.16969161790801732
19-01-2026 14:10||NIFTY27JAN2624500PE,0.16017630531440133
19-01-2026 14:10||NIFTY27JAN2625100PE,0.12112065021554422
19-01-2026 14:10||NIFTY27JAN2625200CE,0.10055411117061225
19-01-2026 14:10||NIFTY27JAN2626100CE,0.10325174718552906
19-01-2026 14:15||NIFTY27JAN2623800PE,0.21645813435372938
19-01-2026 14:15||NIFTY27JAN2624100PE,0.19246437325653187
19-01-2026 14:15||NIFTY27JAN2624200PE,0.18497356250845673
19-01-2026 14:15||NIFTY27JAN2624500PE,0.15760152430221921
19-01-2026 14:15||NIFTY27JAN2624700PE,0.14061923683518315
19-01-2026 14:15||NIFTY27JAN2624800PE,0.13428282054847018
19-01-2026 14:15||NIFTY27JAN2625100PE,0.11525065021554418
19-01-2026 14:15||NIFTY27JAN2626400CE,0.12249565498134132
19-01-2026 14:20||NIFTY27JAN2624200PE,0.18603164497979593
19-01-2026 14:20||NIFTY27JAN2624500PE,0.15974960396355012
19-01-2026 14:20||NIFTY27JAN2625800CE,0.10162794048375554
19-01-2026 14:20||NIFTY27JAN2626000CE,0.10327651917711338
19-01-2026 14:25||NIFTY27JAN2624000PE,0.2025632581141465
19-01-2026 14:25||NIFTY27JAN2625100PE,0.12031367133682899
19-01-2026 14:25||NIFTY27JAN2625700CE,0.09820608081598559
19-01-2026 14:25||NIFTY27JAN2625900CE,0.09856866511098465
19-01-2026 14:25||NIFTY27JAN2626000CE,0.10086284329087507
19-01-2026 14:25||NIFTY27JAN2626500CE,0.12477440205737102
19-01-2026 14:30||NIFTY27JAN2624100PE,0.19285389546712775
19-01-2026 14:30||NIFTY27JAN2624300PE,0.17680844394742878
19-01-2026 14:30||NIFTY27JAN2624700PE,0.14243684781333335
19-01-2026 14:30||NIFTY27JAN2624800PE,0.13621582026940193
19-01-2026 14:30||NIFTY27JAN2625000PE,0.12436475899771975
19-01-2026 14:35||NIFTY27JAN2623800PE,0.21672859651069956
19-01-2026 14:35||NIFTY27JAN2624300PE,0.17603079302187707
19-01-2026 14:35||NIFTY27JAN2625000PE,0.12365378696567046
19-01-2026 14:35||NIFTY27JAN2625800CE,0.10371684687701696
19-01-2026 14:35||NIFTY27JAN2626100CE,0.10675604500440561
19-01-2026 14:35||NIFTY27JAN2626300CE,0.11502444587900033
19-01-2026 14:35||NIFTY27JAN2626400CE,0.12027337425639473
19-01-2026 14:40||NIFTY27JAN2624000PE,0.2022872210893955
19-01-2026 14:40||NIFTY27JAN2624300PE,0.1777875564409388
19-01-2026 14:40||NIFTY27JAN2624700PE,0.1438139430013287
19-01-2026 14:40||NIFTY27JAN2625200CE,0.11210899409319179
19-01-2026 14:45||NIFTY27JAN2623900PE,0.21062186270421857
19-01-2026 14:45||NIFTY27JAN2624100PE,0.19410128590982328
19-01-2026 14:45||NIFTY27JAN2624400PE,0.16935980416615273
19-01-2026 14:45||NIFTY27JAN2624600PE,0.15213194863510318
19-01-2026 14:45||NIFTY27JAN2624800PE,0.13774342453422142
19-01-2026 14:45||NIFTY27JAN2625800CE,0.09974003116628309
19-01-2026 14:45||NIFTY27JAN2626000CE,0.1019878366970307
19-01-2026 14:50||NIFTY27JAN2624000PE,0.20380657695454263
19-01-2026 14:50||NIFTY27JAN2624200PE,0.18763871930823156
19-01-2026 14:50||NIFTY27JAN2624500PE,0.1610686722549497
19-01-2026 14:50||NIFTY27JAN2625100PE,0.11987217484566583
19-01-2026 14:50||NIFTY27JAN2625700CE,0.1016355291546192
19-01-2026 14:55||NIFTY27JAN2623800PE,0.22206946092744512
19-01-2026 14:55||NIFTY27JAN2624400PE,0.1710156801462289
19-01-2026 14:55||NIFTY27JAN2625300CE,0.1055113699203351
19-01-2026 14:55||NIFTY27JAN2625400CE,0.10311351372678927
19-01-2026 14:55||NIFTY27JAN2626000CE,0.10008219577719409
19-01-2026 14:55||NIFTY27JAN2626100CE,0.10189710119564217
19-01-2026 15:00||NIFTY27JAN2624300PE,0.18162403928788637
19-01-2026 15:00||NIFTY27JAN2625000PE,0.12943926512231788
19-01-2026 15:00||NIFTY27JAN2625600CE,0.09153139680154943
19-01-2026 15:00||NIFTY27JAN2626000CE,0.09582460039287717
19-01-2026 15:00||NIFTY27JAN2626300CE,0.10824442032582689
19-01-2026 15:05||NIFTY27JAN2623900PE,0.20941173949875364
19-01-2026 15:05||NIFTY27JAN2625700CE,0.09497507132428289
19-01-2026 15:05||NIFTY27JAN2626000CE,0.09806810353434876
19-01-2026 15:05||NIFTY27JAN2626400CE,0.11666017755577594
19-01-2026 15:10||NIFTY27JAN2624100PE,0.1923697866777827
19-01-2026 15:10||NIFTY27JAN2624300PE,0.17680900467415261
19-01-2026 15:10||NIFTY27JAN2624800PE,0.13868371504902452
19-01-2026 15:10||NIFTY27JAN2625800CE,0.09615089842763079
19-01-2026 15:10||NIFTY27JAN2626100CE,0.10222306064431037
19-01-2026 15:15||NIFTY27JAN2624200PE,0.18552546308830128
19-01-2026 15:15||NIFTY27JAN2624400PE,0.16937546654037908
19-01-2026 15:15||NIFTY27JAN2624500PE,0.16090862478236506
19-01-2026 15:15||NIFTY27JAN2624600PE,0.15329997737789516
19-01-2026 15:15||NIFTY27JAN2624700PE,0.14547395057492815
19-01-2026 15:15||NIFTY27JAN2625300CE,0.08429594861354085
19-01-2026 15:15||NIFTY27JAN2625400CE,0.08881474975967914
19-01-2026 15:15||NIFTY27JAN2626200CE,0.10516725053317273
19-01-2026 15:20||NIFTY27JAN2624500PE,0.1567645141287773
19-01-2026 15:20||NIFTY27JAN2625200CE,0.09493180590802376
19-01-2026 15:20||NIFTY27JAN2625800CE,0.09587340388670035
19-01-2026 15:20||NIFTY27JAN2626400CE,0.11979409801182693
19-01-2026 15:20||NIFTY27JAN2626500CE,0.12760440205974077
19-01-2026 15:25||NIFTY27JAN2624300PE,0.17332634689008158
19-01-2026 15:25||NIFTY27JAN2624400PE,0.16546306485635878
19-01-2026 15:25||NIFTY27JAN2624700PE,0.14265250129483556
19-01-2026 15:25||NIFTY27JAN2625800CE,0.09411189062617459
19-01-2026 15:25||NIFTY27JAN2626300CE,0.11442679895634766
20-01-2026 09:15||NIFTY27JAN2623900PE,0.2079685749857901
20-01-2026 09:15||NIFTY27JAN2624000PE,0.20079722455204252
20-01-2026 09:15||NIFTY27JAN2624100PE,0.19006637903706988
20-01-2026 09:15||NIFTY27JAN2624400PE,0.1670694393474678
20-01-2026 09:15||NIFTY27JAN2624600PE,0.15143175097794703
20-01-2026 09:15||NIFTY27JAN2625200CE,0.10609424190928504
20-01-2026 09:15||NIFTY27JAN2625500CE,0.10484489578260849
20-01-2026 09:15||NIFTY27JAN2626200CE,0.11395102648999765
20-01-2026 09:15||NIFTY27JAN2626300CE,0.12035496181627492
20-01-2026 09:15||NIFTY27JAN2626400CE,0.12582052773534666
20-01-2026 09:20||NIFTY27JAN2623800PE,0.21360811781849498
20-01-2026 09:20||NIFTY27JAN2624000PE,0.19914640950303852
20-01-2026 09:20||NIFTY27JAN2624700PE,0.1451692591700252
20-01-2026 09:20||NIFTY27JAN2625200CE,0.08172424190928582
20-01-2026 09:20||NIFTY27JAN2625400CE,0.08928996418418343
20-01-2026 09:20||NIFTY27JAN2625500CE,0.09138429110565739
20-01-2026 09:20||NIFTY27JAN2625800CE,0.0962943137008273
20-01-2026 09:20||NIFTY27JAN2626300CE,0.11966031742199901
20-01-2026 09:20||NIFTY27JAN2626500CE,0.13596178203500903
20-01-2026 09:25||NIFTY27JAN2623900PE,0.20331429496207895
20-01-2026 09:25||NIFTY27JAN2625000PE,0.12582984674355613
20-01-2026 09:25||NIFTY27JAN2625400CE,0.10522935669351284
20-01-2026 09:30||NIFTY27JAN2623900PE,0.20245824155496492
20-01-2026 09:30||NIFTY27JAN2624400PE,0.1603431862024634
20-01-2026 09:30||NIFTY27JAN2624800PE,0.13224507843252223
20-01-2026 09:30||NIFTY27JAN2625700CE,0.10717122609987266
20-01-2026 09:30||NIFTY27JAN2626100CE,0.11691782548483752
20-01-2026 09:30||NIFTY27JAN2626300CE,0.1292613992034854
20-01-2026 09:35||NIFTY27JAN2624500PE,0.15311498481366262
20-01-2026 09:35||NIFTY27JAN2625200CE,0.10413691119577541
20-01-2026 09:35||NIFTY27JAN2625700CE,0.10516558823422566
20-01-2026 09:35||NIFTY27JAN2625800CE,0.10554288674466704
20-01-2026 09:35||NIFTY27JAN2626200CE,0.12262775990183661
20-01-2026 09:40||NIFTY27JAN2623800PE,0.21414669987779808
20-01-2026 09:40||NIFTY27JAN2624100PE,0.1861527662560539
20-01-2026 09:40||NIFTY27JAN2625000PE,0.12207451757473864
20-01-2026 09:40||NIFTY27JAN2625900CE,0.11287930856748957
20-01-2026 09:40||NIFTY27JAN2626100CE,0.12100354853028174
20-01-2026 09:40||NIFTY27JAN2626200CE,0.12657446443819742
20-01-2026 09:40||NIFTY27JAN2626400CE,0.13999484981416116
20-01-2026 09:45||NIFTY27JAN2624800PE,0.13350087248228806
20-01-2026 09:45||NIFTY27JAN2625500CE,0.11258507157731575
20-01-2026 09:45||NIFTY27JAN2626200CE,0.12634243413517998
20-01-2026 09:45||NIFTY27JAN2626300CE,0.13327461024855278
20-01-2026 09:50||NIFTY27JAN2624100PE,0.18820475302367115
20-01-2026 09:50||NIFTY27JAN2624800PE,0.1362055464989861
20-01-2026 09:50||NIFTY27JAN2625100PE,0.12378453791603859
20-01-2026 09:50||NIFTY27JAN2625200CE,0.10131848696178378
20-01-2026 09:55||NIFTY27JAN2623900PE,0.20424811637494025
20-01-2026 09:55||NIFTY27JAN2624100PE,0.18538477822001412
20-01-2026 09:55||NIFTY27JAN2625000PE,0.12303808762401872
20-01-2026 10:00||NIFTY27JAN2623900PE,0.20588949025229622
20-01-2026 10:00||NIFTY27JAN2624600PE,0.145391880103923
20-01-2026 10:00||NIFTY27JAN2624700PE,0.13799538817833537
20-01-2026 10:00||NIFTY27JAN2625200CE,0.11974259961837479
20-01-2026 10:00||NIFTY27JAN2625400CE,0.11542039740165214
20-01-2026 10:00||NIFTY27JAN2625700CE,0.11046189563163125
20-01-2026 10:00||NIFTY27JAN2626000CE,0.11663731580280703
20-01-2026 10:00||NIFTY27JAN2626200CE,0.12574921694175467
20-01-2026 10:05||NIFTY27JAN2626100CE,0.12048813877796899
20-01-2026 10:05||NIFTY27JAN2626200CE,0.1253187628682242
20-01-2026 10:05||NIFTY27JAN2626500CE,0.14510904217554216
20-01-2026 10:10||NIFTY27JAN2624900PE,0.13007796454568027
20-01-2026 10:10||NIFTY27JAN2625100PE,0.12201837217240223
20-01-2026 10:10||NIFTY27JAN2626500CE,0.1448995549960544
20-01-2026 10:15||NIFTY27JAN2624000PE,0.1949450170019829
20-01-2026 10:15||NIFTY27JAN2625800CE,0.1112906711711983
20-01-2026 10:15||NIFTY27JAN2626300CE,0.13155435338446334
20-01-2026 10:20||NIFTY27JAN2624100PE,0.18763826074068185
20-01-2026 10:20||NIFTY27JAN2625700CE,0.10509444352574458
20-01-2026 10:20||NIFTY27JAN2626000CE,0.11219345415610184
20-01-2026 10:25||NIFTY27JAN2623800PE,0.21455342887226952
20-01-2026 10:25||NIFTY27JAN2624700PE,0.13889607940507884
20-01-2026 10:25||NIFTY27JAN2625000PE,0.124107114863392
20-01-2026 10:25||NIFTY27JAN2625800CE,0.10477649671253607
20-01-2026 10:25||NIFTY27JAN2626200CE,0.12024766641220062
20-01-2026 10:25||NIFTY27JAN2626400CE,0.13330591646436024
20-01-2026 10:30||NIFTY27JAN2623900PE,0.2055949287813122
20-01-2026 10:30||NIFTY27JAN2624000PE,0.19698413143994503
20-01-2026 10:30||NIFTY27JAN2624300PE,0.17067675116639638
20-01-2026 10:30||NIFTY27JAN2624600PE,0.1457908048027433
20-01-2026 10:30||NIFTY27JAN2625500CE,0.10770684832443993
20-01-2026 10:30||NIFTY27JAN2625700CE,0.10661928477466062
20-01-2026 10:30||NIFTY27JAN2625800CE,0.10686928648892012
20-01-2026 10:35||NIFTY27JAN2624300PE,0.1692153816423602
20-01-2026 10:35||NIFTY27JAN2624700PE,0.13604847912399576
20-01-2026 10:35||NIFTY27JAN2625200CE,0.12956105456274805
20-01-2026 10:35||NIFTY27JAN2625400CE,0.12109415389074199
20-01-2026 10:35||NIFTY27JAN2625900CE,0.11169828365058267
20-01-2026 10:40||NIFTY27JAN2624000PE,0.19802618306191222
20-01-2026 10:40||NIFTY27JAN2624300PE,0.17160166164305615
20-01-2026 10:40||NIFTY27JAN2625800CE,0.10421012662171455
20-01-2026 10:40||NIFTY27JAN2626000CE,0.11038725774135595
20-01-2026 10:45||NIFTY27JAN2624900PE,0.1260979124914617
20-01-2026 10:45||NIFTY27JAN2625900CE,0.10832799186312167
20-01-2026 10:45||NIFTY27JAN2626200CE,0.12067661510747188
20-01-2026 10:45||NIFTY27JAN2626400CE,0.1327829543662005
20-01-2026 10:50||NIFTY27JAN2623800PE,0.2166265906069569
20-01-2026 10:50||NIFTY27JAN2624100PE,0.1891070742136613
20-01-2026 10:50||NIFTY27JAN2625300CE,0.10553208660502843
20-01-2026 10:50||NIFTY27JAN2626200CE,0.12041586365121562
20-01-2026 10:55||NIFTY27JAN2624200PE,0.17924684304058403
20-01-2026 10:55||NIFTY27JAN2624500PE,0.15304047967711992
20-01-2026 10:55||NIFTY27JAN2624600PE,0.14536647268599343
20-01-2026 10:55||NIFTY27JAN2624700PE,0.13817531522543725
20-01-2026 10:55||NIFTY27JAN2624800PE,0.13224695242528703
20-01-2026 10:55||NIFTY27JAN2625300CE,0.10926814605546407
20-01-2026 10:55||NIFTY27JAN2625400CE,0.10835033362898595
20-01-2026 10:55||NIFTY27JAN2625900CE,0.10889315761096421
20-01-2026 10:55||NIFTY27JAN2626400CE,0.13419559438382492
20-01-2026 11:00||NIFTY27JAN2623800PE,0.2149075157195985
20-01-2026 11:00||NIFTY27JAN2624000PE,0.1968201182581635
20-01-2026 11:00||NIFTY27JAN2624400PE,0.16059673180727008
20-01-2026 11:00||NIFTY27JAN2625300CE,0.10823296349201848
20-01-2026 11:05||NIFTY27JAN2623800PE,0.21487323000531486
20-01-2026 11:05||NIFTY27JAN2624400PE,0.16013064055778803
20-01-2026 11:05||NIFTY27JAN2624500PE,0.15103218047703768
20-01-2026 11:05||NIFTY27JAN2625400CE,0.10735057101813056
20-01-2026 11:05||NIFTY27JAN2625500CE,0.10567827409972037
20-01-2026 11:05||NIFTY27JAN2625800CE,0.10611506582562574
20-01-2026 11:05||NIFTY27JAN2626300CE,0.12954316573259395
20-01-2026 11:10||NIFTY27JAN2624500PE,0.15020893532747256
20-01-2026 11:10||NIFTY27JAN2624900PE,0.12483719719658537
20-01-2026 11:10||NIFTY27JAN2625200CE,0.11214147456683286
20-01-2026 11:10||NIFTY27JAN2625600CE,0.10601439511380081
20-01-2026 11:15||NIFTY27JAN2623800PE,0.2120490384218098
20-01-2026 11:15||NIFTY27JAN2624300PE,0.16626011201679108
20-01-2026 11:15||NIFTY27JAN2624700PE,0.1344273539853086
20-01-2026 11:15||NIFTY27JAN2625000PE,0.11946558759207496
20-01-2026 11:15||NIFTY27JAN2625300CE,0.11523367777559283
20-01-2026 11:15||NIFTY27JAN2625600CE,0.10730893892752166
20-01-2026 11:20||NIFTY27JAN2624500PE,0.14902712757197042
20-01-2026 11:20||NIFTY27JAN2625700CE,0.1071552156430814
20-01-2026 11:20||NIFTY27JAN2626200CE,0.12375365968374846
20-01-2026 11:25||NIFTY27JAN2624000PE,0.19303847196873314
20-01-2026 11:25||NIFTY27JAN2624300PE,0.16548248175932637
20-01-2026 11:25||NIFTY27JAN2624900PE,0.12120102938932338
20-01-2026 11:25||NIFTY27JAN2625200CE,0.12440228443389215
20-01-2026 11:25||NIFTY27JAN2625300CE,0.12100418339033714
20-01-2026 11:25||NIFTY27JAN2625700CE,0.10934742543033472
20-01-2026 11:25||NIFTY27JAN2626100CE,0.11873875544784805
20-01-2026 11:30||NIFTY27JAN2623900PE,0.20386768145548428
20-01-2026 11:30||NIFTY27JAN2624200PE,0.17703448467767982
20-01-2026 11:30||NIFTY27JAN2624900PE,0.1238213739313115
20-01-2026 11:30||NIFTY27JAN2625200CE,0.11453228443389077
20-01-2026 11:30||NIFTY27JAN2625700CE,0.10611757238294807
20-01-2026 11:30||NIFTY27JAN2625800CE,0.106518539331373
20-01-2026 11:30||NIFTY27JAN2626000CE,0.11318008473186335
20-01-2026 11:35||NIFTY27JAN2623800PE,0.21332678285260975
20-01-2026 11:35||NIFTY27JAN2625900CE,0.1076995246699205
20-01-2026 11:35||NIFTY27JAN2626300CE,0.12851563307492675
20-01-2026 11:35||NIFTY27JAN2626500CE,0.14326785527933483
20-01-2026 11:40||NIFTY27JAN2623800PE,0.21190216746799306
20-01-2026 11:40||NIFTY27JAN2624000PE,0.19414221831917808
20-01-2026 11:40||NIFTY27JAN2624100PE,0.18483278341024847
20-01-2026 11:40||NIFTY27JAN2624700PE,0.13360479935933647
20-01-2026 11:40||NIFTY27JAN2624800PE,0.12774973100559173
20-01-2026 11:40||NIFTY27JAN2625100PE,0.11277874030076933
20-01-2026 11:40||NIFTY27JAN2625300CE,0.11642809203060846
20-01-2026 11:45||NIFTY27JAN2623900PE,0.203467655497385
20-01-2026 11:45||NIFTY27JAN2624500PE,0.14953288645070015
20-01-2026 11:45||NIFTY27JAN2625600CE,0.10696727735351162
20-01-2026 11:45||NIFTY27JAN2625800CE,0.10636024985749601
20-01-2026 11:45||NIFTY27JAN2625900CE,0.10847857323180302
20-01-2026 11:45||NIFTY27JAN2626000CE,0.11319367761253643
20-01-2026 11:50||NIFTY27JAN2624200PE,0.17707298863163734
20-01-2026 11:50||NIFTY27JAN2624600PE,0.14202573094895654
20-01-2026 11:50||NIFTY27JAN2624700PE,0.13425775512632823
20-01-2026 11:50||NIFTY27JAN2624900PE,0.12167727636192709
20-01-2026 11:50||NIFTY27JAN2625400CE,0.11101216642505779
20-01-2026 11:50||NIFTY27JAN2625700CE,0.10455524884736081
20-01-2026 11:50||NIFTY27JAN2626300CE,0.12835414052476948
20-01-2026 11:55||NIFTY27JAN2623800PE,0.21580912821238873
20-01-2026 11:55||NIFTY27JAN2623900PE,0.20600871666195467
20-01-2026 11:55||NIFTY27JAN2624000PE,0.1974592605848782
20-01-2026 11:55||NIFTY27JAN2624100PE,0.1880054396184363
20-01-2026 11:55||NIFTY27JAN2625800CE,0.10174475571710076
20-01-2026 11:55||NIFTY27JAN2625900CE,0.10475704328859713
20-01-2026 12:00||NIFTY27JAN2623800PE,0.21431912821238697
20-01-2026 12:00||NIFTY27JAN2624400PE,0.15987380909371493
20-01-2026 12:00||NIFTY27JAN2624600PE,0.14356847794832614
20-01-2026 12:00||NIFTY27JAN2624700PE,0.13625321135092286
20-01-2026 12:00||NIFTY27JAN2625800CE,0.1018224003806705
20-01-2026 12:00||NIFTY27JAN2625900CE,0.1048944595962633
20-01-2026 12:05||NIFTY27JAN2624700PE,0.13571066776869892
20-01-2026 12:05||NIFTY27JAN2624900PE,0.12462672501737945
20-01-2026 12:05||NIFTY27JAN2625800CE,0.1019457225263605
20-01-2026 12:10||NIFTY27JAN2624200PE,0.17503654504502703
20-01-2026 12:10||NIFTY27JAN2624500PE,0.14921113635749647
20-01-2026 12:10||NIFTY27JAN2624600PE,0.1413986819630911
20-01-2026 12:10||NIFTY27JAN2624700PE,0.13469920990811382
20-01-2026 12:10||NIFTY27JAN2624800PE,0.12834819574232323
20-01-2026 12:10||NIFTY27JAN2624900PE,0.12189793185249873
20-01-2026 12:15||NIFTY27JAN2624300PE,0.16702220001681176
20-01-2026 12:15||NIFTY27JAN2624500PE,0.1494458952639229
20-01-2026 12:15||NIFTY27JAN2625000PE,0.1181791132764214
20-01-2026 12:15||NIFTY27JAN2625100PE,0.11306429829977467
20-01-2026 12:15||NIFTY27JAN2625400CE,0.10473123317785198
20-01-2026 12:15||NIFTY27JAN2626400CE,0.13907736382427746
20-01-2026 12:20||NIFTY27JAN2623900PE,0.2029915113390492
20-01-2026 12:20||NIFTY27JAN2624000PE,0.19445548597172982
20-01-2026 12:20||NIFTY27JAN2624100PE,0.18462198802943164
20-01-2026 12:20||NIFTY27JAN2625200CE,0.10646597587819943
20-01-2026 12:20||NIFTY27JAN2625300CE,0.10535726235765827
20-01-2026 12:20||NIFTY27JAN2625700CE,0.1031406847063551
20-01-2026 12:20||NIFTY27JAN2625800CE,0.10534303172606548
20-01-2026 12:20||NIFTY27JAN2625900CE,0.10830313450208467
20-01-2026 12:25||NIFTY27JAN2623800PE,0.21156922773061648
20-01-2026 12:25||NIFTY27JAN2625000PE,0.1143165475499415
20-01-2026 12:25||NIFTY27JAN2625100PE,0.10851791674365625
20-01-2026 12:25||NIFTY27JAN2625700CE,0.10698804575751955
20-01-2026 12:25||NIFTY27JAN2626000CE,0.11532130963336806
20-01-2026 12:30||NIFTY27JAN2623800PE,0.21337422773061565
20-01-2026 12:30||NIFTY27JAN2623900PE,0.20248568411352522
20-01-2026 12:30||NIFTY27JAN2624900PE,0.12148504123944197
20-01-2026 12:30||NIFTY27JAN2625000PE,0.11544654754994157
20-01-2026 12:30||NIFTY27JAN2625100PE,0.10908791674365688
20-01-2026 12:30||NIFTY27JAN2625300CE,0.10731804634644922
20-01-2026 12:30||NIFTY27JAN2626000CE,0.11376528947428932
20-01-2026 12:35||NIFTY27JAN2623800PE,0.21138589439728328
20-01-2026 12:35||NIFTY27JAN2624200PE,0.17450869300906302
20-01-2026 12:35||NIFTY27JAN2625000PE,0.11708066013790222
20-01-2026 12:35||NIFTY27JAN2625200CE,0.11448897148941431
20-01-2026 12:35||NIFTY27JAN2625500CE,0.10731747122325282
20-01-2026 12:35||NIFTY27JAN2625700CE,0.1062422617151227
20-01-2026 12:35||NIFTY27JAN2625800CE,0.1077599513172234
20-01-2026 12:35||NIFTY27JAN2626200CE,0.12704290137770524
20-01-2026 12:35||NIFTY27JAN2626300CE,0.13448292847355536
20-01-2026 12:40||NIFTY27JAN2623800PE,0.21074684677823274
20-01-2026 12:40||NIFTY27JAN2624000PE,0.19303850305178005
20-01-2026 12:40||NIFTY27JAN2624300PE,0.16537193122180088
20-01-2026 12:40||NIFTY27JAN2624600PE,0.14063677397324165
20-01-2026 12:40||NIFTY27JAN2624700PE,0.13422641470366264
20-01-2026 12:40||NIFTY27JAN2625400CE,0.10555660165896724
20-01-2026 12:40||NIFTY27JAN2626100CE,0.12074367985647694
20-01-2026 12:45||NIFTY27JAN2623800PE,0.20966589439728267
20-01-2026 12:45||NIFTY27JAN2624300PE,0.1644133758500072
20-01-2026 12:45||NIFTY27JAN2624400PE,0.15509180328613828
20-01-2026 12:45||NIFTY27JAN2625100PE,0.11327112739064378
20-01-2026 12:50||NIFTY27JAN2624200PE,0.17481848107723846
20-01-2026 12:50||NIFTY27JAN2625600CE,0.10592053681888874
20-01-2026 12:50||NIFTY27JAN2626000CE,0.11512345901892368
20-01-2026 12:50||NIFTY27JAN2626200CE,0.1263037277833456
20-01-2026 12:55||NIFTY27JAN2624900PE,0.1211813209202233
20-01-2026 12:55||NIFTY27JAN2625400CE,0.10949132528273434
20-01-2026 13:00||NIFTY27JAN2623900PE,0.2025940256980749
20-01-2026 13:00||NIFTY27JAN2624200PE,0.17612638146709161
20-01-2026 13:00||NIFTY27JAN2625100PE,0.11376208515950828
20-01-2026 13:00||NIFTY27JAN2625800CE,0.10689482065242198
20-01-2026 13:00||NIFTY27JAN2625900CE,0.11003848817647052
20-01-2026 13:00||NIFTY27JAN2626400CE,0.14095395342407863
20-01-2026 13:05||NIFTY27JAN2624200PE,0.175932207428548
20-01-2026 13:05||NIFTY27JAN2624900PE,0.12188690174520461
20-01-2026 13:05||NIFTY27JAN2625300CE,0.10880788117173601
20-01-2026 13:05||NIFTY27JAN2625400CE,0.10700804997855738
20-01-2026 13:05||NIFTY27JAN2625600CE,0.10457435902670015
20-01-2026 13:05||NIFTY27JAN2626500CE,0.14998430549842184
20-01-2026 13:10||NIFTY27JAN2624000PE,0.1940554387661925
20-01-2026 13:10||NIFTY27JAN2624400PE,0.1575251052788601
20-01-2026 13:10||NIFTY27JAN2624700PE,0.1347126108753541
20-01-2026 13:10||NIFTY27JAN2625000PE,0.11823943123082299
20-01-2026 13:10||NIFTY27JAN2626000CE,0.11435940825366256
20-01-2026 13:10||NIFTY27JAN2626400CE,0.1411155959210317
20-01-2026 13:15||NIFTY27JAN2623900PE,0.20194952406600145
20-01-2026 13:15||NIFTY27JAN2624600PE,0.13979200108570955
20-01-2026 13:15||NIFTY27JAN2624900PE,0.12068147402002831
20-01-2026 13:15||NIFTY27JAN2625000PE,0.1165370460175272
20-01-2026 13:15||NIFTY27JAN2625200CE,0.11760600849410731
20-01-2026 13:15||NIFTY27JAN2626000CE,0.11651686725414859
20-01-2026 13:15||NIFTY27JAN2626200CE,0.1279024735594702
20-01-2026 13:20||NIFTY27JAN2624200PE,0.17668737678276394
20-01-2026 13:20||NIFTY27JAN2624600PE,0.14255230134653052
20-01-2026 13:20||NIFTY27JAN2625000PE,0.11979244994640621
20-01-2026 13:20||NIFTY27JAN2625700CE,0.10370879163789633
20-01-2026 13:20||NIFTY27JAN2626100CE,0.118411182189473
20-01-2026 13:20||NIFTY27JAN2626200CE,0.1250715030692972
20-01-2026 13:25||NIFTY27JAN2623800PE,0.21180270025202327
20-01-2026 13:25||NIFTY27JAN2624100PE,0.18479554970851625
20-01-2026 13:25||NIFTY27JAN2624700PE,0.13409007682372573
20-01-2026 13:25||NIFTY27JAN2625000PE,0.11805214305806229
20-01-2026 13:25||NIFTY27JAN2625800CE,0.10752347653290344
20-01-2026 13:30||NIFTY27JAN2624100PE,0.18484105334740447
20-01-2026 13:30||NIFTY27JAN2624700PE,0.1347350928556433
20-01-2026 13:30||NIFTY27JAN2624900PE,0.12321900497557929
20-01-2026 13:30||NIFTY27JAN2626000CE,0.11479967459713974
20-01-2026 13:35||NIFTY27JAN2625100PE,0.1191231119999734
20-01-2026 13:35||NIFTY27JAN2625800CE,0.10843756550153058
20-01-2026 13:40||NIFTY27JAN2623800PE,0.2118546649205935
20-01-2026 13:40||NIFTY27JAN2624600PE,0.13903512769166373
20-01-2026 13:40||NIFTY27JAN2625000PE,0.11676085594525545
20-01-2026 13:45||NIFTY27JAN2624000PE,0.1943792746157331
20-01-2026 13:45||NIFTY27JAN2624400PE,0.15737757711672437
20-01-2026 13:45||NIFTY27JAN2624600PE,0.14160922109282884
20-01-2026 13:50||NIFTY27JAN2624000PE,0.19355314844581015
20-01-2026 13:50||NIFTY27JAN2624100PE,0.18316662382392765
20-01-2026 13:50||NIFTY27JAN2624200PE,0.1743633105187808
20-01-2026 13:50||NIFTY27JAN2624300PE,0.16499143045870182
20-01-2026 13:50||NIFTY27JAN2624500PE,0.14848045950625705
20-01-2026 13:50||NIFTY27JAN2625200CE,0.1178420821495993
20-01-2026 13:50||NIFTY27JAN2625400CE,0.11234186870664718
20-01-2026 13:50||NIFTY27JAN2626000CE,0.12076819038730202
20-01-2026 13:50||NIFTY27JAN2626100CE,0.12617960817194476
20-01-2026 13:55||NIFTY27JAN2624400PE,0.15722440695131779
20-01-2026 13:55||NIFTY27JAN2625200CE,0.11865708214959943
20-01-2026 13:55||NIFTY27JAN2625400CE,0.1125444060369286
20-01-2026 13:55||NIFTY27JAN2625600CE,0.10891681285043774
20-01-2026 14:00||NIFTY27JAN2624100PE,0.18621847274443654
20-01-2026 14:00||NIFTY27JAN2624200PE,0.17656185091778356
20-01-2026 14:00||NIFTY27JAN2624800PE,0.12891643953075058
20-01-2026 14:00||NIFTY27JAN2624900PE,0.12302579827957724
20-01-2026 14:00||NIFTY27JAN2625000PE,0.11774515580287366
20-01-2026 14:00||NIFTY27JAN2625100PE,0.112657085712386
20-01-2026 14:00||NIFTY27JAN2625200CE,0.11487708214959887
20-01-2026 14:00||NIFTY27JAN2626100CE,0.12550629281321482
20-01-2026 14:05||NIFTY27JAN2623800PE,0.21295995241543697
20-01-2026 14:05||NIFTY27JAN2625100PE,0.11655708571238602
20-01-2026 14:05||NIFTY27JAN2625200CE,0.11369708214959902
20-01-2026 14:05||NIFTY27JAN2626100CE,0.12701431150868606
20-01-2026 14:05||NIFTY27JAN2626400CE,0.1491992639766963
20-01-2026 14:10||NIFTY27JAN2624000PE,0.19499752431454367
20-01-2026 14:10||NIFTY27JAN2624200PE,0.17648814222462234
20-01-2026 14:10||NIFTY27JAN2624500PE,0.15021859434569318
20-01-2026 14:10||NIFTY27JAN2624900PE,0.12349306778970859
20-01-2026 14:10||NIFTY27JAN2625000PE,0.1192686701769649
20-01-2026 14:10||NIFTY27JAN2625500CE,0.11087546972105346
20-01-2026 14:10||NIFTY27JAN2625700CE,0.11115600870210005
20-01-2026 14:10||NIFTY27JAN2626100CE,0.12830223447905245
20-01-2026 14:10||NIFTY27JAN2626200CE,0.13493893787231348
20-01-2026 14:10||NIFTY27JAN2626300CE,0.1427517431655577
20-01-2026 14:15||NIFTY27JAN2623800PE,0.2104230228437337
20-01-2026 14:15||NIFTY27JAN2624100PE,0.18404460678607326
20-01-2026 14:15||NIFTY27JAN2624500PE,0.15069320512276885
20-01-2026 14:15||NIFTY27JAN2624600PE,0.14272950489214964
20-01-2026 14:15||NIFTY27JAN2624900PE,0.12487280780016152
20-01-2026 14:15||NIFTY27JAN2625200CE,0.1116626819795058
20-01-2026 14:15||NIFTY27JAN2625400CE,0.10850618123961801
20-01-2026 14:15||NIFTY27JAN2626000CE,0.12100660810492381
20-01-2026 14:15||NIFTY27JAN2626300CE,0.140560963789461
20-01-2026 14:15||NIFTY27JAN2626500CE,0.15706322641873047
20-01-2026 14:20||NIFTY27JAN2625400CE,0.11505287759759746
20-01-2026 14:20||NIFTY27JAN2625700CE,0.11243199780512546
20-01-2026 14:20||NIFTY27JAN2626500CE,0.15847275022825266
20-01-2026 14:25||NIFTY27JAN2624100PE,0.1860476020389596
20-01-2026 14:25||NIFTY27JAN2624600PE,0.1416990218685286
20-01-2026 14:25||NIFTY27JAN2625400CE,0.11353460919079232
20-01-2026 14:25||NIFTY27JAN2625900CE,0.11601840362312646
20-01-2026 14:30||NIFTY27JAN2624000PE,0.1960885311755078
20-01-2026 14:30||NIFTY27JAN2624600PE,0.14444053512907054
20-01-2026 14:30||NIFTY27JAN2625400CE,0.10683583886944951
20-01-2026 14:30||NIFTY27JAN2625500CE,0.10580729968781497
20-01-2026 14:30||NIFTY27JAN2625800CE,0.10962337440536442
20-01-2026 14:30||NIFTY27JAN2626000CE,0.11850114163818619
20-01-2026 14:30||NIFTY27JAN2626400CE,0.14399216780163065
20-01-2026 14:30||NIFTY27JAN2626500CE,0.15176693813951417
20-01-2026 14:35||NIFTY27JAN2624600PE,0.14629147253542676
20-01-2026 14:35||NIFTY27JAN2624800PE,0.13359574971266394
20-01-2026 14:35||NIFTY27JAN2625600CE,0.10503524605949871
20-01-2026 14:35||NIFTY27JAN2626000CE,0.11822638460284411
20-01-2026 14:35||NIFTY27JAN2626300CE,0.13702447520398547
20-01-2026 14:40||NIFTY27JAN2623800PE,0.21720403121212714
20-01-2026 14:40||NIFTY27JAN2625200CE,0.11113817254025729
20-01-2026 14:40||NIFTY27JAN2625500CE,0.10632077900904102
20-01-2026 14:45||NIFTY27JAN2624600PE,0.14470752484245558
20-01-2026 14:45||NIFTY27JAN2625500CE,0.10926407722609577
20-01-2026 14:45||NIFTY27JAN2626000CE,0.12160851343881848
20-01-2026 14:45||NIFTY27JAN2626100CE,0.12716020301009745
20-01-2026 14:50||NIFTY27JAN2624000PE,0.19958652031403495
20-01-2026 14:50||NIFTY27JAN2624200PE,0.1806091346307099
20-01-2026 14:50||NIFTY27JAN2624900PE,0.12706217290241953
20-01-2026 14:50||NIFTY27JAN2625100PE,0.11852712016558319
20-01-2026 14:50||NIFTY27JAN2625500CE,0.10303290847263691
20-01-2026 14:50||NIFTY27JAN2625900CE,0.11320123740990108
20-01-2026 14:55||NIFTY27JAN2623900PE,0.20834819771971158
20-01-2026 14:55||NIFTY27JAN2624000PE,0.19966599897170884
20-01-2026 14:55||NIFTY27JAN2624100PE,0.18952200174659709
20-01-2026 14:55||NIFTY27JAN2626000CE,0.11910847920151482
20-01-2026 15:00||NIFTY27JAN2624800PE,0.12897670055450466
20-01-2026 15:00||NIFTY27JAN2625600CE,0.10645508218245005
20-01-2026 15:00||NIFTY27JAN2626100CE,0.13151144070056708
20-01-2026 15:00||NIFTY27JAN2626200CE,0.13929775169060457
20-01-2026 15:00||NIFTY27JAN2626400CE,0.1543858013397426
20-01-2026 15:05||NIFTY27JAN2623900PE,0.20585464632567083
20-01-2026 15:05||NIFTY27JAN2624300PE,0.16723384803732694
20-01-2026 15:05||NIFTY27JAN2625000PE,0.1260894057772881
20-01-2026 15:05||NIFTY27JAN2625200CE,0.09737135211041688
20-01-2026 15:05||NIFTY27JAN2626100CE,0.12993163405436525
20-01-2026 15:05||NIFTY27JAN2626200CE,0.13771983568398363
20-01-2026 15:10||NIFTY27JAN2624300PE,0.16560733039459657
20-01-2026 15:10||NIFTY27JAN2625100PE,0.13022327451127128
20-01-2026 15:10||NIFTY27JAN2625300CE,0.1011806389018267
20-01-2026 15:10||NIFTY27JAN2625400CE,0.10262354372677973
20-01-2026 15:10||NIFTY27JAN2625900CE,0.12405280784327054
20-01-2026 15:10||NIFTY27JAN2626100CE,0.13676835405982302
20-01-2026 15:15||NIFTY27JAN2624000PE,0.20426017841093488
20-01-2026 15:15||NIFTY27JAN2624200PE,0.1824590354427713
20-01-2026 15:15||NIFTY27JAN2624500PE,0.15512085661860248
20-01-2026 15:15||NIFTY27JAN2624800PE,0.13738604650844552
20-01-2026 15:15||NIFTY27JAN2625000PE,0.1292148493630018
20-01-2026 15:15||NIFTY27JAN2625100PE,0.12516327451127132
20-01-2026 15:15||NIFTY27JAN2625700CE,0.11596761830439832
20-01-2026 15:15||NIFTY27JAN2625900CE,0.12604193048940734
20-01-2026 15:15||NIFTY27JAN2626000CE,0.13320860893254868
20-01-2026 15:15||NIFTY27JAN2626200CE,0.14648597439653016
20-01-2026 15:20||NIFTY27JAN2623800PE,0.2205155859031434
20-01-2026 15:20||NIFTY27JAN2624200PE,0.17907455354230994
20-01-2026 15:20||NIFTY27JAN2624500PE,0.15045546615324362
20-01-2026 15:20||NIFTY27JAN2625500CE,0.11800881846367162
20-01-2026 15:20||NIFTY27JAN2625700CE,0.12250061298933361
20-01-2026 15:20||NIFTY27JAN2626400CE,0.16451118724884167
20-01-2026 15:25||NIFTY27JAN2623800PE,0.22003225256980913
20-01-2026 15:25||NIFTY27JAN2625100PE,0.11106074329566692
20-01-2026 15:25||NIFTY27JAN2625200CE,0.13648668078217407
20-01-2026 15:25||NIFTY27JAN2625300CE,0.13321799580800012
20-01-2026 15:25||NIFTY27JAN2625900CE,0.1337941681325925
20-01-2026 15:25||NIFTY27JAN2626200CE,0.15065999067920668
21-01-2026 09:15||NIFTY27JAN2625200CE,0.1596616807821738
21-01-2026 09:15||NIFTY27JAN2625400CE,0.1464599108112097
21-01-2026 09:15||NIFTY27JAN2625900CE,0.14264801611359015
21-01-2026 09:15||NIFTY27JAN2626200CE,0.15900249276251568
21-01-2026 09:20||NIFTY27JAN2623900PE,0.21910512052076228
21-01-2026 09:20||NIFTY27JAN2624300PE,0.17856730781321467
21-01-2026 09:20||NIFTY27JAN2624400PE,0.1682966911328948
21-01-2026 09:25||NIFTY27JAN2624000PE,0.21878525129980525
21-01-2026 09:25||NIFTY27JAN2624300PE,0.18841092098394135
21-01-2026 09:25||NIFTY27JAN2624400PE,0.17809404822200403
21-01-2026 09:25||NIFTY27JAN2625100PE,0.1272883488733425
21-01-2026 09:25||NIFTY27JAN2625300CE,0.11098977694054973
21-01-2026 09:25||NIFTY27JAN2625600CE,0.11056394105980205
21-01-2026 09:25||NIFTY27JAN2625800CE,0.11808583738034921
21-01-2026 09:30||NIFTY27JAN2623800PE,0.23609554145616746
21-01-2026 09:30||NIFTY27JAN2623900PE,0.2248819285747395
21-01-2026 09:30||NIFTY27JAN2624000PE,0.21491569106776148
21-01-2026 09:30||NIFTY27JAN2624400PE,0.17282297704648653
21-01-2026 09:30||NIFTY27JAN2625300CE,0.13058151991592887
21-01-2026 09:30||NIFTY27JAN2625700CE,0.12135874965428506
21-01-2026 09:35||NIFTY27JAN2623900PE,0.22806381940013615
21-01-2026 09:35||NIFTY27JAN2624200PE,0.19684713487275973
21-01-2026 09:35||NIFTY27JAN2625200CE,0.11093019765202644
21-01-2026 09:35||NIFTY27JAN2625300CE,0.10961672477186021
21-01-2026 09:35||NIFTY27JAN2625600CE,0.11032855774889665
21-01-2026 09:35||NIFTY27JAN2626200CE,0.14692645977542962
21-01-2026 09:40||NIFTY27JAN2624400PE,0.16798475243464484
21-01-2026 09:40||NIFTY27JAN2625100PE,0.10824444710220299
21-01-2026 09:40||NIFTY27JAN2625200CE,0.13007019765202593
21-01-2026 09:40||NIFTY27JAN2625900CE,0.13112506825872033
21-01-2026 09:40||NIFTY27JAN2626300CE,0.15995506767127846
21-01-2026 09:40||NIFTY27JAN2626400CE,0.167908423579538
21-01-2026 09:45||NIFTY27JAN2623800PE,0.2304806210105181
21-01-2026 09:45||NIFTY27JAN2624100PE,0.19851611483228218
21-01-2026 09:45||NIFTY27JAN2624400PE,0.16765432525464152
21-01-2026 09:45||NIFTY27JAN2625200CE,0.12846019765202582
21-01-2026 09:45||NIFTY27JAN2625600CE,0.11856752303340802
21-01-2026 09:45||NIFTY27JAN2626000CE,0.1370198065587895
21-01-2026 09:45||NIFTY27JAN2626300CE,0.15969723431442343
21-01-2026 09:50||NIFTY27JAN2624700PE,0.13853734918209235
21-01-2026 09:50||NIFTY27JAN2624900PE,0.12291177012631341
21-01-2026 09:50||NIFTY27JAN2625400CE,0.11613091111084618
21-01-2026 09:50||NIFTY27JAN2625600CE,0.11659788836636654
21-01-2026 09:50||NIFTY27JAN2625800CE,0.12412086536906616
21-01-2026 09:55||NIFTY27JAN2624100PE,0.19503227168726714
21-01-2026 09:55||NIFTY27JAN2624200PE,0.18583645808416693
21-01-2026 09:55||NIFTY27JAN2624400PE,0.16649063241512393
21-01-2026 09:55||NIFTY27JAN2624800PE,0.13327969399395165
21-01-2026 09:55||NIFTY27JAN2625400CE,0.11103574235908088
21-01-2026 09:55||NIFTY27JAN2626000CE,0.13536397205250725
21-01-2026 09:55||NIFTY27JAN2626100CE,0.1427491312693537
21-01-2026 09:55||NIFTY27JAN2626200CE,0.15187524464444466
21-01-2026 09:55||NIFTY27JAN2626500CE,0.17797601750867442
21-01-2026 10:00||NIFTY27JAN2624000PE,0.2015255982978179
21-01-2026 10:00||NIFTY27JAN2625000PE,0.11518853955666218
21-01-2026 10:00||NIFTY27JAN2625300CE,0.1224091342160732
21-01-2026 10:00||NIFTY27JAN2625400CE,0.11970508540523885
21-01-2026 10:00||NIFTY27JAN2626500CE,0.1813269698896256
21-01-2026 10:05||NIFTY27JAN2625200CE,0.12004397152713495
21-01-2026 10:05||NIFTY27JAN2625600CE,0.11622659351283002
21-01-2026 10:05||NIFTY27JAN2625700CE,0.12014374726461778
21-01-2026 10:05||NIFTY27JAN2625800CE,0.12510962596920872
21-01-2026 10:10||NIFTY27JAN2624000PE,0.19748076800241532
21-01-2026 10:10||NIFTY27JAN2624400PE,0.15882516394844684
21-01-2026 10:10||NIFTY27JAN2625800CE,0.1296921586976435
21-01-2026 10:10||NIFTY27JAN2626100CE,0.14946338278915947
21-01-2026 10:15||NIFTY27JAN2624000PE,0.19973047196897942
21-01-2026 10:15||NIFTY27JAN2624200PE,0.17991665194640746
21-01-2026 10:15||NIFTY27JAN2624500PE,0.15167623985006204
21-01-2026 10:15||NIFTY27JAN2624600PE,0.14240124078952557
21-01-2026 10:15||NIFTY27JAN2625500CE,0.11752293195711415
21-01-2026 10:15||NIFTY27JAN2626100CE,0.14848180825074495
21-01-2026 10:20||NIFTY27JAN2625700CE,0.11910381586150867
21-01-2026 10:25||NIFTY27JAN2624300PE,0.17011587450317406
21-01-2026 10:25||NIFTY27JAN2625000PE,0.11792833202244518
21-01-2026 10:25||NIFTY27JAN2625700CE,0.1268013977648025
21-01-2026 10:25||NIFTY27JAN2626200CE,0.16224543484092105
21-01-2026 10:30||NIFTY27JAN2624200PE,0.17737581466407712
21-01-2026 10:30||NIFTY27JAN2624700PE,0.13396758996928904
21-01-2026 10:30||NIFTY27JAN2624800PE,0.12674680037137678
21-01-2026 10:30||NIFTY27JAN2625200CE,0.1234459247043687
21-01-2026 10:30||NIFTY27JAN2625900CE,0.14005100566544373
21-01-2026 10:30||NIFTY27JAN2626300CE,0.17129753448347776
21-01-2026 10:30||NIFTY27JAN2626400CE,0.17846415769217014
21-01-2026 10:35||NIFTY27JAN2624400PE,0.15834690840354737
21-01-2026 10:35||NIFTY27JAN2625100PE,0.11551684179362141
21-01-2026 10:35||NIFTY27JAN2625500CE,0.11933362830702679
21-01-2026 10:35||NIFTY27JAN2625600CE,0.12286521901875588
21-01-2026 10:35||NIFTY27JAN2625800CE,0.13250739064497669
21-01-2026 10:35||NIFTY27JAN2625900CE,0.1396098088261252
21-01-2026 10:40||NIFTY27JAN2624200PE,0.1835658410668247
21-01-2026 10:40||NIFTY27JAN2624800PE,0.1419851036627059
21-01-2026 10:40||NIFTY27JAN2625200CE,0.11132309957114062
21-01-2026 10:40||NIFTY27JAN2625400CE,0.11532566842281018
21-01-2026 10:40||NIFTY27JAN2626300CE,0.17532347283945754
21-01-2026 10:45||NIFTY27JAN2624700PE,0.13580881931418295
21-01-2026 10:45||NIFTY27JAN2624800PE,0.12965552407159187
21-01-2026 10:45||NIFTY27JAN2625700CE,0.14145926067955
21-01-2026 10:45||NIFTY27JAN2626400CE,0.19259928694657488
21-01-2026 10:45||NIFTY27JAN2626500CE,0.20051956911151778
21-01-2026 10:50||NIFTY27JAN2624100PE,0.1948075017170446
21-01-2026 10:50||NIFTY27JAN2624300PE,0.17815595554707836
21-01-2026 10:50||NIFTY27JAN2624400PE,0.16962223323426992
21-01-2026 10:50||NIFTY27JAN2624500PE,0.16240610545334444
21-01-2026 10:50||NIFTY27JAN2625400CE,0.1254581079964522
21-01-2026 10:50||NIFTY27JAN2625700CE,0.14050523477111537
21-01-2026 10:50||NIFTY27JAN2625900CE,0.15449801955653783
21-01-2026 10:50||NIFTY27JAN2626400CE,0.1940860440284322
21-01-2026 10:55||NIFTY27JAN2623900PE,0.21047448454290876
21-01-2026 10:55||NIFTY27JAN2624300PE,0.17231809948855153
21-01-2026 10:55||NIFTY27JAN2624800PE,0.13069876379507825
21-01-2026 10:55||NIFTY27JAN2625000PE,0.1161320544783712
21-01-2026 10:55||NIFTY27JAN2625100PE,0.10972154964712783
21-01-2026 10:55||NIFTY27JAN2625300CE,0.14218887607722897
21-01-2026 10:55||NIFTY27JAN2625900CE,0.16313548683084975
21-01-2026 10:55||NIFTY27JAN2626200CE,0.18479164616735744
21-01-2026 11:00||NIFTY27JAN2624000PE,0.20409515614856932
21-01-2026 11:00||NIFTY27JAN2624300PE,0.1752786013597129
21-01-2026 11:00||NIFTY27JAN2624600PE,0.1505095808459812
21-01-2026 11:00||NIFTY27JAN2624800PE,0.1374786213958454
21-01-2026 11:00||NIFTY27JAN2625100PE,0.1235915496471281
21-01-2026 11:00||NIFTY27JAN2625300CE,0.13476777485634406
21-01-2026 11:05||NIFTY27JAN2624000PE,0.1985926956064885
21-01-2026 11:05||NIFTY27JAN2624100PE,0.1879342200276338
21-01-2026 11:05||NIFTY27JAN2624400PE,0.1597129584835147
21-01-2026 11:05||NIFTY27JAN2625000PE,0.11788330176645923
21-01-2026 11:05||NIFTY27JAN2625200CE,0.13939239051731378
21-01-2026 11:10||NIFTY27JAN2624800PE,0.1254390940993034
21-01-2026 11:10||NIFTY27JAN2625200CE,0.14048239051731332
21-01-2026 11:10||NIFTY27JAN2625300CE,0.13950175491024633
21-01-2026 11:10||NIFTY27JAN2625500CE,0.14100681957343056
21-01-2026 11:10||NIFTY27JAN2625900CE,0.15716963009814036
21-01-2026 11:10||NIFTY27JAN2626100CE,0.17024068876984558
21-01-2026 11:15||NIFTY27JAN2624300PE,0.17147551236372868
21-01-2026 11:15||NIFTY27JAN2625100PE,0.10607061369080305
21-01-2026 11:15||NIFTY27JAN2625400CE,0.13976183860307612
21-01-2026 11:20||NIFTY27JAN2623900PE,0.21545044735220964
21-01-2026 11:20||NIFTY27JAN2625800CE,0.14346489346999294
21-01-2026 11:20||NIFTY27JAN2626000CE,0.15591363814119363
21-01-2026 11:20||NIFTY27JAN2626100CE,0.162810062199945
21-01-2026 11:20||NIFTY27JAN2626400CE,0.18455560796326367
21-01-2026 11:20||NIFTY27JAN2626500CE,0.19242915885256445
21-01-2026 11:25||NIFTY27JAN2624600PE,0.15418552494111457
21-01-2026 11:25||NIFTY27JAN2624800PE,0.13968051347701751
21-01-2026 11:30||NIFTY27JAN2623900PE,0.2161017384288961
21-01-2026 11:30||NIFTY27JAN2624000PE,0.20663399041588126
21-01-2026 11:30||NIFTY27JAN2624100PE,0.19698367066471387
21-01-2026 11:30||NIFTY27JAN2624400PE,0.16902476456512133
21-01-2026 11:30||NIFTY27JAN2625400CE,0.13107231275968254
21-01-2026 11:30||NIFTY27JAN2625800CE,0.14466158421894224
21-01-2026 11:30||NIFTY27JAN2626000CE,0.15772632989031157
21-01-2026 11:30||NIFTY27JAN2626500CE,0.19523125727682542
21-01-2026 11:35||NIFTY27JAN2623900PE,0.21725672561769113
21-01-2026 11:35||NIFTY27JAN2624600PE,0.15299693995197353
21-01-2026 11:35||NIFTY27JAN2626100CE,0.1638510613448125
21-01-2026 11:35||NIFTY27JAN2626300CE,0.17913213493670083
21-01-2026 11:40||NIFTY27JAN2624800PE,0.136170451106474
21-01-2026 11:40||NIFTY27JAN2625100PE,0.11822340518148523
21-01-2026 11:40||NIFTY27JAN2625200CE,0.13464268156970918
21-01-2026 11:40||NIFTY27JAN2625700CE,0.13958412795602196
21-01-2026 11:45||NIFTY27JAN2624600PE,0.15073572064821855
21-01-2026 11:45||NIFTY27JAN2625100PE,0.1164034051814853
21-01-2026 11:45||NIFTY27JAN2625200CE,0.13428268156970932
21-01-2026 11:45||NIFTY27JAN2625400CE,0.13171238905969523
21-01-2026 11:50||NIFTY27JAN2624000PE,0.2070240641045934
21-01-2026 11:50||NIFTY27JAN2624100PE,0.1968447421665081
21-01-2026 11:50||NIFTY27JAN2624300PE,0.1774926424331555
21-01-2026 11:55||NIFTY27JAN2624000PE,0.20743656543503086
21-01-2026 11:55||NIFTY27JAN2624600PE,0.1513367395792914
21-01-2026 11:55||NIFTY27JAN2624700PE,0.14360779324259176
21-01-2026 11:55||NIFTY27JAN2624900PE,0.1297586660032981
21-01-2026 12:00||NIFTY27JAN2624100PE,0.19469396205575293
21-01-2026 12:00||NIFTY27JAN2624200PE,0.18411411890792598
21-01-2026 12:00||NIFTY27JAN2624700PE,0.13689188738580327
21-01-2026 12:00||NIFTY27JAN2624800PE,0.12848427518663708
21-01-2026 12:00||NIFTY27JAN2625600CE,0.1357246415855317
21-01-2026 12:00||NIFTY27JAN2625900CE,0.14737836874260044
21-01-2026 12:05||NIFTY27JAN2623800PE,0.22865014638593337
21-01-2026 12:05||NIFTY27JAN2624100PE,0.19909508368214154
21-01-2026 12:05||NIFTY27JAN2625500CE,0.12471662850531946
21-01-2026 12:05||NIFTY27JAN2626200CE,0.16124605758905647
21-01-2026 12:10||NIFTY27JAN2624100PE,0.19393860890526024
21-01-2026 12:10||NIFTY27JAN2624200PE,0.18363386214640182
21-01-2026 12:10||NIFTY27JAN2625000PE,0.11519640400743507
21-01-2026 12:10||NIFTY27JAN2625900CE,0.1430072080603658
21-01-2026 12:10||NIFTY27JAN2626500CE,0.18414504463853068
21-01-2026 12:15||NIFTY27JAN2623800PE,0.22614687806331835
21-01-2026 12:15||NIFTY27JAN2624200PE,0.18542023231911303
21-01-2026 12:15||NIFTY27JAN2625400CE,0.13299046256919336
21-01-2026 12:15||NIFTY27JAN2625700CE,0.13418584890820076
21-01-2026 12:20||NIFTY27JAN2624200PE,0.19061641204226648
21-01-2026 12:20||NIFTY27JAN2625000PE,0.12072271193293643
21-01-2026 12:20||NIFTY27JAN2625400CE,0.12841395411937764
21-01-2026 12:20||NIFTY27JAN2625600CE,0.12756399275871344
21-01-2026 12:20||NIFTY27JAN2625700CE,0.13021002744592428
21-01-2026 12:20||NIFTY27JAN2626300CE,0.16300075907521025
21-01-2026 12:25||NIFTY27JAN2624000PE,0.2194063191481267
21-01-2026 12:25||NIFTY27JAN2624500PE,0.17286454116474162
21-01-2026 12:25||NIFTY27JAN2624600PE,0.16431559852779473
21-01-2026 12:25||NIFTY27JAN2624700PE,0.15653237535773099
21-01-2026 12:25||NIFTY27JAN2625700CE,0.12214849412212705
21-01-2026 12:25||NIFTY27JAN2626500CE,0.17644675570098806
21-01-2026 12:30||NIFTY27JAN2624100PE,0.20464446234178155
21-01-2026 12:30||NIFTY27JAN2624200PE,0.19454176374340612
21-01-2026 12:30||NIFTY27JAN2625300CE,0.13757886627019972
21-01-2026 12:30||NIFTY27JAN2625800CE,0.1350343519838705
21-01-2026 12:35||NIFTY27JAN2624000PE,0.21457894788877524
21-01-2026 12:35||NIFTY27JAN2624100PE,0.20454878609338342
21-01-2026 12:35||NIFTY27JAN2625600CE,0.13145802290616573
21-01-2026 12:35||NIFTY27JAN2626400CE,0.16722383842861557
21-01-2026 12:40||NIFTY27JAN2624500PE,0.1748789808788347
21-01-2026 12:40||NIFTY27JAN2624700PE,0.15776997065989865
21-01-2026 12:40||NIFTY27JAN2624800PE,0.14956001730530352
21-01-2026 12:40||NIFTY27JAN2625200CE,0.13661882972173395
21-01-2026 12:40||NIFTY27JAN2625400CE,0.1275370372158393
21-01-2026 12:40||NIFTY27JAN2625900CE,0.13243054795528275
21-01-2026 12:45||NIFTY27JAN2623800PE,0.2442310771178385
21-01-2026 12:45||NIFTY27JAN2624400PE,0.18674050965736955
21-01-2026 12:45||NIFTY27JAN2625300CE,0.1419261304345284
21-01-2026 12:45||NIFTY27JAN2625800CE,0.13061185659375524
21-01-2026 12:45||NIFTY27JAN2626200CE,0.14785779556488354
21-01-2026 12:50||NIFTY27JAN2623800PE,0.2481160771178393
21-01-2026 12:50||NIFTY27JAN2624100PE,0.21950852857466924
21-01-2026 12:50||NIFTY27JAN2625200CE,0.15271331039169478
21-01-2026 12:50||NIFTY27JAN2625500CE,0.1323834203473978
21-01-2026 12:50||NIFTY27JAN2625600CE,0.13038526901677766
21-01-2026 12:55||NIFTY27JAN2625300CE,0.13494791457672764
21-01-2026 12:55||NIFTY27JAN2625400CE,0.12875606036668447
21-01-2026 12:55||NIFTY27JAN2625600CE,0.12452153116283464
21-01-2026 12:55||NIFTY27JAN2625700CE,0.1251159993633198
21-01-2026 12:55||NIFTY27JAN2625800CE,0.12737523555773594
21-01-2026 12:55||NIFTY27JAN2625900CE,0.13034687359993632
21-01-2026 12:55||NIFTY27JAN2626500CE,0.16466800015818842
21-01-2026 13:00||NIFTY27JAN2624600PE,0.17501111695067534
21-01-2026 13:00||NIFTY27JAN2624700PE,0.16632378846404539
21-01-2026 13:00||NIFTY27JAN2626100CE,0.13938896283214847
21-01-2026 13:05||NIFTY27JAN2623800PE,0.25219695276870124
21-01-2026 13:05||NIFTY27JAN2623900PE,0.2422979396674548
21-01-2026 13:05||NIFTY27JAN2624100PE,0.22410408003081952
21-01-2026 13:05||NIFTY27JAN2625600CE,0.11607167794995528
21-01-2026 13:05||NIFTY27JAN2626300CE,0.14974523365643333
21-01-2026 13:05||NIFTY27JAN2626400CE,0.1565660119070205
21-01-2026 13:10||NIFTY27JAN2625800CE,0.13004828271480084
21-01-2026 13:10||NIFTY27JAN2626200CE,0.14889242453479679
21-01-2026 13:15||NIFTY27JAN2624400PE,0.18870386979886025
21-01-2026 13:15||NIFTY27JAN2625400CE,0.12558086317105638
21-01-2026 13:15||NIFTY27JAN2625800CE,0.12671673215254975
21-01-2026 13:20||NIFTY27JAN2623800PE,0.24729623272340742
21-01-2026 13:20||NIFTY27JAN2623900PE,0.23715255455829246
21-01-2026 13:20||NIFTY27JAN2624600PE,0.17265321737867723
21-01-2026 13:20||NIFTY27JAN2624800PE,0.15609848131599569
21-01-2026 13:20||NIFTY27JAN2625400CE,0.12236800077792215
21-01-2026 13:20||NIFTY27JAN2626200CE,0.1476604733787041
21-01-2026 13:25||NIFTY27JAN2624200PE,0.20456246475806714
21-01-2026 13:25||NIFTY27JAN2624300PE,0.19503161905484592
21-01-2026 13:25||NIFTY27JAN2624900PE,0.1437356324908697
21-01-2026 13:25||NIFTY27JAN2625000PE,0.13677225987503414
21-01-2026 13:25||NIFTY27JAN2625200CE,0.13684150353193117
21-01-2026 13:25||NIFTY27JAN2625700CE,0.12639737541347346
21-01-2026 13:25||NIFTY27JAN2626000CE,0.13824662553227196
21-01-2026 13:25||NIFTY27JAN2626300CE,0.1575578895364709
21-01-2026 13:30||NIFTY27JAN2624000PE,0.2284164517200594
21-01-2026 13:30||NIFTY27JAN2624400PE,0.1910158135912036
21-01-2026 13:30||NIFTY27JAN2625200CE,0.1164115035319315
21-01-2026 13:30||NIFTY27JAN2625300CE,0.11374422756215907
21-01-2026 13:30||NIFTY27JAN2625800CE,0.12304340750474413
21-01-2026 13:30||NIFTY27JAN2626200CE,0.14741260211257187
21-01-2026 13:30||NIFTY27JAN2626300CE,0.15514688280726133
21-01-2026 13:35||NIFTY27JAN2623800PE,0.23753882380182367
21-01-2026 13:35||NIFTY27JAN2624000PE,0.21800089246920037
21-01-2026 13:35||NIFTY27JAN2624700PE,0.1536951357678052
21-01-2026 13:35||NIFTY27JAN2624800PE,0.14488311400538162
21-01-2026 13:35||NIFTY27JAN2625800CE,0.1343274073892275
21-01-2026 13:35||NIFTY27JAN2626300CE,0.16070264187772934
21-01-2026 13:40||NIFTY27JAN2624600PE,0.167292767869328
21-01-2026 13:40||NIFTY27JAN2624800PE,0.15123169503401573
21-01-2026 13:40||NIFTY27JAN2625300CE,0.12852747068341705
21-01-2026 13:40||NIFTY27JAN2625800CE,0.12985168793522067
21-01-2026 13:40||NIFTY27JAN2626200CE,0.15137705738384083
21-01-2026 13:45||NIFTY27JAN2624800PE,0.15059629500576438
21-01-2026 13:45||NIFTY27JAN2625400CE,0.12571850947275728
21-01-2026 13:45||NIFTY27JAN2625900CE,0.13333422362562847
21-01-2026 13:50||NIFTY27JAN2625100PE,0.1350404652361245
21-01-2026 13:50||NIFTY27JAN2626100CE,0.14547604601951242
21-01-2026 13:55||NIFTY27JAN2624300PE,0.19295066676322373
21-01-2026 13:55||NIFTY27JAN2624400PE,0.18326431675336946
21-01-2026 13:55||NIFTY27JAN2625500CE,0.12175666088376905
21-01-2026 13:55||NIFTY27JAN2625700CE,0.12606933266328837
21-01-2026 14:00||NIFTY27JAN2623800PE,0.2335390712199447
21-01-2026 14:00||NIFTY27JAN2624200PE,0.1957098440122585
21-01-2026 14:00||NIFTY27JAN2624600PE,0.16041176840783283
21-01-2026 14:00||NIFTY27JAN2625000PE,0.132963525986988
21-01-2026 14:00||NIFTY27JAN2625200CE,0.13421898454828157
21-01-2026 14:05||NIFTY27JAN2624500PE,0.1697516904452367
21-01-2026 14:05||NIFTY27JAN2625000PE,0.1360266852276469
21-01-2026 14:05||NIFTY27JAN2625400CE,0.119758258002099
21-01-2026 14:05||NIFTY27JAN2626100CE,0.14547811102854824
21-01-2026 14:05||NIFTY27JAN2626500CE,0.17747044122002398
21-01-2026 14:10||NIFTY27JAN2624000PE,0.2116123504112595
21-01-2026 14:10||NIFTY27JAN2624100PE,0.20237106062468718
21-01-2026 14:10||NIFTY27JAN2624400PE,0.1747994851541403
21-01-2026 14:10||NIFTY27JAN2624500PE,0.1663582472501534
21-01-2026 14:10||NIFTY27JAN2625000PE,0.1325741315498897
21-01-2026 14:10||NIFTY27JAN2625200CE,0.12431005969242145
21-01-2026 14:10||NIFTY27JAN2626000CE,0.14084028840639085
21-01-2026 14:10||NIFTY27JAN2626400CE,0.1711461733868095
21-01-2026 14:10||NIFTY27JAN2626500CE,0.17905710788669194
21-01-2026 14:15||NIFTY27JAN2624700PE,0.14196727826064187
21-01-2026 14:15||NIFTY27JAN2625400CE,0.1315851496040732
21-01-2026 14:15||NIFTY27JAN2625800CE,0.13380772202391394
21-01-2026 14:15||NIFTY27JAN2626100CE,0.1483207210807746
21-01-2026 14:20||NIFTY27JAN2624000PE,0.21533249912596236
21-01-2026 14:20||NIFTY27JAN2624300PE,0.18749581718284275
21-01-2026 14:20||NIFTY27JAN2624700PE,0.15545998332253813
21-01-2026 14:20||NIFTY27JAN2625200CE,0.11382252376788825
21-01-2026 14:20||NIFTY27JAN2625600CE,0.11584358565376687
21-01-2026 14:20||NIFTY27JAN2626100CE,0.14209872923123162
21-01-2026 14:20||NIFTY27JAN2626500CE,0.17330679698433749
21-01-2026 14:25||NIFTY27JAN2623900PE,0.2208532122995585
21-01-2026 14:25||NIFTY27JAN2624800PE,0.14811301329665436
21-01-2026 14:25||NIFTY27JAN2624900PE,0.14273364960671106
21-01-2026 14:25||NIFTY27JAN2625100PE,0.1341321974399762
21-01-2026 14:25||NIFTY27JAN2626500CE,0.17796013031767133
21-01-2026 14:30||NIFTY27JAN2624500PE,0.15902238196829033
21-01-2026 14:30||NIFTY27JAN2624600PE,0.1500649974288434
21-01-2026 14:30||NIFTY27JAN2624800PE,0.13411354113267523
21-01-2026 14:30||NIFTY27JAN2625200CE,0.1347386745215555
21-01-2026 14:30||NIFTY27JAN2625300CE,0.1317799102992753
21-01-2026 14:30||NIFTY27JAN2626300CE,0.1638054855241124
21-01-2026 14:35||NIFTY27JAN2624200PE,0.18799843978601952
21-01-2026 14:35||NIFTY27JAN2624700PE,0.14479975076240567
21-01-2026 14:35||NIFTY27JAN2624800PE,0.13790834540837646
21-01-2026 14:35||NIFTY27JAN2625100PE,0.12013146684076884
21-01-2026 14:35||NIFTY27JAN2625200CE,0.13021867452155497
21-01-2026 14:35||NIFTY27JAN2625800CE,0.1315749140780994
21-01-2026 14:35||NIFTY27JAN2626100CE,0.1479098652032516
21-01-2026 14:40||NIFTY27JAN2624000PE,0.20846469230164455
21-01-2026 14:40||NIFTY27JAN2624200PE,0.18974418399668916
21-01-2026 14:40||NIFTY27JAN2624500PE,0.16436097079827314
21-01-2026 14:40||NIFTY27JAN2624600PE,0.15670430388781179
21-01-2026 14:40||NIFTY27JAN2624700PE,0.1493732016082487
21-01-2026 14:40||NIFTY27JAN2625100PE,0.12749146684076887
21-01-2026 14:40||NIFTY27JAN2625200CE,0.1212236745215552
21-01-2026 14:40||NIFTY27JAN2625400CE,0.11854481781039197
21-01-2026 14:40||NIFTY27JAN2625800CE,0.12814284212108829
21-01-2026 14:40||NIFTY27JAN2626200CE,0.1527489372297518
21-01-2026 14:45||NIFTY27JAN2624500PE,0.16164559850050694
21-01-2026 14:45||NIFTY27JAN2625400CE,0.12203836120598424
21-01-2026 14:45||NIFTY27JAN2625900CE,0.13458061194914314
21-01-2026 14:45||NIFTY27JAN2626100CE,0.14666990109147532
21-01-2026 14:50||NIFTY27JAN2623900PE,0.2140032827405681
21-01-2026 14:50||NIFTY27JAN2624900PE,0.13458933239317097
21-01-2026 14:50||NIFTY27JAN2625200CE,0.1182202346549202
21-01-2026 14:50||NIFTY27JAN2625300CE,0.1181968015278326
21-01-2026 14:50||NIFTY27JAN2625500CE,0.11851775675442412
21-01-2026 14:50||NIFTY27JAN2625800CE,0.12734776545742382
21-01-2026 14:50||NIFTY27JAN2626300CE,0.15930382889820302
21-01-2026 14:55||NIFTY27JAN2624200PE,0.18704660186443584
21-01-2026 14:55||NIFTY27JAN2625300CE,0.12071745403159209
21-01-2026 14:55||NIFTY27JAN2625700CE,0.12358522555979914
21-01-2026 14:55||NIFTY27JAN2626100CE,0.14511324697621278
21-01-2026 15:00||NIFTY27JAN2623900PE,0.21446607820245114
21-01-2026 15:00||NIFTY27JAN2624100PE,0.19463776752029735
21-01-2026 15:00||NIFTY27JAN2624500PE,0.15683695966157427
21-01-2026 15:00||NIFTY27JAN2624800PE,0.13350027774545348
21-01-2026 15:00||NIFTY27JAN2625000PE,0.12105820496963544
21-01-2026 15:00||NIFTY27JAN2625200CE,0.13159709362378483
21-01-2026 15:00||NIFTY27JAN2625300CE,0.12885680152783316
21-01-2026 15:00||NIFTY27JAN2625600CE,0.12455639877063213
21-01-2026 15:00||NIFTY27JAN2626400CE,0.1669952600256429
21-01-2026 15:05||NIFTY27JAN2624300PE,0.17895440641968316
21-01-2026 15:05||NIFTY27JAN2625100PE,0.128118478318379
21-01-2026 15:05||NIFTY27JAN2626200CE,0.1498207445060808
21-01-2026 15:10||NIFTY27JAN2624300PE,0.1795823140280269
21-01-2026 15:10||NIFTY27JAN2624500PE,0.16294866441255745
21-01-2026 15:10||NIFTY27JAN2624600PE,0.15527756827920486
21-01-2026 15:10||NIFTY27JAN2625700CE,0.11985870139056005
21-01-2026 15:10||NIFTY27JAN2625800CE,0.12453521148497196
21-01-2026 15:10||NIFTY27JAN2625900CE,0.12978751522691037
21-01-2026 15:10||NIFTY27JAN2626500CE,0.1761421517223572
21-01-2026 15:15||NIFTY27JAN2624200PE,0.18627367197577938
21-01-2026 15:15||NIFTY27JAN2624300PE,0.17725449651685596
21-01-2026 15:15||NIFTY27JAN2624800PE,0.13921071222540615
21-01-2026 15:15||NIFTY27JAN2624900PE,0.13368121627297777
21-01-2026 15:15||NIFTY27JAN2625200CE,0.11868366015582525
21-01-2026 15:15||NIFTY27JAN2625300CE,0.11746076309160547
21-01-2026 15:15||NIFTY27JAN2625600CE,0.11900495421873653
21-01-2026 15:15||NIFTY27JAN2625700CE,0.12188553679823984
21-01-2026 15:15||NIFTY27JAN2625900CE,0.13068350160888012
21-01-2026 15:15||NIFTY27JAN2626200CE,0.15188933274927852
21-01-2026 15:20||NIFTY27JAN2623800PE,0.22363798643772273
21-01-2026 15:20||NIFTY27JAN2624800PE,0.1402477348955885
21-01-2026 15:20||NIFTY27JAN2625100PE,0.12763063425047746
21-01-2026 15:20||NIFTY27JAN2625400CE,0.1122044041329979
21-01-2026 15:20||NIFTY27JAN2625600CE,0.11485629498439048
21-01-2026 15:25||NIFTY27JAN2623800PE,0.22146131977105646
21-01-2026 15:25||NIFTY27JAN2624200PE,0.1809904435297623
21-01-2026 15:25||NIFTY27JAN2624500PE,0.15337279334526407
21-01-2026 15:25||NIFTY27JAN2624800PE,0.130130257683316
21-01-2026 15:25||NIFTY27JAN2625100PE,0.11483063425047778
21-01-2026 15:25||NIFTY27JAN2626200CE,0.15043102569297434
22-01-2026 09:15||NIFTY27JAN2623800PE,0.24688131977105646
22-01-2026 09:15||NIFTY27JAN2625100PE,0.1260906342504776
22-01-2026 09:15||NIFTY27JAN2625300CE,0.10478189894705102
22-01-2026 09:20||NIFTY27JAN2623900PE,0.2331764619965207
22-01-2026 09:20||NIFTY27JAN2624000PE,0.22247881142576953
22-01-2026 09:20||NIFTY27JAN2624300PE,0.18844904341339358
22-01-2026 09:20||NIFTY27JAN2624500PE,0.16717870581667246
22-01-2026 09:20||NIFTY27JAN2624800PE,0.1391826326322227
22-01-2026 09:20||NIFTY27JAN2625200CE,0.1162011147485674
22-01-2026 09:20||NIFTY27JAN2626300CE,0.15104329263355817
22-01-2026 09:25||NIFTY27JAN2624700PE,0.14421327788392566
22-01-2026 09:25||NIFTY27JAN2625000PE,0.11829375155691481
22-01-2026 09:25||NIFTY27JAN2625200CE,0.14679111474856635
22-01-2026 09:25||NIFTY27JAN2625500CE,0.1262384738175452
22-01-2026 09:25||NIFTY27JAN2625600CE,0.12337207499665148
22-01-2026 09:25||NIFTY27JAN2626200CE,0.14428176570111587
22-01-2026 09:30||NIFTY27JAN2624600PE,0.20233775549008098
22-01-2026 09:30||NIFTY27JAN2624800PE,0.17325658686646225
22-01-2026 09:30||NIFTY27JAN2624900PE,0.15943588637388217
22-01-2026 09:30||NIFTY27JAN2625100PE,0.132708236369447
22-01-2026 09:30||NIFTY27JAN2625500CE,0.11594897992603952
22-01-2026 09:30||NIFTY27JAN2625800CE,0.11904815835105453
22-01-2026 09:30||NIFTY27JAN2626000CE,0.12957451639374043
22-01-2026 09:30||NIFTY27JAN2626300CE,0.15143795076874939
22-01-2026 09:35||NIFTY27JAN2624100PE,0.2787992333283307
22-01-2026 09:40||NIFTY27JAN2624100PE,0.2670014578319777
22-01-2026 09:40||NIFTY27JAN2624500PE,0.21787616877157032
22-01-2026 09:40||NIFTY27JAN2626000CE,0.13201706235972352
22-01-2026 09:40||NIFTY27JAN2626200CE,0.14587288557675826
22-01-2026 09:45||NIFTY27JAN2623900PE,0.27917238773053316
22-01-2026 09:45||NIFTY27JAN2624200PE,0.24630058014871115
22-01-2026 09:50||NIFTY27JAN2623900PE,0.2739071206248302
22-01-2026 09:50||NIFTY27JAN2624100PE,0.25342636266611634
22-01-2026 09:50||NIFTY27JAN2624900PE,0.1637886110628139
22-01-2026 09:50||NIFTY27JAN2625000PE,0.15453820581982944
22-01-2026 09:50||NIFTY27JAN2625600CE,0.10716101177242392
22-01-2026 09:50||NIFTY27JAN2625800CE,0.1141497611427849
22-01-2026 09:50||NIFTY27JAN2625900CE,0.11981380672182132
22-01-2026 09:50||NIFTY27JAN2626300CE,0.1475885812324589
22-01-2026 09:50||NIFTY27JAN2626500CE,0.1625733806492896
22-01-2026 09:55||NIFTY27JAN2624700PE,0.16476103129846048
22-01-2026 09:55||NIFTY27JAN2624800PE,0.15463511100628632
22-01-2026 09:55||NIFTY27JAN2624900PE,0.1442976932308992
22-01-2026 09:55||NIFTY27JAN2625200CE,0.1372369160114596
22-01-2026 09:55||NIFTY27JAN2625500CE,0.1201983318308466
22-01-2026 10:00||NIFTY27JAN2624200PE,0.21924743616265382
22-01-2026 10:00||NIFTY27JAN2624700PE,0.16328556961082025
22-01-2026 10:00||NIFTY27JAN2625100PE,0.13014045586212902
22-01-2026 10:00||NIFTY27JAN2625400CE,0.10409630251870626
22-01-2026 10:00||NIFTY27JAN2625600CE,0.10446989007461185
22-01-2026 10:00||NIFTY27JAN2626100CE,0.1275030752422153
22-01-2026 10:00||NIFTY27JAN2626500CE,0.1582612394963617
22-01-2026 10:05||NIFTY27JAN2624500PE,0.18511438186588028
22-01-2026 10:05||NIFTY27JAN2624800PE,0.15291130256356783
22-01-2026 10:05||NIFTY27JAN2625000PE,0.13565998369780005
22-01-2026 10:05||NIFTY27JAN2625400CE,0.10978877782966466
22-01-2026 10:05||NIFTY27JAN2625700CE,0.10965980602722626
22-01-2026 10:05||NIFTY27JAN2625800CE,0.11325245276486036
22-01-2026 10:05||NIFTY27JAN2626100CE,0.1294735810268988
22-01-2026 10:05||NIFTY27JAN2626400CE,0.15280874607158668
22-01-2026 10:10||NIFTY27JAN2623800PE,0.25808231143433574
22-01-2026 10:10||NIFTY27JAN2624200PE,0.21434441607538718
22-01-2026 10:10||NIFTY27JAN2624300PE,0.2038486925921588
22-01-2026 10:10||NIFTY27JAN2624500PE,0.18108670327958135
22-01-2026 10:10||NIFTY27JAN2624800PE,0.14848549760015334
22-01-2026 10:10||NIFTY27JAN2625300CE,0.1283812705650435
22-01-2026 10:10||NIFTY27JAN2625500CE,0.11697823298135665
22-01-2026 10:10||NIFTY27JAN2626200CE,0.14185773281355307
22-01-2026 10:10||NIFTY27JAN2626300CE,0.14952717739806548
22-01-2026 10:15||NIFTY27JAN2623900PE,0.24810105115002373
22-01-2026 10:15||NIFTY27JAN2624400PE,0.1983474800402259
22-01-2026 10:15||NIFTY27JAN2625000PE,0.14029582728217002
22-01-2026 10:15||NIFTY27JAN2625300CE,0.09812238940829603
22-01-2026 10:15||NIFTY27JAN2625400CE,0.09736460980575103
22-01-2026 10:20||NIFTY27JAN2624000PE,0.22485875078106973
22-01-2026 10:20||NIFTY27JAN2625000PE,0.12491869069710368
22-01-2026 10:20||NIFTY27JAN2625100PE,0.11675630400690232
22-01-2026 10:20||NIFTY27JAN2625400CE,0.12200272402600333
22-01-2026 10:20||NIFTY27JAN2625500CE,0.11862645578244062
22-01-2026 10:20||NIFTY27JAN2625600CE,0.11717035886664029
22-01-2026 10:20||NIFTY27JAN2625900CE,0.12459802277728292
22-01-2026 10:25||NIFTY27JAN2623900PE,0.22954533682195324
22-01-2026 10:25||NIFTY27JAN2624000PE,0.21861001395074828
22-01-2026 10:25||NIFTY27JAN2624200PE,0.19923860993696776
22-01-2026 10:25||NIFTY27JAN2625100PE,0.12917630400690175
22-01-2026 10:25||NIFTY27JAN2625900CE,0.11807338027264612
22-01-2026 10:25||NIFTY27JAN2626300CE,0.14950473820580304
22-01-2026 10:30||NIFTY27JAN2624300PE,0.1831414846401006
22-01-2026 10:30||NIFTY27JAN2625800CE,0.1256601607140504
22-01-2026 10:30||NIFTY27JAN2626100CE,0.14346428111912
22-01-2026 10:35||NIFTY27JAN2625100PE,0.1251003378136544
22-01-2026 10:35||NIFTY27JAN2625200CE,0.09883244520928508
22-01-2026 10:35||NIFTY27JAN2625300CE,0.09931208557709816
22-01-2026 10:35||NIFTY27JAN2625400CE,0.10155999347259335
22-01-2026 10:35||NIFTY27JAN2625800CE,0.11653747756075326
22-01-2026 10:40||NIFTY27JAN2624300PE,0.1828017491152626
22-01-2026 10:40||NIFTY27JAN2624600PE,0.15366536051288518
22-01-2026 10:40||NIFTY27JAN2625000PE,0.12393952307374001
22-01-2026 10:40||NIFTY27JAN2625800CE,0.12102597344764597
22-01-2026 10:40||NIFTY27JAN2625900CE,0.1263490429869805
22-01-2026 10:40||NIFTY27JAN2626000CE,0.13439587175669848
22-01-2026 10:45||NIFTY27JAN2623900PE,0.22667210463428522
22-01-2026 10:45||NIFTY27JAN2625000PE,0.1268866797017828
22-01-2026 10:45||NIFTY27JAN2625400CE,0.11096862980360861
22-01-2026 10:45||NIFTY27JAN2625500CE,0.11104810641705003
22-01-2026 10:45||NIFTY27JAN2625700CE,0.1160451885430732
22-01-2026 10:45||NIFTY27JAN2625900CE,0.1263353780219987
22-01-2026 10:45||NIFTY27JAN2626400CE,0.16623026466359322
22-01-2026 10:45||NIFTY27JAN2626500CE,0.17552535292390511
22-01-2026 10:50||NIFTY27JAN2623900PE,0.2256153361252301
22-01-2026 10:50||NIFTY27JAN2624400PE,0.173778525269058
22-01-2026 10:50||NIFTY27JAN2624500PE,0.16401967079982027
22-01-2026 10:50||NIFTY27JAN2624600PE,0.1544124736828295
22-01-2026 10:50||NIFTY27JAN2624900PE,0.13083956872969146
22-01-2026 10:50||NIFTY27JAN2625000PE,0.12514471659096593
22-01-2026 10:50||NIFTY27JAN2625300CE,0.11690699520659932
22-01-2026 10:50||NIFTY27JAN2625700CE,0.11932665044021894
22-01-2026 10:50||NIFTY27JAN2625900CE,0.12925620317927414
22-01-2026 10:50||NIFTY27JAN2626000CE,0.13760586306248632
22-01-2026 10:50||NIFTY27JAN2626300CE,0.16065060935487377
22-01-2026 10:55||NIFTY27JAN2624000PE,0.21934999603401834
22-01-2026 10:55||NIFTY27JAN2624200PE,0.19936378887431258
22-01-2026 10:55||NIFTY27JAN2624600PE,0.16384191618311383
22-01-2026 10:55||NIFTY27JAN2625900CE,0.1269631266251601
22-01-2026 11:00||NIFTY27JAN2624400PE,0.17395035028796
22-01-2026 11:00||NIFTY27JAN2624800PE,0.14068961388747844
22-01-2026 11:00||NIFTY27JAN2626300CE,0.16415165999327583
22-01-2026 11:05||NIFTY27JAN2624500PE,0.1633180551553109
22-01-2026 11:05||NIFTY27JAN2624800PE,0.13884892657489153
22-01-2026 11:05||NIFTY27JAN2625500CE,0.120406318591893
22-01-2026 11:05||NIFTY27JAN2625600CE,0.12243726455361809
22-01-2026 11:05||NIFTY27JAN2625900CE,0.1359167256965798
22-01-2026 11:05||NIFTY27JAN2626200CE,0.15842457228277093
22-01-2026 11:10||NIFTY27JAN2623800PE,0.23352928662461303
22-01-2026 11:10||NIFTY27JAN2624300PE,0.18408860175386166
22-01-2026 11:10||NIFTY27JAN2624600PE,0.1585025807334617
22-01-2026 11:10||NIFTY27JAN2624700PE,0.15052042056688297
22-01-2026 11:10||NIFTY27JAN2625000PE,0.1306320439906208
22-01-2026 11:10||NIFTY27JAN2625100PE,0.12473909574601064
22-01-2026 11:10||NIFTY27JAN2625400CE,0.11568267930435691
22-01-2026 11:10||NIFTY27JAN2625800CE,0.12857607001273427
22-01-2026 11:10||NIFTY27JAN2626100CE,0.14842362906239367
22-01-2026 11:15||NIFTY27JAN2623900PE,0.2224829748277429
22-01-2026 11:15||NIFTY27JAN2624300PE,0.1828113145541168
22-01-2026 11:15||NIFTY27JAN2625600CE,0.11998244620057798
22-01-2026 11:15||NIFTY27JAN2625800CE,0.1291259674409064
22-01-2026 11:15||NIFTY27JAN2626100CE,0.14941724743186421
22-01-2026 11:15||NIFTY27JAN2626200CE,0.1577207090655316
22-01-2026 11:15||NIFTY27JAN2626400CE,0.17291790031719842
22-01-2026 11:15||NIFTY27JAN2626500CE,0.18215816001983057
22-01-2026 11:20||NIFTY27JAN2623900PE,0.21911806792229713
22-01-2026 11:20||NIFTY27JAN2624700PE,0.14059548264019395
22-01-2026 11:20||NIFTY27JAN2624800PE,0.13328978340042474
22-01-2026 11:20||NIFTY27JAN2625600CE,0.12726779617144937
22-01-2026 11:20||NIFTY27JAN2625900CE,0.1382729407764235
22-01-2026 11:25||NIFTY27JAN2623800PE,0.23564712674030833
22-01-2026 11:25||NIFTY27JAN2623900PE,0.22587049379587318
22-01-2026 11:25||NIFTY27JAN2624000PE,0.21628091262886975
22-01-2026 11:25||NIFTY27JAN2624500PE,0.1678505671665031
22-01-2026 11:25||NIFTY27JAN2624600PE,0.15866134451744712
22-01-2026 11:25||NIFTY27JAN2625800CE,0.12406079716076812
22-01-2026 11:25||NIFTY27JAN2625900CE,0.12987541217431697
22-01-2026 11:25||NIFTY27JAN2626500CE,0.17665455967201876
22-01-2026 11:30||NIFTY27JAN2624300PE,0.17999262526310847
22-01-2026 11:30||NIFTY27JAN2625800CE,0.13095846814224865
22-01-2026 11:30||NIFTY27JAN2626000CE,0.1432594228417246
22-01-2026 11:35||NIFTY27JAN2624200PE,0.19224676433196733
22-01-2026 11:35||NIFTY27JAN2625500CE,0.11592084651362981
22-01-2026 11:35||NIFTY27JAN2625900CE,0.13269663253851954
22-01-2026 11:40||NIFTY27JAN2624200PE,0.1923965303226022
22-01-2026 11:40||NIFTY27JAN2624700PE,0.1500000527326513
22-01-2026 11:40||NIFTY27JAN2625200CE,0.11101912834143692
22-01-2026 11:40||NIFTY27JAN2626300CE,0.16776117366795873
22-01-2026 11:45||NIFTY27JAN2623900PE,0.2180182360271742
22-01-2026 11:45||NIFTY27JAN2624400PE,0.16751421361765684
22-01-2026 11:45||NIFTY27JAN2625000PE,0.12368176535084525
22-01-2026 11:45||NIFTY27JAN2626500CE,0.18749778178855217
22-01-2026 11:50||NIFTY27JAN2624500PE,0.1636484174177976
22-01-2026 11:50||NIFTY27JAN2624800PE,0.14160711867447917
22-01-2026 11:50||NIFTY27JAN2625200CE,0.11961718816145438
22-01-2026 11:50||NIFTY27JAN2625700CE,0.12667158145688442
22-01-2026 11:50||NIFTY27JAN2626200CE,0.16042065470603903
22-01-2026 11:50||NIFTY27JAN2626300CE,0.16861814981452952
22-01-2026 11:55||NIFTY27JAN2624000PE,0.20962399364500106
22-01-2026 11:55||NIFTY27JAN2625000PE,0.13219194873023765
22-01-2026 12:00||NIFTY27JAN2623800PE,0.22792119275701858
22-01-2026 12:00||NIFTY27JAN2624300PE,0.17593462020879902
22-01-2026 12:00||NIFTY27JAN2625600CE,0.13161408509349673
22-01-2026 12:00||NIFTY27JAN2625700CE,0.13457890200093892
22-01-2026 12:00||NIFTY27JAN2626100CE,0.15892329379043155
22-01-2026 12:00||NIFTY27JAN2626400CE,0.18345118400193355
22-01-2026 12:05||NIFTY27JAN2624300PE,0.17912376997478252
22-01-2026 12:05||NIFTY27JAN2625600CE,0.12645858758276876
22-01-2026 12:05||NIFTY27JAN2625700CE,0.12973844217047037
22-01-2026 12:05||NIFTY27JAN2626000CE,0.14706860135447616
22-01-2026 12:05||NIFTY27JAN2626300CE,0.17023622083580126
22-01-2026 12:10||NIFTY27JAN2624000PE,0.20848487209784156
22-01-2026 12:10||NIFTY27JAN2624500PE,0.1591530948663734
22-01-2026 12:10||NIFTY27JAN2625500CE,0.123635923572642
22-01-2026 12:10||NIFTY27JAN2625800CE,0.1330167239371834
22-01-2026 12:10||NIFTY27JAN2626100CE,0.15261091786616546
22-01-2026 12:15||NIFTY27JAN2623800PE,0.2288094584795754
22-01-2026 12:15||NIFTY27JAN2624000PE,0.20739068831023938
22-01-2026 12:15||NIFTY27JAN2624500PE,0.15759785305669738
22-01-2026 12:15||NIFTY27JAN2626100CE,0.15309675384649338
22-01-2026 12:15||NIFTY27JAN2626400CE,0.1765880488328841
22-01-2026 12:15||NIFTY27JAN2626500CE,0.1857612937574202
22-01-2026 12:20||NIFTY27JAN2624800PE,0.14480814406759987
22-01-2026 12:20||NIFTY27JAN2624900PE,0.13897878209410985
22-01-2026 12:20||NIFTY27JAN2625900CE,0.13062031730773876
22-01-2026 12:20||NIFTY27JAN2626000CE,0.13909095528318305
22-01-2026 12:20||NIFTY27JAN2626500CE,0.17989510328122835
22-01-2026 12:25||NIFTY27JAN2623900PE,0.2206336880185715
22-01-2026 12:25||NIFTY27JAN2624200PE,0.18837975768601087
22-01-2026 12:25||NIFTY27JAN2624700PE,0.14198417644262526
22-01-2026 12:25||NIFTY27JAN2624800PE,0.13506421080936445
22-01-2026 12:25||NIFTY27JAN2625300CE,0.12610345573161996
22-01-2026 12:30||NIFTY27JAN2624200PE,0.1889174045911248
22-01-2026 12:30||NIFTY27JAN2624400PE,0.1693605144139324
22-01-2026 12:30||NIFTY27JAN2624500PE,0.15995453854124794
22-01-2026 12:30||NIFTY27JAN2625100PE,0.11657840305966109
22-01-2026 12:30||NIFTY27JAN2625700CE,0.12497246563197259
22-01-2026 12:30||NIFTY27JAN2625800CE,0.1291520093639963
22-01-2026 12:30||NIFTY27JAN2625900CE,0.1346157680115864
22-01-2026 12:30||NIFTY27JAN2626400CE,0.17251017751517653
22-01-2026 12:35||NIFTY27JAN2623800PE,0.23364212527536873
22-01-2026 12:35||NIFTY27JAN2624400PE,0.17186608731020792
22-01-2026 12:35||NIFTY27JAN2626100CE,0.1462117289789893
22-01-2026 12:35||NIFTY27JAN2626300CE,0.1634803863082826
22-01-2026 12:40||NIFTY27JAN2624100PE,0.19818953260986893
22-01-2026 12:40||NIFTY27JAN2626200CE,0.15811054988506318
22-01-2026 12:45||NIFTY27JAN2624700PE,0.14316994609882153
22-01-2026 12:45||NIFTY27JAN2624900PE,0.12987023465613437
22-01-2026 12:45||NIFTY27JAN2625200CE,0.1164625350681692
22-01-2026 12:45||NIFTY27JAN2625700CE,0.12046856947138308
22-01-2026 12:45||NIFTY27JAN2625800CE,0.1255277930164211
22-01-2026 12:45||NIFTY27JAN2626000CE,0.1379346552854148
22-01-2026 12:45||NIFTY27JAN2626100CE,0.1445709874216199
22-01-2026 12:45||NIFTY27JAN2626200CE,0.15314313530204754
22-01-2026 12:45||NIFTY27JAN2626300CE,0.16141158804386554
22-01-2026 12:45||NIFTY27JAN2626400CE,0.1706701687469974
22-01-2026 12:50||NIFTY27JAN2624200PE,0.18890655701102457
22-01-2026 12:50||NIFTY27JAN2624300PE,0.17929951891011756
22-01-2026 12:50||NIFTY27JAN2624900PE,0.13233644636251132
22-01-2026 12:50||NIFTY27JAN2625900CE,0.1312494708382052
22-01-2026 12:50||NIFTY27JAN2626200CE,0.1551493203954492
22-01-2026 12:50||NIFTY27JAN2626300CE,0.16340642596933305
22-01-2026 12:55||NIFTY27JAN2624400PE,0.16439958231137805
22-01-2026 12:55||NIFTY27JAN2625100PE,0.1207163176982546
22-01-2026 12:55||NIFTY27JAN2626100CE,0.1525556264498664
22-01-2026 12:55||NIFTY27JAN2626400CE,0.17876250504370036
22-01-2026 13:00||NIFTY27JAN2624000PE,0.2043066485852529
22-01-2026 13:00||NIFTY27JAN2624400PE,0.16287445708092715
22-01-2026 13:00||NIFTY27JAN2624900PE,0.12541504748891047
22-01-2026 13:00||NIFTY27JAN2625700CE,0.12499581420366786
22-01-2026 13:05||NIFTY27JAN2623800PE,0.2267546440001065
22-01-2026 13:05||NIFTY27JAN2624100PE,0.1936494594268256
22-01-2026 13:05||NIFTY27JAN2624400PE,0.16318463492011656
22-01-2026 13:05||NIFTY27JAN2625000PE,0.12302692774219388
22-01-2026 13:05||NIFTY27JAN2625300CE,0.11541132380714365
22-01-2026 13:05||NIFTY27JAN2625400CE,0.11517796483231223
22-01-2026 13:05||NIFTY27JAN2625700CE,0.12455962024128871
22-01-2026 13:10||NIFTY27JAN2624200PE,0.18380750903803666
22-01-2026 13:10||NIFTY27JAN2625300CE,0.11138083045004428
22-01-2026 13:10||NIFTY27JAN2625500CE,0.11446084048626681
22-01-2026 13:10||NIFTY27JAN2626000CE,0.14468499321961667
22-01-2026 13:10||NIFTY27JAN2626500CE,0.19242733555351862
22-01-2026 13:15||NIFTY27JAN2624200PE,0.18048703284759982
22-01-2026 13:15||NIFTY27JAN2624600PE,0.14258406863577494
22-01-2026 13:15||NIFTY27JAN2624700PE,0.13417727565080134
22-01-2026 13:15||NIFTY27JAN2625200CE,0.13035084978522826
22-01-2026 13:15||NIFTY27JAN2625600CE,0.12368713533029306
22-01-2026 13:20||NIFTY27JAN2623900PE,0.21471832834610036
22-01-2026 13:20||NIFTY27JAN2624700PE,0.1369137688359266
22-01-2026 13:20||NIFTY27JAN2624900PE,0.12430662248517597
22-01-2026 13:20||NIFTY27JAN2625200CE,0.12208084978522843
22-01-2026 13:20||NIFTY27JAN2625500CE,0.1181688279783278
22-01-2026 13:20||NIFTY27JAN2626100CE,0.15336700738083897
22-01-2026 13:25||NIFTY27JAN2624900PE,0.12896599361732516
22-01-2026 13:25||NIFTY27JAN2625100PE,0.12161536152592076
22-01-2026 13:25||NIFTY27JAN2625800CE,0.12991498004624685
22-01-2026 13:25||NIFTY27JAN2626100CE,0.15397684553945068
22-01-2026 13:25||NIFTY27JAN2626300CE,0.17252078040856925
22-01-2026 13:30||NIFTY27JAN2623800PE,0.2212741624030308
22-01-2026 13:30||NIFTY27JAN2624000PE,0.19973173209595155
22-01-2026 13:30||NIFTY27JAN2624100PE,0.18873798906574538
22-01-2026 13:30||NIFTY27JAN2624600PE,0.13849865113185542
22-01-2026 13:30||NIFTY27JAN2625100PE,0.10048536152592
22-01-2026 13:30||NIFTY27JAN2625800CE,0.13635607822188928
22-01-2026 13:30||NIFTY27JAN2625900CE,0.14270056707760576
22-01-2026 13:35||NIFTY27JAN2623800PE,0.2262690341979048
22-01-2026 13:35||NIFTY27JAN2623900PE,0.21673981940940898
22-01-2026 13:35||NIFTY27JAN2624400PE,0.16667983736234043
22-01-2026 13:35||NIFTY27JAN2624600PE,0.15029361912214964
22-01-2026 13:35||NIFTY27JAN2624700PE,0.14275741642929593
22-01-2026 13:35||NIFTY27JAN2625300CE,0.10626879859263749
22-01-2026 13:35||NIFTY27JAN2625500CE,0.1102575513994765
22-01-2026 13:35||NIFTY27JAN2625700CE,0.1189320979806616
22-01-2026 13:35||NIFTY27JAN2626000CE,0.14071759496321135
22-01-2026 13:35||NIFTY27JAN2626100CE,0.14907297494198896
22-01-2026 13:35||NIFTY27JAN2626400CE,0.17614188026226202
22-01-2026 13:40||NIFTY27JAN2624000PE,0.20238513044231546
22-01-2026 13:40||NIFTY27JAN2624200PE,0.1807953155626328
22-01-2026 13:40||NIFTY27JAN2624300PE,0.17122083495896276
22-01-2026 13:40||NIFTY27JAN2624400PE,0.16094984958973307
22-01-2026 13:40||NIFTY27JAN2624900PE,0.12147896628764573
22-01-2026 13:40||NIFTY27JAN2625100PE,0.11085086175010421
22-01-2026 13:40||NIFTY27JAN2625300CE,0.1213899991377475
22-01-2026 13:40||NIFTY27JAN2625400CE,0.11914191349999706
22-01-2026 13:40||NIFTY27JAN2625600CE,0.12222134144027835
22-01-2026 13:40||NIFTY27JAN2626000CE,0.146320705662349
22-01-2026 13:40||NIFTY27JAN2626300CE,0.17177926629123244
22-01-2026 13:45||NIFTY27JAN2624400PE,0.15911180233429328
22-01-2026 13:45||NIFTY27JAN2625200CE,0.13269232630017122
22-01-2026 13:45||NIFTY27JAN2625800CE,0.13346185185654846
22-01-2026 13:45||NIFTY27JAN2626100CE,0.15529285451754335
22-01-2026 13:45||NIFTY27JAN2626300CE,0.17253681165533932
22-01-2026 13:50||NIFTY27JAN2623800PE,0.22515949761703055
22-01-2026 13:50||NIFTY27JAN2625200CE,0.1337723263001712
22-01-2026 13:50||NIFTY27JAN2626300CE,0.17075698891279592
22-01-2026 13:55||NIFTY27JAN2624500PE,0.15415041555125716
22-01-2026 13:55||NIFTY27JAN2624600PE,0.14413582765835425
22-01-2026 13:55||NIFTY27JAN2624800PE,0.1286337790161034
22-01-2026 13:55||NIFTY27JAN2625400CE,0.11294398172233718
22-01-2026 13:55||NIFTY27JAN2625500CE,0.11388309141727272
22-01-2026 13:55||NIFTY27JAN2625900CE,0.13195618731849937
22-01-2026 13:55||NIFTY27JAN2626000CE,0.1410171811822257
22-01-2026 13:55||NIFTY27JAN2626400CE,0.17598016656706084
22-01-2026 14:00||NIFTY27JAN2623800PE,0.22718054740588153
22-01-2026 14:00||NIFTY27JAN2623900PE,0.2160384409810121
22-01-2026 14:00||NIFTY27JAN2624300PE,0.1710721129032881
22-01-2026 14:00||NIFTY27JAN2625000PE,0.11697082836239028
22-01-2026 14:00||NIFTY27JAN2625300CE,0.11146791477327454
22-01-2026 14:00||NIFTY27JAN2625500CE,0.11151305028825344
22-01-2026 14:00||NIFTY27JAN2625600CE,0.11441573810165456
22-01-2026 14:00||NIFTY27JAN2626500CE,0.18661657712783045
22-01-2026 14:05||NIFTY27JAN2623800PE,0.22427186319535494
22-01-2026 14:05||NIFTY27JAN2624000PE,0.2029636612043923
22-01-2026 14:05||NIFTY27JAN2624200PE,0.18030756855761934
22-01-2026 14:05||NIFTY27JAN2624300PE,0.17069360907016934
22-01-2026 14:05||NIFTY27JAN2625200CE,0.11218876470464331
22-01-2026 14:05||NIFTY27JAN2626200CE,0.15874208155381242
22-01-2026 14:05||NIFTY27JAN2626400CE,0.17696306547800614
22-01-2026 14:10||NIFTY27JAN2623900PE,0.21316829851162503
22-01-2026 14:10||NIFTY27JAN2624200PE,0.1809007542876643
22-01-2026 14:10||NIFTY27JAN2625100PE,0.12137022600652682
22-01-2026 14:10||NIFTY27JAN2625900CE,0.1329640669821726
22-01-2026 14:15||NIFTY27JAN2623800PE,0.22145671111390391
22-01-2026 14:15||NIFTY27JAN2624600PE,0.13785544182849338
22-01-2026 14:15||NIFTY27JAN2625000PE,0.1122419276471298
22-01-2026 14:15||NIFTY27JAN2625100PE,0.10692022600652663
22-01-2026 14:15||NIFTY27JAN2626500CE,0.19368994314558
22-01-2026 14:20||NIFTY27JAN2623800PE,0.21566385397104365
22-01-2026 14:20||NIFTY27JAN2623900PE,0.20607791331099873
22-01-2026 14:20||NIFTY27JAN2624000PE,0.1957643356697489
22-01-2026 14:20||NIFTY27JAN2624100PE,0.18559555971416863
22-01-2026 14:20||NIFTY27JAN2624400PE,0.15514832025671527
22-01-2026 14:20||NIFTY27JAN2624900PE,0.11604524467416924
22-01-2026 14:20||NIFTY27JAN2625400CE,0.11436710218018854
22-01-2026 14:20||NIFTY27JAN2625700CE,0.12227113527421955
22-01-2026 14:20||NIFTY27JAN2625800CE,0.12966535450148764
22-01-2026 14:20||NIFTY27JAN2625900CE,0.13774344817848136
22-01-2026 14:20||NIFTY27JAN2626100CE,0.1532547202671463
22-01-2026 14:20||NIFTY27JAN2626200CE,0.16323678840405512
22-01-2026 14:25||NIFTY27JAN2624200PE,0.17572213691330948
22-01-2026 14:25||NIFTY27JAN2624300PE,0.16488850112308112
22-01-2026 14:25||NIFTY27JAN2624600PE,0.1336899568032465
22-01-2026 14:25||NIFTY27JAN2624700PE,0.12436343130308093
22-01-2026 14:25||NIFTY27JAN2626500CE,0.18890610429666507
22-01-2026 14:30||NIFTY27JAN2623800PE,0.22547649145588705
22-01-2026 14:30||NIFTY27JAN2624300PE,0.16887095951006875
22-01-2026 14:30||NIFTY27JAN2625600CE,0.12169252038467952
22-01-2026 14:30||NIFTY27JAN2625700CE,0.12335765700835394
22-01-2026 14:30||NIFTY27JAN2625900CE,0.13265520602552192
22-01-2026 14:30||NIFTY27JAN2626500CE,0.18226943762999823
22-01-2026 14:35||NIFTY27JAN2624000PE,0.20597055477253448
22-01-2026 14:35||NIFTY27JAN2624800PE,0.12353894822901322
22-01-2026 14:35||NIFTY27JAN2625500CE,0.1165078728838093
22-01-2026 14:40||NIFTY27JAN2623800PE,0.23123458848765902
22-01-2026 14:40||NIFTY27JAN2625200CE,0.1215017652646537
22-01-2026 14:40||NIFTY27JAN2625400CE,0.11164771147690004
22-01-2026 14:40||NIFTY27JAN2626100CE,0.14006691386761694
22-01-2026 14:40||NIFTY27JAN2626500CE,0.17298743425666063
22-01-2026 14:45||NIFTY27JAN2624000PE,0.20540354841460604
22-01-2026 14:45||NIFTY27JAN2626100CE,0.13848409965277386
22-01-2026 14:50||NIFTY27JAN2624400PE,0.1606181406279599
22-01-2026 14:50||NIFTY27JAN2624500PE,0.14993906451981487
22-01-2026 14:50||NIFTY27JAN2625400CE,0.10634455611588048
22-01-2026 14:50||NIFTY27JAN2625500CE,0.10536844512167379
22-01-2026 14:50||NIFTY27JAN2625600CE,0.10650505049655738
22-01-2026 14:50||NIFTY27JAN2626200CE,0.1451690796834183
22-01-2026 14:55||NIFTY27JAN2624300PE,0.16850307043246718
22-01-2026 14:55||NIFTY27JAN2625000PE,0.10922287325513393
22-01-2026 14:55||NIFTY27JAN2626100CE,0.1353768779689534
22-01-2026 14:55||NIFTY27JAN2626500CE,0.1710234330435633
22-01-2026 15:00||NIFTY27JAN2624300PE,0.16765763153824667
22-01-2026 15:00||NIFTY27JAN2624600PE,0.1379654940687623
22-01-2026 15:00||NIFTY27JAN2624900PE,0.11717910768583663
22-01-2026 15:00||NIFTY27JAN2625600CE,0.10547237099120982
22-01-2026 15:00||NIFTY27JAN2626400CE,0.16273958124370397
22-01-2026 15:05||NIFTY27JAN2625300CE,0.1306431365005647
22-01-2026 15:05||NIFTY27JAN2625400CE,0.12276026278702942
22-01-2026 15:05||NIFTY27JAN2625600CE,0.11608065527612316
22-01-2026 15:10||NIFTY27JAN2623800PE,0.22589931149131368
22-01-2026 15:10||NIFTY27JAN2624000PE,0.20471323521339513
22-01-2026 15:10||NIFTY27JAN2624200PE,0.18032270279951992
22-01-2026 15:10||NIFTY27JAN2625100PE,0.10394285151129716
22-01-2026 15:10||NIFTY27JAN2625600CE,0.10719823682583912
22-01-2026 15:10||NIFTY27JAN2626100CE,0.1311490037375066
22-01-2026 15:15||NIFTY27JAN2623800PE,0.22455347815798185
22-01-2026 15:15||NIFTY27JAN2624200PE,0.17726149266931449
22-01-2026 15:15||NIFTY27JAN2624600PE,0.13387752751388635
22-01-2026 15:15||NIFTY27JAN2625400CE,0.11673599980454974
22-01-2026 15:15||NIFTY27JAN2625800CE,0.11235270832744958
22-01-2026 15:15||NIFTY27JAN2625900CE,0.11801720541758777
22-01-2026 15:15||NIFTY27JAN2626200CE,0.1385987472919078
22-01-2026 15:15||NIFTY27JAN2626300CE,0.14686684763911356
22-01-2026 15:20||NIFTY27JAN2624800PE,0.11792645460631426
22-01-2026 15:20||NIFTY27JAN2625200CE,0.1390915085044468
22-01-2026 15:20||NIFTY27JAN2626400CE,0.15507384758874554
22-01-2026 15:25||NIFTY27JAN2623800PE,0.22500874861777084
22-01-2026 15:25||NIFTY27JAN2624300PE,0.16752172405408428
22-01-2026 15:25||NIFTY27JAN2624700PE,0.12315598132005888
22-01-2026 15:25||NIFTY27JAN2625100PE,0.09698725920690243
22-01-2026 15:25||NIFTY27JAN2625200CE,0.12688150850444874
22-01-2026 15:25||NIFTY27JAN2625300CE,0.11903668443111153
22-01-2026 15:25||NIFTY27JAN2625600CE,0.10807113510759969
22-01-2026 15:25||NIFTY27JAN2625900CE,0.11369452805986464
22-01-2026 15:25||NIFTY27JAN2626000CE,0.12228953008510428
22-01-2026 15:25||NIFTY27JAN2626400CE,0.15599343340129568
23-01-2026 09:15||NIFTY27JAN2624100PE,0.21079567415010186
23-01-2026 09:15||NIFTY27JAN2624200PE,0.19707307722210096
23-01-2026 09:15||NIFTY27JAN2624300PE,0.18555157361818542
23-01-2026 09:15||NIFTY27JAN2625500CE,0.11352854619117779
23-01-2026 09:15||NIFTY27JAN2626000CE,0.13367136418663886
23-01-2026 09:15||NIFTY27JAN2626100CE,0.14049936454285714
23-01-2026 09:15||NIFTY27JAN2626200CE,0.15093036769173526
23-01-2026 09:15||NIFTY27JAN2626300CE,0.16232321816486886
23-01-2026 09:15||NIFTY27JAN2626500CE,0.18513530724063548
23-01-2026 09:20||NIFTY27JAN2623900PE,0.23248491638060512
23-01-2026 09:20||NIFTY27JAN2624400PE,0.1702490961844915
23-01-2026 09:20||NIFTY27JAN2625500CE,0.12624683817042526
23-01-2026 09:20||NIFTY27JAN2626200CE,0.15474602229517817
23-01-2026 09:20||NIFTY27JAN2626400CE,0.17901718142670775
23-01-2026 09:25||NIFTY27JAN2623800PE,0.2530492903007904
23-01-2026 09:25||NIFTY27JAN2625100PE,0.11201144418602747
23-01-2026 09:25||NIFTY27JAN2626100CE,0.13412451379783535
23-01-2026 09:25||NIFTY27JAN2626200CE,0.14543312149672946
23-01-2026 09:25||NIFTY27JAN2626400CE,0.17076928613490627
23-01-2026 09:30||NIFTY27JAN2623900PE,0.24117090068444214
23-01-2026 09:30||NIFTY27JAN2624000PE,0.2300781519692199
23-01-2026 09:30||NIFTY27JAN2624400PE,0.18263930076653107
23-01-2026 09:30||NIFTY27JAN2624500PE,0.1704703288235577
23-01-2026 09:30||NIFTY27JAN2624600PE,0.1584287242740204
23-01-2026 09:30||NIFTY27JAN2624700PE,0.1469131840066911
23-01-2026 09:30||NIFTY27JAN2625200CE,0.1087910047089056
23-01-2026 09:30||NIFTY27JAN2626300CE,0.15775796545745474
23-01-2026 09:35||NIFTY27JAN2623900PE,0.23797208012800775
23-01-2026 09:35||NIFTY27JAN2624000PE,0.22686655901712663
23-01-2026 09:35||NIFTY27JAN2624400PE,0.17732786146823304
23-01-2026 09:35||NIFTY27JAN2625500CE,0.10821006674809953
23-01-2026 09:35||NIFTY27JAN2626100CE,0.1384355595025676
23-01-2026 09:40||NIFTY27JAN2625400CE,0.10501059207218427
23-01-2026 09:40||NIFTY27JAN2625500CE,0.1035438589222716
23-01-2026 09:40||NIFTY27JAN2626000CE,0.12776921589480875
23-01-2026 09:45||NIFTY27JAN2623900PE,0.2354131170239939
23-01-2026 09:45||NIFTY27JAN2624100PE,0.2101010604858665
23-01-2026 09:45||NIFTY27JAN2624300PE,0.1850085150757494
23-01-2026 09:45||NIFTY27JAN2624800PE,0.1272067756877903
23-01-2026 09:45||NIFTY27JAN2624900PE,0.11923045078089058
23-01-2026 09:45||NIFTY27JAN2626100CE,0.14283217888117708
23-01-2026 09:45||NIFTY27JAN2626400CE,0.177231191266905
23-01-2026 09:50||NIFTY27JAN2623900PE,0.2382792949918541
23-01-2026 09:50||NIFTY27JAN2624200PE,0.201695667076466
23-01-2026 09:50||NIFTY27JAN2624400PE,0.17786764278920214
23-01-2026 09:50||NIFTY27JAN2624700PE,0.14408760389927971
23-01-2026 09:50||NIFTY27JAN2625200CE,0.10661751787869723
23-01-2026 09:50||NIFTY27JAN2625300CE,0.10259701093373505
23-01-2026 09:50||NIFTY27JAN2625700CE,0.10301068203654941
23-01-2026 09:50||NIFTY27JAN2625800CE,0.10771613082744518
23-01-2026 09:55||NIFTY27JAN2623800PE,0.24833217725701887
23-01-2026 09:55||NIFTY27JAN2624200PE,0.1980309487640852
23-01-2026 09:55||NIFTY27JAN2624800PE,0.12943461181897484
23-01-2026 09:55||NIFTY27JAN2625000PE,0.11563618965692984
23-01-2026 09:55||NIFTY27JAN2625200CE,0.12236751787869622
23-01-2026 09:55||NIFTY27JAN2625700CE,0.10667242722467497
23-01-2026 09:55||NIFTY27JAN2626300CE,0.162874169353931
23-01-2026 10:00||NIFTY27JAN2624700PE,0.14044553536711998
23-01-2026 10:00||NIFTY27JAN2625900CE,0.11402042239726888
23-01-2026 10:00||NIFTY27JAN2626000CE,0.12629671547664026
23-01-2026 10:00||NIFTY27JAN2626100CE,0.13743194597889985
23-01-2026 10:00||NIFTY27JAN2626300CE,0.1597454624271581
23-01-2026 10:05||NIFTY27JAN2623800PE,0.24952333056256526
23-01-2026 10:05||NIFTY27JAN2624100PE,0.2121173581495241
23-01-2026 10:05||NIFTY27JAN2624600PE,0.1505204813133207
23-01-2026 10:05||NIFTY27JAN2624800PE,0.13092462889382425
23-01-2026 10:05||NIFTY27JAN2626200CE,0.15163604150259152
23-01-2026 10:10||NIFTY27JAN2623800PE,0.24850761627684648
23-01-2026 10:10||NIFTY27JAN2624000PE,0.2240500892033199
23-01-2026 10:10||NIFTY27JAN2624400PE,0.17334409534431452
23-01-2026 10:10||NIFTY27JAN2624600PE,0.14883672680166765
23-01-2026 10:10||NIFTY27JAN2624800PE,0.1292342028289911
23-01-2026 10:10||NIFTY27JAN2625300CE,0.1059080594943207
23-01-2026 10:15||NIFTY27JAN2624700PE,0.14086917330596385
23-01-2026 10:15||NIFTY27JAN2625700CE,0.10140910919713066
23-01-2026 10:15||NIFTY27JAN2625900CE,0.11608236443098509
23-01-2026 10:15||NIFTY27JAN2626000CE,0.13035140818374127
23-01-2026 10:15||NIFTY27JAN2626400CE,0.17420277400930054
23-01-2026 10:20||NIFTY27JAN2625700CE,0.1057077127883116
23-01-2026 10:20||NIFTY27JAN2625800CE,0.11117368510182528
23-01-2026 10:20||NIFTY27JAN2626100CE,0.14255846417178442
23-01-2026 10:20||NIFTY27JAN2626500CE,0.18766277349552646
23-01-2026 10:25||NIFTY27JAN2623800PE,0.24608135947054682
23-01-2026 10:25||NIFTY27JAN2624400PE,0.16955329297376895
23-01-2026 10:25||NIFTY27JAN2624600PE,0.1440814986860575
23-01-2026 10:25||NIFTY27JAN2625100PE,0.09984599310820784
23-01-2026 10:25||NIFTY27JAN2625400CE,0.11406754782812277
23-01-2026 10:25||NIFTY27JAN2626000CE,0.1319625067611558
23-01-2026 10:30||NIFTY27JAN2624100PE,0.21349509423086768
23-01-2026 10:30||NIFTY27JAN2624400PE,0.1751039529487924
23-01-2026 10:30||NIFTY27JAN2624600PE,0.1494785945895936
23-01-2026 10:30||NIFTY27JAN2625100PE,0.10625599310820831
23-01-2026 10:35||NIFTY27JAN2624000PE,0.2274900266956436
23-01-2026 10:35||NIFTY27JAN2624100PE,0.21507183908066865
23-01-2026 10:35||NIFTY27JAN2624200PE,0.20166693271202335
23-01-2026 10:35||NIFTY27JAN2624500PE,0.16405103606827381
23-01-2026 10:35||NIFTY27JAN2624900PE,0.12382144452694764
23-01-2026 10:35||NIFTY27JAN2625100PE,0.1095009931082087
23-01-2026 10:35||NIFTY27JAN2625600CE,0.09728514682476577
23-01-2026 10:40||NIFTY27JAN2624000PE,0.2254825153832552
23-01-2026 10:40||NIFTY27JAN2624600PE,0.14980987051010988
23-01-2026 10:40||NIFTY27JAN2624800PE,0.12963588001235268
23-01-2026 10:40||NIFTY27JAN2625300CE,0.10594962257551666
23-01-2026 10:40||NIFTY27JAN2625800CE,0.10476215328864186
23-01-2026 10:45||NIFTY27JAN2624100PE,0.21354111499668565
23-01-2026 10:45||NIFTY27JAN2625100PE,0.11119476717757916
23-01-2026 10:45||NIFTY27JAN2625900CE,0.11291920634883904
23-01-2026 10:45||NIFTY27JAN2626200CE,0.14812191431555785
23-01-2026 10:45||NIFTY27JAN2626500CE,0.18133086619599392
23-01-2026 10:50||NIFTY27JAN2623900PE,0.23761972469969064
23-01-2026 10:50||NIFTY27JAN2625400CE,0.09977536305825521
23-01-2026 10:50||NIFTY27JAN2625700CE,0.09996665694226939
23-01-2026 10:50||NIFTY27JAN2626200CE,0.14925978463229203
23-01-2026 10:50||NIFTY27JAN2626300CE,0.16072685980758736
23-01-2026 10:50||NIFTY27JAN2626400CE,0.1699725706080231
23-01-2026 10:55||NIFTY27JAN2623800PE,0.24886433013490955
23-01-2026 10:55||NIFTY27JAN2624600PE,0.14677331696190263
23-01-2026 10:55||NIFTY27JAN2624900PE,0.1176182448167755
23-01-2026 10:55||NIFTY27JAN2626200CE,0.1509546193067501
23-01-2026 11:00||NIFTY27JAN2625100PE,0.10766326502988843
23-01-2026 11:00||NIFTY27JAN2625400CE,0.09479710972590624
23-01-2026 11:00||NIFTY27JAN2625800CE,0.10503893046537785
23-01-2026 11:00||NIFTY27JAN2626100CE,0.1394102275458475
23-01-2026 11:05||NIFTY27JAN2624200PE,0.19639219548446046
23-01-2026 11:05||NIFTY27JAN2625600CE,0.09976960679097836
23-01-2026 11:05||NIFTY27JAN2625700CE,0.1015114680107405
23-01-2026 11:05||NIFTY27JAN2626200CE,0.15264427851652423
23-01-2026 11:05||NIFTY27JAN2626500CE,0.18616719068865764
23-01-2026 11:10||NIFTY27JAN2624000PE,0.22297131652050384
23-01-2026 11:10||NIFTY27JAN2624100PE,0.21040671980629416
23-01-2026 11:10||NIFTY27JAN2625300CE,0.10158854189590102
23-01-2026 11:10||NIFTY27JAN2626300CE,0.16302948816775373
23-01-2026 11:15||NIFTY27JAN2624200PE,0.19601489454958257
23-01-2026 11:15||NIFTY27JAN2624800PE,0.1275633801370872
23-01-2026 11:15||NIFTY27JAN2624900PE,0.1197566406477593
23-01-2026 11:15||NIFTY27JAN2625300CE,0.09194520388826619
23-01-2026 11:15||NIFTY27JAN2625400CE,0.09050532746545352
23-01-2026 11:15||NIFTY27JAN2625500CE,0.0910201318561437
23-01-2026 11:15||NIFTY27JAN2625700CE,0.09769476706151
23-01-2026 11:15||NIFTY27JAN2626300CE,0.16343648170759248
23-01-2026 11:20||NIFTY27JAN2624100PE,0.20750407483268044
23-01-2026 11:20||NIFTY27JAN2624400PE,0.16923239448294955
23-01-2026 11:20||NIFTY27JAN2624800PE,0.1231995958216003
23-01-2026 11:20||NIFTY27JAN2625100PE,0.1006348061538209
23-01-2026 11:20||NIFTY27JAN2626000CE,0.13099942699424624
23-01-2026 11:20||NIFTY27JAN2626300CE,0.16528053634539272
23-01-2026 11:25||NIFTY27JAN2623800PE,0.24606954559173344
23-01-2026 11:25||NIFTY27JAN2623900PE,0.23481601764985105
23-01-2026 11:25||NIFTY27JAN2624900PE,0.11405214385339073
23-01-2026 11:25||NIFTY27JAN2625200CE,0.1116495384006703
23-01-2026 11:25||NIFTY27JAN2625800CE,0.10620140478340233
23-01-2026 11:25||NIFTY27JAN2626400CE,0.17475501598856483
23-01-2026 11:30||NIFTY27JAN2624700PE,0.13662749446400252
23-01-2026 11:30||NIFTY27JAN2624900PE,0.11977644189722818
23-01-2026 11:30||NIFTY27JAN2625000PE,0.11371980170832324
23-01-2026 11:30||NIFTY27JAN2625500CE,0.0899630800892098
23-01-2026 11:30||NIFTY27JAN2625800CE,0.10463846641024731
23-01-2026 11:30||NIFTY27JAN2626000CE,0.1280011028356858
23-01-2026 11:30||NIFTY27JAN2626200CE,0.15140841422869453
23-01-2026 11:30||NIFTY27JAN2626400CE,0.17406502431974982
23-01-2026 11:35||NIFTY27JAN2624900PE,0.12089993580307216
23-01-2026 11:35||NIFTY27JAN2625400CE,0.09137096444980787
23-01-2026 11:35||NIFTY27JAN2626000CE,0.13238089437816905
23-01-2026 11:40||NIFTY27JAN2623900PE,0.22752191739476005
23-01-2026 11:40||NIFTY27JAN2624300PE,0.17676494667273482
23-01-2026 11:40||NIFTY27JAN2624900PE,0.11550107212901943
23-01-2026 11:40||NIFTY27JAN2625500CE,0.09750872699733397
23-01-2026 11:40||NIFTY27JAN2626300CE,0.1747945748241847
23-01-2026 11:40||NIFTY27JAN2626500CE,0.19351507305011484
23-01-2026 11:45||NIFTY27JAN2625300CE,0.09654607352322758
23-01-2026 11:45||NIFTY27JAN2626100CE,0.1544789740766785
23-01-2026 11:45||NIFTY27JAN2626400CE,0.18589472718973368
23-01-2026 11:50||NIFTY27JAN2624100PE,0.19482469295862156
23-01-2026 11:50||NIFTY27JAN2624500PE,0.14667439931888648
23-01-2026 11:50||NIFTY27JAN2625400CE,0.10581261482968717
23-01-2026 11:50||NIFTY27JAN2625500CE,0.1056957315221308
23-01-2026 11:50||NIFTY27JAN2625700CE,0.11331107596993677
23-01-2026 11:55||NIFTY27JAN2624800PE,0.11970255496172805
23-01-2026 11:55||NIFTY27JAN2625100PE,0.10264112507900616
23-01-2026 11:55||NIFTY27JAN2625700CE,0.11085340130344905
23-01-2026 11:55||NIFTY27JAN2626200CE,0.1648560475992571
23-01-2026 11:55||NIFTY27JAN2626500CE,0.19563531507241289
23-01-2026 12:00||NIFTY27JAN2624000PE,0.21077698265149555
23-01-2026 12:00||NIFTY27JAN2624300PE,0.1724786411581606
23-01-2026 12:00||NIFTY27JAN2624800PE,0.11817580448405501
23-01-2026 12:00||NIFTY27JAN2625200CE,0.11000927606754339
23-01-2026 12:00||NIFTY27JAN2625800CE,0.1183267629019285
23-01-2026 12:00||NIFTY27JAN2625900CE,0.13158665906855613
23-01-2026 12:00||NIFTY27JAN2626400CE,0.1855489763167023
23-01-2026 12:05||NIFTY27JAN2624600PE,0.13850009502499824
23-01-2026 12:05||NIFTY27JAN2625300CE,0.09675623222613051
23-01-2026 12:05||NIFTY27JAN2625400CE,0.09723692884684626
23-01-2026 12:05||NIFTY27JAN2626400CE,0.18620967698428348
23-01-2026 12:10||NIFTY27JAN2623900PE,0.22015352928527346
23-01-2026 12:10||NIFTY27JAN2624000PE,0.20703905326895447
23-01-2026 12:10||NIFTY27JAN2625000PE,0.10724409098047662
23-01-2026 12:10||NIFTY27JAN2625700CE,0.11322669245703777
23-01-2026 12:10||NIFTY27JAN2626200CE,0.1684362510456972
23-01-2026 12:10||NIFTY27JAN2626500CE,0.19948187589208102
23-01-2026 12:15||NIFTY27JAN2625500CE,0.10824840197499142
23-01-2026 12:15||NIFTY27JAN2626100CE,0.1565287351170731
23-01-2026 12:15||NIFTY27JAN2626300CE,0.17778871326167248
23-01-2026 12:20||NIFTY27JAN2624200PE,0.1856838151068143
23-01-2026 12:20||NIFTY27JAN2625200CE,0.09309667096484911
23-01-2026 12:20||NIFTY27JAN2625300CE,0.09321117121295894
23-01-2026 12:20||NIFTY27JAN2625400CE,0.0965770399001203
23-01-2026 12:20||NIFTY27JAN2625800CE,0.11783189028020177
23-01-2026 12:20||NIFTY27JAN2626100CE,0.15302610939782657
23-01-2026 12:25||NIFTY27JAN2624300PE,0.17081298807961715
23-01-2026 12:25||NIFTY27JAN2624500PE,0.14607353118320354
23-01-2026 12:25||NIFTY27JAN2624600PE,0.1341582436111061
23-01-2026 12:25||NIFTY27JAN2624900PE,0.10822921035835617
23-01-2026 12:25||NIFTY27JAN2625400CE,0.10322331168739736
23-01-2026 12:25||NIFTY27JAN2625600CE,0.10613837907505239
23-01-2026 12:25||NIFTY27JAN2626400CE,0.18681524997431717
23-01-2026 12:30||NIFTY27JAN2623800PE,0.23407211978046036
23-01-2026 12:30||NIFTY27JAN2624100PE,0.19609827130104615
23-01-2026 12:30||NIFTY27JAN2624200PE,0.18345734463235913
23-01-2026 12:30||NIFTY27JAN2624500PE,0.14525891635266852
23-01-2026 12:30||NIFTY27JAN2625900CE,0.13111054291478763
23-01-2026 12:30||NIFTY27JAN2626100CE,0.1542205467000083
23-01-2026 12:30||NIFTY27JAN2626200CE,0.16526598406585305
23-01-2026 12:35||NIFTY27JAN2624100PE,0.19669402308586334
23-01-2026 12:35||NIFTY27JAN2624400PE,0.15785330465311043
23-01-2026 12:35||NIFTY27JAN2625100PE,0.09109018672164154
23-01-2026 12:35||NIFTY27JAN2625300CE,0.10822670306603968
23-01-2026 12:35||NIFTY27JAN2626100CE,0.15427973332385203
23-01-2026 12:40||NIFTY27JAN2624500PE,0.14396649842381457
23-01-2026 12:40||NIFTY27JAN2624600PE,0.1312574429710165
23-01-2026 12:40||NIFTY27JAN2624900PE,0.10323350310432569
23-01-2026 12:40||NIFTY27JAN2625300CE,0.10915048486663395
23-01-2026 12:45||NIFTY27JAN2623800PE,0.23550012634092302
23-01-2026 12:45||NIFTY27JAN2623900PE,0.22423160953806812
23-01-2026 12:45||NIFTY27JAN2624600PE,0.13739538172697552
23-01-2026 12:45||NIFTY27JAN2625900CE,0.12358489390224307
23-01-2026 12:50||NIFTY27JAN2623800PE,0.23322012634092362
23-01-2026 12:50||NIFTY27JAN2624400PE,0.15667174432827868
23-01-2026 12:50||NIFTY27JAN2624800PE,0.11002078092822887
23-01-2026 12:50||NIFTY27JAN2625300CE,0.11080195107828616
23-01-2026 12:50||NIFTY27JAN2625600CE,0.10729001054727914
23-01-2026 12:50||NIFTY27JAN2625700CE,0.11125047045847489
23-01-2026 12:50||NIFTY27JAN2626000CE,0.1408138018262977
23-01-2026 12:50||NIFTY27JAN2626400CE,0.18566275577131042
23-01-2026 12:55||NIFTY27JAN2624200PE,0.18734926970516494
23-01-2026 12:55||NIFTY27JAN2625400CE,0.09133130921573089
23-01-2026 12:55||NIFTY27JAN2625600CE,0.09878217002266408
23-01-2026 12:55||NIFTY27JAN2625800CE,0.11434211793105221
23-01-2026 12:55||NIFTY27JAN2626400CE,0.1841816003650376
23-01-2026 13:00||NIFTY27JAN2624900PE,0.10376053642287571
23-01-2026 13:00||NIFTY27JAN2625700CE,0.1113142991140198
23-01-2026 13:00||NIFTY27JAN2626000CE,0.1450205313337046
23-01-2026 13:05||NIFTY27JAN2623800PE,0.23113119866687207
23-01-2026 13:05||NIFTY27JAN2625200CE,0.10681916060301605
23-01-2026 13:05||NIFTY27JAN2625900CE,0.1330281928261253
23-01-2026 13:10||NIFTY27JAN2623900PE,0.2210670101654091
23-01-2026 13:10||NIFTY27JAN2624000PE,0.2083379972695751
23-01-2026 13:10||NIFTY27JAN2624100PE,0.19655744989706045
23-01-2026 13:10||NIFTY27JAN2624700PE,0.12040174291267526
23-01-2026 13:10||NIFTY27JAN2625100PE,0.09177452634911554
23-01-2026 13:10||NIFTY27JAN2625800CE,0.12035281833038226
23-01-2026 13:10||NIFTY27JAN2626000CE,0.14454602329202323
23-01-2026 13:15||NIFTY27JAN2623800PE,0.22721461129452983
23-01-2026 13:15||NIFTY27JAN2624200PE,0.17934968467376255
23-01-2026 13:15||NIFTY27JAN2625300CE,0.09467101400107883
23-01-2026 13:15||NIFTY27JAN2625600CE,0.10762595880795565
23-01-2026 13:15||NIFTY27JAN2625900CE,0.1373106924087396
23-01-2026 13:15||NIFTY27JAN2626000CE,0.14998217788739573
23-01-2026 13:20||NIFTY27JAN2624700PE,0.1211880021621646
23-01-2026 13:20||NIFTY27JAN2624800PE,0.1146800931045729
23-01-2026 13:20||NIFTY27JAN2625700CE,0.12051368366226664
23-01-2026 13:20||NIFTY27JAN2626200CE,0.17719905311171608
23-01-2026 13:20||NIFTY27JAN2626500CE,0.2107512913017814
23-01-2026 13:25||NIFTY27JAN2624100PE,0.18781130831053702
23-01-2026 13:25||NIFTY27JAN2624500PE,0.13799471580241
23-01-2026 13:25||NIFTY27JAN2625000PE,0.10290331328004484
23-01-2026 13:25||NIFTY27JAN2625400CE,0.10250898074238364
23-01-2026 13:30||NIFTY27JAN2624700PE,0.12775409703383506
23-01-2026 13:30||NIFTY27JAN2624800PE,0.12242133818428967
23-01-2026 13:30||NIFTY27JAN2625000PE,0.11625876913020491
23-01-2026 13:30||NIFTY27JAN2625400CE,0.10926627665619122
23-01-2026 13:30||NIFTY27JAN2625700CE,0.13075871465475414
23-01-2026 13:30||NIFTY27JAN2626000CE,0.1664894486919439
23-01-2026 13:35||NIFTY27JAN2623900PE,0.20854420961912615
23-01-2026 13:35||NIFTY27JAN2624100PE,0.1840689911180906
23-01-2026 13:35||NIFTY27JAN2624900PE,0.11053498044945276
23-01-2026 13:35||NIFTY27JAN2625600CE,0.12393598545147369
23-01-2026 13:35||NIFTY27JAN2626000CE,0.16759182577961115
23-01-2026 13:35||NIFTY27JAN2626200CE,0.18980011667605612
23-01-2026 13:35||NIFTY27JAN2626500CE,0.2228660259022472
23-01-2026 13:40||NIFTY27JAN2623900PE,0.21295278112500954
23-01-2026 13:40||NIFTY27JAN2624600PE,0.13604873985001686
23-01-2026 13:40||NIFTY27JAN2624900PE,0.1212670355135278
23-01-2026 13:40||NIFTY27JAN2625700CE,0.13252726132676132
23-01-2026 13:40||NIFTY27JAN2625800CE,0.1447897810544428
23-01-2026 13:40||NIFTY27JAN2626300CE,0.20138433384725068
23-01-2026 13:45||NIFTY27JAN2623900PE,0.2061904820755103
23-01-2026 13:45||NIFTY27JAN2624000PE,0.19425471222890187
23-01-2026 13:45||NIFTY27JAN2624500PE,0.1345856650464093
23-01-2026 13:45||NIFTY27JAN2624600PE,0.12545695439056315
23-01-2026 13:45||NIFTY27JAN2625000PE,0.10174516827563782
23-01-2026 13:45||NIFTY27JAN2625300CE,0.11333011625642785
23-01-2026 13:45||NIFTY27JAN2626100CE,0.1832659956227742
23-01-2026 13:45||NIFTY27JAN2626300CE,0.2057722945257629
23-01-2026 13:50||NIFTY27JAN2624000PE,0.19472980538886983
23-01-2026 13:50||NIFTY27JAN2624500PE,0.1342737813734523
23-01-2026 13:50||NIFTY27JAN2625100PE,0.09862135439164903
23-01-2026 13:50||NIFTY27JAN2626400CE,0.21729920042345538
23-01-2026 13:55||NIFTY27JAN2625500CE,0.12222919453529449
23-01-2026 13:55||NIFTY27JAN2625700CE,0.13651274031111335
23-01-2026 13:55||NIFTY27JAN2625800CE,0.14818541893665427
23-01-2026 13:55||NIFTY27JAN2626400CE,0.21582571151985483
23-01-2026 13:55||NIFTY27JAN2626500CE,0.22717690555104947
23-01-2026 14:00||NIFTY27JAN2624200PE,0.16862516736520222
23-01-2026 14:00||NIFTY27JAN2624300PE,0.1560769117972201
23-01-2026 14:00||NIFTY27JAN2625300CE,0.11542101969971788
23-01-2026 14:00||NIFTY27JAN2625400CE,0.11838513018798556
23-01-2026 14:00||NIFTY27JAN2625500CE,0.1226341421969517
23-01-2026 14:00||NIFTY27JAN2625800CE,0.14664597926701917
23-01-2026 14:05||NIFTY27JAN2624200PE,0.1705773437953822
23-01-2026 14:05||NIFTY27JAN2624800PE,0.11130856944208053
23-01-2026 14:05||NIFTY27JAN2626300CE,0.2007160518927896
23-01-2026 14:10||NIFTY27JAN2623900PE,0.20880818295552964
23-01-2026 14:10||NIFTY27JAN2625800CE,0.14643195141120757
23-01-2026 14:10||NIFTY27JAN2626400CE,0.21293291840877382
23-01-2026 14:15||NIFTY27JAN2625000PE,0.11376447932727346
23-01-2026 14:15||NIFTY27JAN2625400CE,0.10772962087535506
23-01-2026 14:15||NIFTY27JAN2626400CE,0.2064640310568815
23-01-2026 14:20||NIFTY27JAN2624100PE,0.18513220919464687
23-01-2026 14:20||NIFTY27JAN2624800PE,0.11533421151193969
23-01-2026 14:20||NIFTY27JAN2625400CE,0.11227878756803153
23-01-2026 14:20||NIFTY27JAN2625600CE,0.12477417858459246
23-01-2026 14:20||NIFTY27JAN2625800CE,0.1440178340279477
23-01-2026 14:20||NIFTY27JAN2626400CE,0.20991416196845636
23-01-2026 14:20||NIFTY27JAN2626500CE,0.22059367056385773
23-01-2026 14:25||NIFTY27JAN2624200PE,0.16630219674763222
23-01-2026 14:25||NIFTY27JAN2624400PE,0.14155861777845022
23-01-2026 14:25||NIFTY27JAN2624500PE,0.12915668604557912
23-01-2026 14:25||NIFTY27JAN2625200CE,0.11699194660037798
23-01-2026 14:25||NIFTY27JAN2626200CE,0.18684843907244839
23-01-2026 14:25||NIFTY27JAN2626300CE,0.1983050456052838
23-01-2026 14:25||NIFTY27JAN2626400CE,0.20932166600626534
23-01-2026 14:30||NIFTY27JAN2624600PE,0.12188210635110079
23-01-2026 14:30||NIFTY27JAN2625700CE,0.13270738650262232
23-01-2026 14:35||NIFTY27JAN2623900PE,0.21104324084584286
23-01-2026 14:35||NIFTY27JAN2624500PE,0.13307958599158032
23-01-2026 14:35||NIFTY27JAN2624700PE,0.11455612813450884
23-01-2026 14:35||NIFTY27JAN2625400CE,0.11033654376303544
23-01-2026 14:35||NIFTY27JAN2625600CE,0.12089054119817629
23-01-2026 14:35||NIFTY27JAN2625800CE,0.1372814431194488
23-01-2026 14:35||NIFTY27JAN2625900CE,0.14828905335479584
23-01-2026 14:35||NIFTY27JAN2626000CE,0.16100845495574267
23-01-2026 14:35||NIFTY27JAN2626300CE,0.19420121217720293
23-01-2026 14:40||NIFTY27JAN2623900PE,0.21285353740201257
23-01-2026 14:40||NIFTY27JAN2624300PE,0.16115391329616474
23-01-2026 14:40||NIFTY27JAN2624400PE,0.1486838512862358
23-01-2026 14:40||NIFTY27JAN2625000PE,0.10037349415590273
23-01-2026 14:40||NIFTY27JAN2625100PE,0.09457262116527887
23-01-2026 14:40||NIFTY27JAN2625200CE,0.10500632718693813
23-01-2026 14:40||NIFTY27JAN2625700CE,0.1307997161138523
23-01-2026 14:40||NIFTY27JAN2625800CE,0.14173763620266333
23-01-2026 14:40||NIFTY27JAN2626400CE,0.20647504649308604
23-01-2026 14:45||NIFTY27JAN2624400PE,0.14899167332083557
23-01-2026 14:45||NIFTY27JAN2624700PE,0.12034888581932612
23-01-2026 14:45||NIFTY27JAN2625100PE,0.10416262116527852
23-01-2026 14:45||NIFTY27JAN2625400CE,0.10842504557501695
23-01-2026 14:45||NIFTY27JAN2625600CE,0.12268577246750073
23-01-2026 14:45||NIFTY27JAN2626000CE,0.1637231517270424
23-01-2026 14:45||NIFTY27JAN2626200CE,0.18476024118507842
23-01-2026 14:50||NIFTY27JAN2623800PE,0.21780904240182464
23-01-2026 14:50||NIFTY27JAN2624500PE,0.12980243738310668
23-01-2026 14:50||NIFTY27JAN2624800PE,0.10282262937096935
23-01-2026 14:50||NIFTY27JAN2625200CE,0.11015720263743631
23-01-2026 14:50||NIFTY27JAN2625300CE,0.11182945001299859
23-01-2026 14:50||NIFTY27JAN2625500CE,0.12078367073512437
23-01-2026 14:55||NIFTY27JAN2623900PE,0.21050296474903732
23-01-2026 14:55||NIFTY27JAN2624400PE,0.1469243879355385
23-01-2026 14:55||NIFTY27JAN2625200CE,0.10474720263743806
23-01-2026 14:55||NIFTY27JAN2625900CE,0.15008805448512272
23-01-2026 14:55||NIFTY27JAN2626200CE,0.1829686390895798
23-01-2026 15:00||NIFTY27JAN2623900PE,0.20968668213504119
23-01-2026 15:00||NIFTY27JAN2624100PE,0.18471590011839595
23-01-2026 15:00||NIFTY27JAN2624300PE,0.158513323884226
23-01-2026 15:00||NIFTY27JAN2624600PE,0.12452999255777376
23-01-2026 15:05||NIFTY27JAN2623900PE,0.20702741113143455
23-01-2026 15:05||NIFTY27JAN2624800PE,0.11889890520794999
23-01-2026 15:05||NIFTY27JAN2626200CE,0.193324649014163
23-01-2026 15:10||NIFTY27JAN2623800PE,0.21813079104197522
23-01-2026 15:10||NIFTY27JAN2624000PE,0.19327354793648308
23-01-2026 15:10||NIFTY27JAN2624200PE,0.16729559234332175
23-01-2026 15:10||NIFTY27JAN2624600PE,0.12170078626664332
23-01-2026 15:10||NIFTY27JAN2625000PE,0.09977192401873898
23-01-2026 15:10||NIFTY27JAN2625300CE,0.11272925693456716
23-01-2026 15:10||NIFTY27JAN2625700CE,0.13981554491252693
23-01-2026 15:10||NIFTY27JAN2626100CE,0.18274154313189317
23-01-2026 15:10||NIFTY27JAN2626200CE,0.1946707700796758
23-01-2026 15:10||NIFTY27JAN2626300CE,0.20637778620501562
23-01-2026 15:15||NIFTY27JAN2624100PE,0.1823396604601875
23-01-2026 15:15||NIFTY27JAN2624200PE,0.16809526530646896
23-01-2026 15:15||NIFTY27JAN2625000PE,0.1042838709894834
23-01-2026 15:20||NIFTY27JAN2623800PE,0.2199036749900445
23-01-2026 15:20||NIFTY27JAN2623900PE,0.2064193020837221
23-01-2026 15:20||NIFTY27JAN2624800PE,0.10265404189997442
23-01-2026 15:20||NIFTY27JAN2625400CE,0.12141620675557954
23-01-2026 15:20||NIFTY27JAN2625500CE,0.12540467578858933
23-01-2026 15:20||NIFTY27JAN2625700CE,0.1423097978306845
23-01-2026 15:20||NIFTY27JAN2625900CE,0.16330388604966478
23-01-2026 15:20||NIFTY27JAN2626200CE,0.19658757721801828
23-01-2026 15:25||NIFTY27JAN2624500PE,0.1282135413952492
23-01-2026 15:25||NIFTY27JAN2624600PE,0.11548364847748657
23-01-2026 15:25||NIFTY27JAN2625700CE,0.1404331911576587
27-01-2026 09:15||NIFTY27JAN2626200CE,0.6661014494532417
27-01-2026 09:15||NIFTY27JAN2626400CE,0.7560248728883591
27-01-2026 09:15||NIFTY27JAN2626500CE,0.7999265188498819
27-01-2026 09:20||NIFTY27JAN2624400PE,0.4321207818766551
27-01-2026 09:20||NIFTY27JAN2624900PE,0.39969269177005945
27-01-2026 09:20||NIFTY27JAN2625100PE,0.4297986619997828
27-01-2026 09:20||NIFTY27JAN2625400CE,0.4044741474049655
27-01-2026 09:20||NIFTY27JAN2625500CE,0.4382944346158113
27-01-2026 09:20||NIFTY27JAN2625600CE,0.4761698865782203
27-01-2026 09:20||NIFTY27JAN2625700CE,0.5158919871113844
27-01-2026 09:20||NIFTY27JAN2626500CE,0.8915953283736848
27-01-2026 09:25||NIFTY27JAN2623900PE,0.6523017536781883
27-01-2026 09:25||NIFTY27JAN2624600PE,0.34078582145982245
27-01-2026 09:25||NIFTY27JAN2625100PE,0.2684536619997825
27-01-2026 09:25||NIFTY27JAN2625500CE,0.45741702298548015
27-01-2026 09:25||NIFTY27JAN2625900CE,0.6335949610458802
27-01-2026 09:25||NIFTY27JAN2626500CE,0.9216619950403513
27-01-2026 09:30||NIFTY27JAN2624400PE,0.400615665146076
27-01-2026 09:30||NIFTY27JAN2624800PE,0.27258279029241167
27-01-2026 09:30||NIFTY27JAN2624900PE,0.2568693842378869
27-01-2026 09:30||NIFTY27JAN2625400CE,0.43844879123897273
27-01-2026 09:30||NIFTY27JAN2625600CE,0.4953737235245147
27-01-2026 09:30||NIFTY27JAN2625800CE,0.5848229820497155
27-01-2026 09:30||NIFTY27JAN2626100CE,0.7387462074771343
27-01-2026 09:30||NIFTY27JAN2626400CE,0.8805054700220684
27-01-2026 09:35||NIFTY27JAN2623800PE,0.7392526409313748
27-01-2026 09:35||NIFTY27JAN2624500PE,0.3948066760511774
27-01-2026 09:35||NIFTY27JAN2625700CE,0.4859274080311982
27-01-2026 09:35||NIFTY27JAN2626200CE,0.7257015815327021
27-01-2026 09:45||NIFTY27JAN2623800PE,0.81639681459552
27-01-2026 09:45||NIFTY27JAN2624000PE,0.7261480168970295
27-01-2026 09:45||NIFTY27JAN2624500PE,0.4789365035568614
27-01-2026 09:45||NIFTY27JAN2625000PE,0.33052007420230745
27-01-2026 09:45||NIFTY27JAN2625600CE,0.36769822955968984
27-01-2026 09:45||NIFTY27JAN2626200CE,0.6416512475946358
27-01-2026 09:45||NIFTY27JAN2626300CE,0.6928217124744349
27-01-2026 09:50||NIFTY27JAN2623800PE,0.8181244336431481
27-01-2026 09:50||NIFTY27JAN2624200PE,0.6306277823695087
27-01-2026 09:50||NIFTY27JAN2624800PE,0.3806233658726237
27-01-2026 09:50||NIFTY27JAN2624900PE,0.36357545501631783
27-01-2026 09:50||NIFTY27JAN2626300CE,0.6985286635416599
27-01-2026 09:55||NIFTY27JAN2624100PE,0.6780173581530513
27-01-2026 09:55||NIFTY27JAN2624700PE,0.40058774812443326
27-01-2026 09:55||NIFTY27JAN2624800PE,0.3876970433949518
27-01-2026 09:55||NIFTY27JAN2625000PE,0.36149624559755755
27-01-2026 09:55||NIFTY27JAN2625700CE,0.40642177136038127
27-01-2026 09:55||NIFTY27JAN2626000CE,0.5627791076090508
27-01-2026 09:55||NIFTY27JAN2626200CE,0.6662815054615557
27-01-2026 10:00||NIFTY27JAN2624000PE,0.7376000619965745
27-01-2026 10:00||NIFTY27JAN2625300CE,0.31458052413027005
27-01-2026 10:00||NIFTY27JAN2625400CE,0.3122791711790839
27-01-2026 10:00||NIFTY27JAN2625600CE,0.36208386608268217
27-01-2026 10:00||NIFTY27JAN2625800CE,0.45358155835638714
27-01-2026 10:00||NIFTY27JAN2626100CE,0.6106489951410963
27-01-2026 10:00||NIFTY27JAN2626400CE,0.7598728860288569
27-01-2026 10:00||NIFTY27JAN2626500CE,0.8017783259378818
27-01-2026 10:05||NIFTY27JAN2623800PE,0.8356095446969344
27-01-2026 10:05||NIFTY27JAN2623900PE,0.7827803752517394
27-01-2026 10:05||NIFTY27JAN2624100PE,0.6840536992411836
27-01-2026 10:05||NIFTY27JAN2626400CE,0.7640699263850691
27-01-2026 10:10||NIFTY27JAN2624200PE,0.6101019404068909
27-01-2026 10:10||NIFTY27JAN2624900PE,0.3065734340319447
27-01-2026 10:10||NIFTY27JAN2625300CE,0.37460590840505864
27-01-2026 10:10||NIFTY27JAN2625600CE,0.38910446714719243
27-01-2026 10:15||NIFTY27JAN2625800CE,0.46171418103573936
27-01-2026 10:20||NIFTY27JAN2623900PE,0.8269625056234119
27-01-2026 10:20||NIFTY27JAN2624500PE,0.516490932545047
27-01-2026 10:20||NIFTY27JAN2624600PE,0.46179058675955226
27-01-2026 10:20||NIFTY27JAN2624800PE,0.3902178580241748
27-01-2026 10:20||NIFTY27JAN2625000PE,0.3365875799276506
27-01-2026 10:20||NIFTY27JAN2625400CE,0.30002557066418184
27-01-2026 10:20||NIFTY27JAN2625800CE,0.43992128012941956
27-01-2026 10:25||NIFTY27JAN2624600PE,0.46341988549170715
27-01-2026 10:25||NIFTY27JAN2624900PE,0.3948027603720497
27-01-2026 10:25||NIFTY27JAN2626000CE,0.5594530822015921
27-01-2026 10:25||NIFTY27JAN2626300CE,0.7147241931128384
27-01-2026 10:25||NIFTY27JAN2626400CE,0.7600288520873429
27-01-2026 10:30||NIFTY27JAN2624100PE,0.7003962459299408
27-01-2026 10:30||NIFTY27JAN2624800PE,0.36775853727711255
27-01-2026 10:30||NIFTY27JAN2625400CE,0.32083630261025237
27-01-2026 10:30||NIFTY27JAN2625600CE,0.3785443520870567
27-01-2026 10:30||NIFTY27JAN2625900CE,0.5319577459736892
27-01-2026 10:30||NIFTY27JAN2626200CE,0.6988204215179821
27-01-2026 10:35||NIFTY27JAN2624300PE,0.59634550355196
27-01-2026 10:35||NIFTY27JAN2624400PE,0.5402145931569707
27-01-2026 10:35||NIFTY27JAN2624800PE,0.38043569000102256
27-01-2026 10:35||NIFTY27JAN2625200CE,0.266079999999992
27-01-2026 10:35||NIFTY27JAN2625300CE,0.27899409705534256
27-01-2026 10:35||NIFTY27JAN2625700CE,0.429516818343979
27-01-2026 10:40||NIFTY27JAN2624400PE,0.5144794861483563
27-01-2026 10:40||NIFTY27JAN2625200CE,0.26052000000000264
27-01-2026 10:40||NIFTY27JAN2625700CE,0.45306022072402125
27-01-2026 10:40||NIFTY27JAN2626100CE,0.6754429490216942
27-01-2026 10:40||NIFTY27JAN2626200CE,0.732168930198403
27-01-2026 10:45||NIFTY27JAN2624000PE,0.7039449353875544
27-01-2026 10:45||NIFTY27JAN2624700PE,0.3484463318572041
27-01-2026 10:45||NIFTY27JAN2624900PE,0.313077687844199
27-01-2026 10:45||NIFTY27JAN2625500CE,0.38797011715880475
27-01-2026 10:45||NIFTY27JAN2626200CE,0.7821868805978035
27-01-2026 10:45||NIFTY27JAN2626400CE,0.8707655461519298
27-01-2026 10:50||NIFTY27JAN2623900PE,0.7656283953172802
27-01-2026 10:50||NIFTY27JAN2624000PE,0.7122992112238369
27-01-2026 10:50||NIFTY27JAN2624600PE,0.3890022461282125
27-01-2026 10:50||NIFTY27JAN2625000PE,0.3923634698518028
27-01-2026 10:50||NIFTY27JAN2625200CE,0.3047099999999977
27-01-2026 10:50||NIFTY27JAN2625400CE,0.36996985768955476
27-01-2026 10:50||NIFTY27JAN2625700CE,0.5235959304843664
27-01-2026 10:55||NIFTY27JAN2623900PE,0.752617216889861
27-01-2026 10:55||NIFTY27JAN2624400PE,0.46511435203250445
27-01-2026 10:55||NIFTY27JAN2624900PE,0.358787363054628
27-01-2026 10:55||NIFTY27JAN2625000PE,0.37047867558445224
27-01-2026 10:55||NIFTY27JAN2625300CE,0.36099840873187944
27-01-2026 10:55||NIFTY27JAN2625400CE,0.38810964973548373
27-01-2026 10:55||NIFTY27JAN2625600CE,0.48115920021639796
27-01-2026 10:55||NIFTY27JAN2626400CE,0.9242438769342631
27-01-2026 11:00||NIFTY27JAN2623800PE,0.833497676714527
27-01-2026 11:00||NIFTY27JAN2623900PE,0.7665512516926287
27-01-2026 11:00||NIFTY27JAN2624300PE,0.5152511155232695
27-01-2026 11:00||NIFTY27JAN2625200CE,0.3078299999999755
27-01-2026 11:00||NIFTY27JAN2625300CE,0.3487093848211847
27-01-2026 11:00||NIFTY27JAN2625400CE,0.39264171782332064
27-01-2026 11:00||NIFTY27JAN2626300CE,0.8890240455985078
27-01-2026 11:05||NIFTY27JAN2623800PE,0.831986779278624
27-01-2026 11:05||NIFTY27JAN2624100PE,0.6661905218939953
27-01-2026 11:05||NIFTY27JAN2624200PE,0.5994628573228814
27-01-2026 11:05||NIFTY27JAN2624900PE,0.3174324983933581
27-01-2026 11:05||NIFTY27JAN2625300CE,0.37773183550372963
27-01-2026 11:05||NIFTY27JAN2625700CE,0.5427594522318392
27-01-2026 11:10||NIFTY27JAN2624200PE,0.6120873965593828
27-01-2026 11:10||NIFTY27JAN2624400PE,0.48929435596630805
27-01-2026 11:10||NIFTY27JAN2624900PE,0.3099768979294446
27-01-2026 11:10||NIFTY27JAN2625300CE,0.3740945144592361
27-01-2026 11:10||NIFTY27JAN2625500CE,0.43288104045660897
27-01-2026 11:10||NIFTY27JAN2625800CE,0.601769134832245
27-01-2026 11:10||NIFTY27JAN2626500CE,0.9996738208554828
27-01-2026 11:15||NIFTY27JAN2624300PE,0.551015874973344
27-01-2026 11:15||NIFTY27JAN2625000PE,0.2911215053325638
27-01-2026 11:15||NIFTY27JAN2625100PE,0.25851135688498295
27-01-2026 11:15||NIFTY27JAN2626400CE,0.9321990931272999
27-01-2026 11:20||NIFTY27JAN2625300CE,0.3410932759692351
27-01-2026 11:20||NIFTY27JAN2626100CE,0.7584444792271158
27-01-2026 11:25||NIFTY27JAN2623800PE,0.861915960952606
27-01-2026 11:25||NIFTY27JAN2624000PE,0.7590358645134752
27-01-2026 11:25||NIFTY27JAN2624200PE,0.6385850732242837
27-01-2026 11:25||NIFTY27JAN2624900PE,0.28967960131716597
27-01-2026 11:25||NIFTY27JAN2625600CE,0.47378885710940677
27-01-2026 11:25||NIFTY27JAN2626500CE,0.9861513975343202
27-01-2026 11:30||NIFTY27JAN2624200PE,0.6728374227012843
27-01-2026 11:30||NIFTY27JAN2625100PE,0.31674206786998393
27-01-2026 11:30||NIFTY27JAN2625600CE,0.4438925613678414
27-01-2026 11:30||NIFTY27JAN2625900CE,0.6148175749017841
27-01-2026 11:30||NIFTY27JAN2626200CE,0.7930394754877881
27-01-2026 11:35||NIFTY27JAN2624000PE,0.795085793544596
27-01-2026 11:35||NIFTY27JAN2624900PE,0.3080791188317787
27-01-2026 11:35||NIFTY27JAN2625200CE,0.3372000000000023
27-01-2026 11:40||NIFTY27JAN2623800PE,0.9257300016451238
27-01-2026 11:40||NIFTY27JAN2624000PE,0.8163622711944022
27-01-2026 11:40||NIFTY27JAN2626000CE,0.6498299869529293
27-01-2026 11:40||NIFTY27JAN2626300CE,0.8154759364626415
27-01-2026 11:45||NIFTY27JAN2624300PE,0.671617230591391
27-01-2026 11:45||NIFTY27JAN2624400PE,0.5993290068223293
27-01-2026 11:45||NIFTY27JAN2624500PE,0.539311057871176
27-01-2026 11:45||NIFTY27JAN2626100CE,0.6733472751201824
27-01-2026 11:45||NIFTY27JAN2626400CE,0.8297377846388977
27-01-2026 11:50||NIFTY27JAN2624700PE,0.4100644444743948
27-01-2026 11:50||NIFTY27JAN2624900PE,0.37377314675529233
27-01-2026 11:50||NIFTY27JAN2625700CE,0.4720982494147699
27-01-2026 11:50||NIFTY27JAN2626000CE,0.6433729360718781
27-01-2026 11:55||NIFTY27JAN2623900PE,0.8815003583397142
27-01-2026 11:55||NIFTY27JAN2624000PE,0.8275007332866495
27-01-2026 11:55||NIFTY27JAN2624400PE,0.5565079306763431
27-01-2026 11:55||NIFTY27JAN2624500PE,0.49197662781780516
27-01-2026 11:55||NIFTY27JAN2624800PE,0.3586678088223646
27-01-2026 11:55||NIFTY27JAN2625200CE,0.3752899999999987
27-01-2026 11:55||NIFTY27JAN2625400CE,0.3794439416998072
27-01-2026 11:55||NIFTY27JAN2626500CE,0.9539407333584833
27-01-2026 12:00||NIFTY27JAN2624200PE,0.7058836317092755
27-01-2026 12:00||NIFTY27JAN2624300PE,0.6338241711185655
27-01-2026 12:00||NIFTY27JAN2624500PE,0.5129213400994806
27-01-2026 12:00||NIFTY27JAN2625100PE,0.28336660945162423
27-01-2026 12:00||NIFTY27JAN2625500CE,0.4038605930770954
27-01-2026 12:00||NIFTY27JAN2626100CE,0.7089031484720417
27-01-2026 12:00||NIFTY27JAN2626400CE,0.8900992759947961
27-01-2026 12:00||NIFTY27JAN2626500CE,0.9360126381203997
27-01-2026 12:05||NIFTY27JAN2624500PE,0.5322692932902121
27-01-2026 12:05||NIFTY27JAN2624700PE,0.4268696650300338
27-01-2026 12:05||NIFTY27JAN2625100PE,0.3238266094516237
27-01-2026 12:05||NIFTY27JAN2625900CE,0.5954904402598205
27-01-2026 12:05||NIFTY27JAN2626500CE,0.9353507333584872
27-01-2026 12:10||NIFTY27JAN2624400PE,0.6041088036726088
27-01-2026 12:10||NIFTY27JAN2625700CE,0.4873106172442786
27-01-2026 12:10||NIFTY27JAN2626400CE,0.9059791822470804
27-01-2026 12:15||NIFTY27JAN2624500PE,0.5529699994436715
27-01-2026 12:15||NIFTY27JAN2624600PE,0.48844152775592736
27-01-2026 12:15||NIFTY27JAN2626000CE,0.6755727864537783
27-01-2026 12:15||NIFTY27JAN2626200CE,0.7961659211362694
27-01-2026 12:20||NIFTY27JAN2624000PE,0.8745731683365303
27-01-2026 12:20||NIFTY27JAN2624200PE,0.7561065419446007
27-01-2026 12:20||NIFTY27JAN2625000PE,0.2981901615352465
27-01-2026 12:20||NIFTY27JAN2625300CE,0.37809062623290834
27-01-2026 12:20||NIFTY27JAN2625600CE,0.44881549739375454
27-01-2026 12:25||NIFTY27JAN2624100PE,0.8433549458172779
27-01-2026 12:25||NIFTY27JAN2624700PE,0.4602454799820515
27-01-2026 12:25||NIFTY27JAN2625400CE,0.3255741997745117
27-01-2026 12:25||NIFTY27JAN2625900CE,0.6208493423045278
27-01-2026 12:30||NIFTY27JAN2625300CE,0.34482937486208187
27-01-2026 12:35||NIFTY27JAN2624100PE,0.8467631371915826
27-01-2026 12:35||NIFTY27JAN2624400PE,0.6423303242161258
27-01-2026 12:35||NIFTY27JAN2624900PE,0.38973543718222886
27-01-2026 12:35||NIFTY27JAN2625100PE,0.3393559587024554
27-01-2026 12:35||NIFTY27JAN2625800CE,0.6079152386224933
27-01-2026 12:35||NIFTY27JAN2626100CE,0.7859529679282422
27-01-2026 12:40||NIFTY27JAN2624200PE,0.7779173306239695
27-01-2026 12:40||NIFTY27JAN2624700PE,0.4383234902291489
27-01-2026 12:40||NIFTY27JAN2624800PE,0.3992509846691224
27-01-2026 12:40||NIFTY27JAN2624900PE,0.3692029104019284
27-01-2026 12:40||NIFTY27JAN2625100PE,0.29799595870245443
27-01-2026 12:40||NIFTY27JAN2625200CE,0.3450200000000029
27-01-2026 12:40||NIFTY27JAN2625900CE,0.6840565925201846
27-01-2026 12:40||NIFTY27JAN2626000CE,0.7508977690899273
27-01-2026 12:40||NIFTY27JAN2626300CE,0.9282525733104898
27-01-2026 12:45||NIFTY27JAN2625200CE,0.30670000000000586
27-01-2026 12:45||NIFTY27JAN2625700CE,0.5653830524066146
27-01-2026 12:45||NIFTY27JAN2625900CE,0.7017042903657599
27-01-2026 12:45||NIFTY27JAN2626200CE,0.8959129434635178
27-01-2026 12:50||NIFTY27JAN2624600PE,0.4745537551784679
27-01-2026 12:50||NIFTY27JAN2625000PE,0.28714000000000206
27-01-2026 12:50||NIFTY27JAN2625100PE,0.22432460884048758
27-01-2026 12:50||NIFTY27JAN2625900CE,0.7290894025570142
27-01-2026 12:50||NIFTY27JAN2626200CE,0.927047857597344
27-01-2026 12:50||NIFTY27JAN2626500CE,1.0931850000000043
27-01-2026 12:55||NIFTY27JAN2623900PE,1.0214631084746866
27-01-2026 12:55||NIFTY27JAN2624000PE,0.9567990094185743
27-01-2026 12:55||NIFTY27JAN2625500CE,0.4443873057931254
27-01-2026 12:55||NIFTY27JAN2625600CE,0.5164060965414531
27-01-2026 12:55||NIFTY27JAN2625800CE,0.6531562548532805
27-01-2026 12:55||NIFTY27JAN2626200CE,0.9205174504286509
27-01-2026 13:00||NIFTY27JAN2624100PE,0.8885452249397574
27-01-2026 13:00||NIFTY27JAN2624500PE,0.5862919550913877
27-01-2026 13:00||NIFTY27JAN2625400CE,0.3910839221693719
27-01-2026 13:00||NIFTY27JAN2626000CE,0.7935395879600617
27-01-2026 13:05||NIFTY27JAN2623900PE,1.0297764441651005
27-01-2026 13:05||NIFTY27JAN2624500PE,0.5804007778267579
27-01-2026 13:05||NIFTY27JAN2624800PE,0.39148366128306744
27-01-2026 13:10||NIFTY27JAN2624200PE,0.8277348268014252
27-01-2026 13:10||NIFTY27JAN2624500PE,0.6110713769270764
27-01-2026 13:10||NIFTY27JAN2624600PE,0.5363927842319928
27-01-2026 13:10||NIFTY27JAN2624700PE,0.4645193867042178
27-01-2026 13:15||NIFTY27JAN2624400PE,0.6923980251305739
27-01-2026 13:15||NIFTY27JAN2625000PE,0.3249335717207176
27-01-2026 13:15||NIFTY27JAN2625200CE,0.3935700000000052
27-01-2026 13:15||NIFTY27JAN2626300CE,1.0582196558584427
27-01-2026 13:20||NIFTY27JAN2624000PE,1.007817842342112
27-01-2026 13:20||NIFTY27JAN2624200PE,0.8575652078203028
27-01-2026 13:20||NIFTY27JAN2624600PE,0.5299989273074769
27-01-2026 13:20||NIFTY27JAN2624900PE,0.3458741957463861
27-01-2026 13:20||NIFTY27JAN2625700CE,0.6328994754160756
27-01-2026 13:20||NIFTY27JAN2625900CE,0.7837133780653364
27-01-2026 13:25||NIFTY27JAN2623800PE,1.1818390327834671
27-01-2026 13:25||NIFTY27JAN2625100PE,0.24655312701741086
27-01-2026 13:25||NIFTY27JAN2625700CE,0.6360288920088745
27-01-2026 13:30||NIFTY27JAN2624100PE,1.0175691094932422
27-01-2026 13:30||NIFTY27JAN2624300PE,0.8494138481211404
27-01-2026 13:30||NIFTY27JAN2625100PE,0.3070231270174095
27-01-2026 13:30||NIFTY27JAN2625400CE,0.42478673052773164
27-01-2026 13:30||NIFTY27JAN2626300CE,1.0927062250651713
27-01-2026 13:35||NIFTY27JAN2623900PE,1.1482275020547044
27-01-2026 13:35||NIFTY27JAN2624300PE,0.8527335287779525
27-01-2026 13:35||NIFTY27JAN2624400PE,0.7552159393324317
27-01-2026 13:35||NIFTY27JAN2624600PE,0.6141179081788205
27-01-2026 13:35||NIFTY27JAN2624800PE,0.5353446463849993
27-01-2026 13:35||NIFTY27JAN2625300CE,0.3477513347882885
27-01-2026 13:35||NIFTY27JAN2625600CE,0.57569329657993
27-01-2026 13:35||NIFTY27JAN2626000CE,0.9056607950624829
27-01-2026 13:35||NIFTY27JAN2626200CE,1.0673776798125647
27-01-2026 13:35||NIFTY27JAN2626300CE,1.1293073598088978
27-01-2026 13:35||NIFTY27JAN2626400CE,1.223936189793589
27-01-2026 13:40||NIFTY27JAN2625500CE,0.5705870484002754
27-01-2026 13:40||NIFTY27JAN2626300CE,1.1900402187708463
27-01-2026 13:45||NIFTY27JAN2623800PE,1.2431548940609465
27-01-2026 13:45||NIFTY27JAN2623900PE,1.1576002731164998
27-01-2026 13:45||NIFTY27JAN2624100PE,1.0059247624958558
27-01-2026 13:45||NIFTY27JAN2624700PE,0.46990208700326397
27-01-2026 13:45||NIFTY27JAN2625300CE,0.4664548309739464
27-01-2026 13:45||NIFTY27JAN2625600CE,0.6563798683897453
27-01-2026 13:45||NIFTY27JAN2625700CE,0.7392392870303596
27-01-2026 13:45||NIFTY27JAN2625800CE,0.8305969368324455
27-01-2026 13:45||NIFTY27JAN2625900CE,0.9085757192073367
27-01-2026 13:45||NIFTY27JAN2626000CE,0.9895392571910666
27-01-2026 13:45||NIFTY27JAN2626300CE,1.2089082942196965
27-01-2026 13:45||NIFTY27JAN2626400CE,1.2902265333791605
27-01-2026 13:50||NIFTY27JAN2623900PE,1.227509422778421
27-01-2026 13:50||NIFTY27JAN2624800PE,0.44051013809795403
27-01-2026 13:50||NIFTY27JAN2625000PE,0.3743182498260366
27-01-2026 13:50||NIFTY27JAN2626200CE,1.175877790537646
27-01-2026 13:55||NIFTY27JAN2623800PE,1.33688504483461
27-01-2026 13:55||NIFTY27JAN2624000PE,1.1548202471172533
27-01-2026 13:55||NIFTY27JAN2624100PE,1.0802246560939808
27-01-2026 13:55||NIFTY27JAN2624300PE,0.8958077711606683
27-01-2026 13:55||NIFTY27JAN2624400PE,0.7774965563844918
27-01-2026 13:55||NIFTY27JAN2624600PE,0.5813881230987676
27-01-2026 13:55||NIFTY27JAN2624900PE,0.3474642860365818
27-01-2026 13:55||NIFTY27JAN2625400CE,0.5171566965146637
27-01-2026 13:55||NIFTY27JAN2625700CE,0.7978618238853598
27-01-2026 14:00||NIFTY27JAN2623800PE,1.3825983781679523
27-01-2026 14:00||NIFTY27JAN2624300PE,0.914218094949555
27-01-2026 14:00||NIFTY27JAN2624500PE,0.7084861837597561
27-01-2026 14:00||NIFTY27JAN2625000PE,0.40383000000000047
27-01-2026 14:00||NIFTY27JAN2625100PE,0.3550152311012169
27-01-2026 14:05||NIFTY27JAN2624000PE,1.1904212199129183
27-01-2026 14:05||NIFTY27JAN2624800PE,0.39047613756746624
27-01-2026 14:05||NIFTY27JAN2625400CE,0.5737646917162906
27-01-2026 14:05||NIFTY27JAN2625700CE,0.8765840930250269
27-01-2026 14:05||NIFTY27JAN2625800CE,0.9782567787613037
27-01-2026 14:05||NIFTY27JAN2626100CE,1.2436646398226783
27-01-2026 14:05||NIFTY27JAN2626200CE,1.330387448461729
27-01-2026 14:05||NIFTY27JAN2626400CE,1.5046740612283112
27-01-2026 14:10||NIFTY27JAN2623900PE,1.3112711625686155
27-01-2026 14:10||NIFTY27JAN2624000PE,1.2307484959087964
27-01-2026 14:10||NIFTY27JAN2624600PE,0.614026071429569
27-01-2026 14:10||NIFTY27JAN2625500CE,0.6624948823500502
27-01-2026 14:10||NIFTY27JAN2626000CE,1.1567602506950494
27-01-2026 14:10||NIFTY27JAN2626200CE,1.331807364811362
27-01-2026 14:15||NIFTY27JAN2624000PE,1.2731576453208624
27-01-2026 14:15||NIFTY27JAN2624400PE,0.8436060424121562
27-01-2026 14:15||NIFTY27JAN2624900PE,0.35993734291473817
27-01-2026 14:15||NIFTY27JAN2625600CE,0.7845905874719213
27-01-2026 14:15||NIFTY27JAN2625800CE,0.9903125768861732
27-01-2026 14:20||NIFTY27JAN2624100PE,1.2012460017488533
27-01-2026 14:20||NIFTY27JAN2625500CE,0.6915189881163311
27-01-2026 14:20||NIFTY27JAN2626000CE,1.1983625363304953
27-01-2026 14:20||NIFTY27JAN2626100CE,1.2922289015418509
27-01-2026 14:20||NIFTY27JAN2626500CE,1.7233533333333326
27-01-2026 14:25||NIFTY27JAN2623800PE,1.568153335760124
27-01-2026 14:25||NIFTY27JAN2623900PE,1.4434599999999917
27-01-2026 14:25||NIFTY27JAN2624000PE,1.3526844168000136
27-01-2026 14:25||NIFTY27JAN2624200PE,1.1121763494530106
27-01-2026 14:25||NIFTY27JAN2624300PE,0.9983951432380471
27-01-2026 14:25||NIFTY27JAN2624800PE,0.40693454524316863
27-01-2026 14:25||NIFTY27JAN2624900PE,0.31697734503352437
27-01-2026 14:25||NIFTY27JAN2625000PE,0.22873777358249414
27-01-2026 14:25||NIFTY27JAN2625700CE,0.9495065587258663
27-01-2026 14:30||NIFTY27JAN2624000PE,1.4243835901406787
27-01-2026 14:30||NIFTY27JAN2624200PE,1.1987306505613822
27-01-2026 14:30||NIFTY27JAN2624600PE,0.6922945635875991
27-01-2026 14:30||NIFTY27JAN2625100PE,0.24746675901355472
27-01-2026 14:30||NIFTY27JAN2626400CE,1.7754650873859537
27-01-2026 14:35||NIFTY27JAN2624000PE,1.473723962793088
27-01-2026 14:35||NIFTY27JAN2624200PE,1.2557529179870335
27-01-2026 14:35||NIFTY27JAN2624900PE,0.3420461017080527
27-01-2026 14:35||NIFTY27JAN2625000PE,0.23634078523569657
27-01-2026 14:35||NIFTY27JAN2626200CE,1.6006669255564898
27-01-2026 14:40||NIFTY27JAN2624000PE,1.58699888004594
27-01-2026 14:40||NIFTY27JAN2624800PE,0.5395571611662318
27-01-2026 14:40||NIFTY27JAN2626200CE,1.5254619691626854
27-01-2026 14:40||NIFTY27JAN2626400CE,1.7436473386696314
27-01-2026 14:45||NIFTY27JAN2624000PE,1.6425097112633158
27-01-2026 14:45||NIFTY27JAN2624200PE,1.405410422586863
27-01-2026 14:45||NIFTY27JAN2624700PE,0.7299901725684866
27-01-2026 14:45||NIFTY27JAN2625400CE,0.5530642325528208
27-01-2026 14:45||NIFTY27JAN2626400CE,1.8253205132112555
27-01-2026 14:45||NIFTY27JAN2626500CE,1.9187466666666715
27-01-2026 14:50||NIFTY27JAN2623800PE,2.047995670012768
27-01-2026 14:50||NIFTY27JAN2624000PE,1.7864605510367828
27-01-2026 14:50||NIFTY27JAN2624200PE,1.5128421702312043
27-01-2026 14:50||NIFTY27JAN2624800PE,0.6199599761735985
27-01-2026 14:50||NIFTY27JAN2625200CE,0.32402000000001097
27-01-2026 14:50||NIFTY27JAN2625900CE,1.2379948125038511
27-01-2026 14:55||NIFTY27JAN2623800PE,2.192369003346088
27-01-2026 14:55||NIFTY27JAN2624000PE,1.9856783164819949
27-01-2026 14:55||NIFTY27JAN2624800PE,0.7422605936000952
27-01-2026 14:55||NIFTY27JAN2625500CE,0.677443803467623
27-01-2026 14:55||NIFTY27JAN2625800CE,1.1572402537092499
27-01-2026 14:55||NIFTY27JAN2626400CE,1.8754396994356233
27-01-2026 15:00||NIFTY27JAN2624100PE,1.8549724741919122
27-01-2026 15:00||NIFTY27JAN2624700PE,0.8475779517484305
27-01-2026 15:00||NIFTY27JAN2625100PE,0.14422099999997612
27-01-2026 15:00||NIFTY27JAN2625400CE,0.5935350265571091
27-01-2026 15:05||NIFTY27JAN2624000PE,2.161174771174589
27-01-2026 15:05||NIFTY27JAN2624100PE,2.026048273519011
27-01-2026 15:05||NIFTY27JAN2624200PE,1.8585999180384611
27-01-2026 15:05||NIFTY27JAN2624500PE,1.2777705664428034
27-01-2026 15:05||NIFTY27JAN2626300CE,2.021834378002566
27-01-2026 15:10||NIFTY27JAN2623900PE,2.5114748183768403
27-01-2026 15:10||NIFTY27JAN2624000PE,2.3276752632999402
27-01-2026 15:10||NIFTY27JAN2624900PE,0.6159104690845846
27-01-2026 15:10||NIFTY27JAN2625400CE,0.6119762146129623
27-01-2026 15:10||NIFTY27JAN2625600CE,0.9856648856442594
27-01-2026 15:10||NIFTY27JAN2625800CE,1.345595967377037
27-01-2026 15:10||NIFTY27JAN2626000CE,1.764195662694072
27-01-2026 15:15||NIFTY27JAN2625000PE,0.5134517189237258
27-01-2026 15:15||NIFTY27JAN2625900CE,1.734073694873998
27-01-2026 15:15||NIFTY27JAN2626000CE,1.985281795191093
27-01-2026 15:15||NIFTY27JAN2626400CE,2.700767324668022
27-01-2026 15:20||NIFTY27JAN2623800PE,3.960155000000014
27-01-2026 15:20||NIFTY27JAN2623900PE,3.6597800000000125
27-01-2026 15:20||NIFTY27JAN2624900PE,0.9512753000868819
27-01-2026 15:20||NIFTY27JAN2625500CE,0.9487165557569784
27-01-2026 15:20||NIFTY27JAN2626000CE,2.323784507905935
27-01-2026 15:20||NIFTY27JAN2626300CE,3.0809508695645174
27-01-2026 15:20||NIFTY27JAN2626400CE,3.371977361402714
27-01-2026 15:25||NIFTY27JAN2623800PE,5.790596666666686
27-01-2026 15:25||NIFTY27JAN2624900PE,1.493244322395801
27-01-2026 15:25||NIFTY27JAN2625100PE,0.6723099999999965
27-01-2026 15:25||NIFTY27JAN2626100CE,3.4023378420641985
27-01-2026 15:25||NIFTY27JAN2626300CE,4.118282857142829
27-01-2026 15:25||NIFTY27JAN2626400CE,4.455808302868207
27-01-2026 15:25||NIFTY27JAN2626500CE,4.830027041709331
